{
  "type": "FeatureCollection",
  "name": "spa-travel-review",
  "properties": {
    "note": "Районы проживания не входят в лимит рекомендованных POI; гостиницы связаны с районами."
  },
  "features": [
    {
      "type": "Feature",
      "geometry": {
        "type": "MultiPolygon",
        "coordinates": [
          [
            [
              [
                5.921657025,
                50.588527621
              ],
              [
                5.92006291,
                50.58119698
              ],
              [
                5.916254131,
                50.574205081
              ],
              [
                5.910377867,
                50.567820399
              ],
              [
                5.902660429,
                50.562287996
              ],
              [
                5.893398489,
                50.557820145
              ],
              [
                5.882947667,
                50.554588229
              ],
              [
                5.871708908,
                50.552716198
              ],
              [
                5.860113183,
                50.552275846
              ],
              [
                5.84860506,
                50.553284074
              ],
              [
                5.837625787,
                50.555702242
              ],
              [
                5.827596479,
                50.55943764
              ],
              [
                5.818902066,
                50.564347017
              ],
              [
                5.81187657,
                50.570242041
              ],
              [
                5.806790284,
                50.576896486
              ],
              [
                5.803839342,
                50.584054874
              ],
              [
                5.803138078,
                50.591442263
              ],
              [
                5.80471449,
                50.598774783
              ],
              [
                5.808509005,
                50.605770541
              ],
              [
                5.814376618,
                50.612160477
              ],
              [
                5.822092335,
                50.61769873
              ],
              [
                5.831359744,
                50.622172133
              ],
              [
                5.841822395,
                50.625408461
              ],
              [
                5.85307754,
                50.627283091
              ],
              [
                5.864691715,
                50.627723833
              ],
              [
                5.876217541,
                50.626713728
              ],
              [
                5.887211077,
                50.6242917
              ],
              [
                5.897249035,
                50.620551047
              ],
              [
                5.90594517,
                50.615635821
              ],
              [
                5.912965196,
                50.609735244
              ],
              [
                5.918039654,
                50.603076388
              ],
              [
                5.92097421,
                50.5959154
              ],
              [
                5.921657025,
                50.588527621
              ]
            ]
          ]
        ]
      },
      "properties": {
        "id": "spa-stay-verviers",
        "name": "Вервье",
        "bestFor": [
          "общественный транспорт",
          "бюджетное размещение",
          "длительная поездка"
        ],
        "priority": 85,
        "advantages": [
          "узловой вокзал Вервье-Центральный",
          "больше городских сервисов"
        ],
        "hotelCount": 5,
        "featureType": "accommodation_zone",
        "reviewStatus": "reviewed",
        "disadvantages": [
          "дальше от трассы",
          "зависимость от расписания трансфера"
        ],
        "exampleHotels": [
          "Hôtel Van der Valk Verviers",
          "Hôtel des Ardennes",
          "Ferme du Petit Breuil",
          "Hôtel Le Midi",
          "Gite Le Préry"
        ]
      }
    },
    {
      "type": "Feature",
      "geometry": {
        "type": "MultiPolygon",
        "coordinates": [
          [
            [
              [
                6.071991652,
                50.427841844
              ],
              [
                6.071473241,
                50.422212932
              ],
              [
                6.069246188,
                50.416756765
              ],
              [
                6.065396614,
                50.411682934
              ],
              [
                6.060072843,
                50.407186279
              ],
              [
                6.053479645,
                50.403439423
              ],
              [
                6.045870339,
                50.400586163
              ],
              [
                6.037537065,
                50.398735976
              ],
              [
                6.028799601,
                50.397959836
              ],
              [
                6.019993145,
                50.398287507
              ],
              [
                6.011455523,
                50.399706409
              ],
              [
                6.003514293,
                50.402162098
              ],
              [
                5.996474244,
                50.405560348
              ],
              [
                5.990605739,
                50.409770747
              ],
              [
                5.986134354,
                50.414631684
              ],
              [
                5.983232202,
                50.41995653
              ],
              [
                5.982011274,
                50.42554078
              ],
              [
                5.98251907,
                50.431169898
              ],
              [
                5.984736678,
                50.43662755
              ],
              [
                5.988579416,
                50.441703916
              ],
              [
                5.9939,
                50.44620377
              ],
              [
                6.000494145,
                50.449954004
              ],
              [
                6.008108388,
                50.452810305
              ],
              [
                6.016449839,
                50.454662734
              ],
              [
                6.025197472,
                50.455439975
              ],
              [
                6.034014543,
                50.455112096
              ],
              [
                6.042561611,
                50.45369171
              ],
              [
                6.050509677,
                50.451233486
              ],
              [
                6.057552914,
                50.447832037
              ],
              [
                6.063420472,
                50.44361826
              ],
              [
                6.067886919,
                50.438754282
              ],
              [
                6.070780895,
                50.433427195
              ],
              [
                6.071991652,
                50.427841844
              ]
            ]
          ]
        ]
      },
      "properties": {
        "id": "spa-stay-malmedy",
        "name": "Мальмеди",
        "bestFor": [
          "автомобиль",
          "рестораны",
          "семья"
        ],
        "priority": 95,
        "advantages": [
          "много повседневных сервисов",
          "удобный доступ к восточной стороне трассы"
        ],
        "hotelCount": 19,
        "featureType": "accommodation_zone",
        "reviewStatus": "reviewed",
        "disadvantages": [
          "в гоночные дни возможны пробки"
        ],
        "exampleHotels": [
          "А-Ви-Мамди",
          "Отель «Ле-Флореаль»",
          "Отель «Альбер I»",
          "Отель «Сен-Жереон»",
          "Отель «Цветущий сад»"
        ]
      }
    },
    {
      "type": "Feature",
      "geometry": {
        "type": "MultiPolygon",
        "coordinates": [
          [
            [
              [
                5.915978789,
                50.490775013
              ],
              [
                5.914654326,
                50.484665934
              ],
              [
                5.911487897,
                50.478839009
              ],
              [
                5.906601743,
                50.47351801
              ],
              [
                5.900183975,
                50.468907215
              ],
              [
                5.892481291,
                50.465183583
              ],
              [
                5.883789485,
                50.462489992
              ],
              [
                5.874442113,
                50.460929784
              ],
              [
                5.864797747,
                50.460562814
              ],
              [
                5.855226291,
                50.461403169
              ],
              [
                5.846094877,
                50.463418629
              ],
              [
                5.83775386,
                50.466531892
              ],
              [
                5.830523441,
                50.470623524
              ],
              [
                5.824681412,
                50.475536516
              ],
              [
                5.820452493,
                50.481082282
              ],
              [
                5.817999662,
                50.487047876
              ],
              [
                5.817417823,
                50.493204146
              ],
              [
                5.81873006,
                50.499314526
              ],
              [
                5.821886641,
                50.505144124
              ],
              [
                5.826766823,
                50.510468759
              ],
              [
                5.833183404,
                50.515083602
              ],
              [
                5.840889868,
                50.518811077
              ],
              [
                5.849589845,
                50.521507719
              ],
              [
                5.858948534,
                50.523069724
              ],
              [
                5.868605641,
                50.523436963
              ],
              [
                5.878189322,
                50.522595307
              ],
              [
                5.887330585,
                50.520577175
              ],
              [
                5.895677574,
                50.517460275
              ],
              [
                5.90290918,
                50.513364595
              ],
              [
                5.908747429,
                50.508447761
              ],
              [
                5.912968177,
                50.502898943
              ],
              [
                5.915409691,
                50.496931551
              ],
              [
                5.915978789,
                50.490775013
              ]
            ]
          ]
        ]
      },
      "properties": {
        "id": "spa-stay-spa",
        "name": "Спа",
        "bestFor": [
          "без автомобиля",
          "отели",
          "городская прогулка"
        ],
        "priority": 90,
        "advantages": [
          "железнодорожная станция",
          "широкий выбор размещения и ресторанов"
        ],
        "hotelCount": 20,
        "featureType": "accommodation_zone",
        "reviewStatus": "reviewed",
        "disadvantages": [
          "до автодрома требуется отдельный трансфер"
        ],
        "exampleHotels": [
          "Van der Valk Hotel Spa",
          "Villa Damseaux",
          "La Villa Blanche",
          "L’Étape Fagnarde",
          "Parc des Sources"
        ]
      }
    },
    {
      "type": "Feature",
      "geometry": {
        "type": "MultiPolygon",
        "coordinates": [
          [
            [
              [
                5.970539794,
                50.393101243
              ],
              [
                5.969477203,
                50.388214467
              ],
              [
                5.96694421,
                50.383554067
              ],
              [
                5.963038512,
                50.37929904
              ],
              [
                5.957910416,
                50.375612774
              ],
              [
                5.951757035,
                50.372636781
              ],
              [
                5.944814699,
                50.37048529
              ],
              [
                5.937349904,
                50.369240869
              ],
              [
                5.929649106,
                50.368951278
              ],
              [
                5.922007783,
                50.369627636
              ],
              [
                5.914719145,
                50.371243997
              ],
              [
                5.908062935,
                50.373738344
              ],
              [
                5.902294731,
                50.377014952
              ],
              [
                5.897636159,
                50.380948049
              ],
              [
                5.894266385,
                50.385386629
              ],
              [
                5.892315201,
                50.390160229
              ],
              [
                5.891858001,
                50.395085467
              ],
              [
                5.892912816,
                50.39997308
              ],
              [
                5.895439552,
                50.404635191
              ],
              [
                5.899341467,
                50.408892541
              ],
              [
                5.904468826,
                50.41258139
              ],
              [
                5.910624632,
                50.415559831
              ],
              [
                5.917572183,
                50.417713264
              ],
              [
                5.925044191,
                50.418958823
              ],
              [
                5.9327531,
                50.419248578
              ],
              [
                5.940402198,
                50.418571383
              ],
              [
                5.947697092,
                50.416953311
              ],
              [
                5.954357087,
                50.41445664
              ],
              [
                5.960126027,
                50.41117745
              ],
              [
                5.964782174,
                50.407241904
              ],
              [
                5.968146733,
                50.402801383
              ],
              [
                5.970090705,
                50.398026644
              ],
              [
                5.970539794,
                50.393101243
              ]
            ]
          ]
        ]
      },
      "properties": {
        "id": "spa-stay-stavelot",
        "name": "Ставло",
        "bestFor": [
          "история",
          "спокойный отдых",
          "музей автоспорта"
        ],
        "priority": 92,
        "advantages": [
          "близко к трассе и водопаду Коо",
          "выразительная историческая среда"
        ],
        "hotelCount": 7,
        "featureType": "accommodation_zone",
        "reviewStatus": "reviewed",
        "disadvantages": [
          "меньше вариантов позднего транспорта"
        ],
        "exampleHotels": [
          "Villa Louise",
          "Boutique Hôtel Dufays",
          "Кемпинг «О-Руж»",
          "Auberge St-Remacle",
          "Hôtel le Val d'Amblève"
        ]
      }
    },
    {
      "type": "Feature",
      "geometry": {
        "type": "MultiPolygon",
        "coordinates": [
          [
            [
              [
                5.905005531,
                50.370362375
              ],
              [
                5.904101,
                50.366173077
              ],
              [
                5.901936361,
                50.362177107
              ],
              [
                5.89859506,
                50.358527955
              ],
              [
                5.894205661,
                50.355365759
              ],
              [
                5.888936876,
                50.352811934
              ],
              [
                5.882991082,
                50.350964518
              ],
              [
                5.876596554,
                50.349894426
              ],
              [
                5.86999873,
                50.349642733
              ],
              [
                5.863450823,
                50.350219105
              ],
              [
                5.857204142,
                50.351601427
              ],
              [
                5.85149848,
                50.353736647
              ],
              [
                5.846552945,
                50.356542808
              ],
              [
                5.84255756,
                50.359912177
              ],
              [
                5.839665963,
                50.363715374
              ],
              [
                5.837989496,
                50.367806326
              ],
              [
                5.837592883,
                50.372027868
              ],
              [
                5.838491705,
                50.376217775
              ],
              [
                5.840651746,
                50.380214997
              ],
              [
                5.843990259,
                50.383865852
              ],
              [
                5.848379105,
                50.387029943
              ],
              [
                5.853649656,
                50.389585567
              ],
              [
                5.859599268,
                50.391434412
              ],
              [
                5.865999082,
                50.392505344
              ],
              [
                5.872602856,
                50.392757162
              ],
              [
                5.879156471,
                50.39218018
              ],
              [
                5.885407751,
                50.390796607
              ],
              [
                5.891116201,
                50.388659683
              ],
              [
                5.896062288,
                50.385851628
              ],
              [
                5.900055908,
                50.38248046
              ],
              [
                5.902943687,
                50.378675834
              ],
              [
                5.904614869,
                50.374584041
              ],
              [
                5.905005531,
                50.370362375
              ]
            ]
          ]
        ]
      },
      "properties": {
        "id": "spa-stay-trois-ponts",
        "name": "Труа-Пон",
        "bestFor": [
          "поезд",
          "природа",
          "спокойный отдых"
        ],
        "priority": 82,
        "advantages": [
          "железнодорожная станция",
          "удобно совместить этап с Коо"
        ],
        "hotelCount": 3,
        "featureType": "accommodation_zone",
        "reviewStatus": "reviewed",
        "disadvantages": [
          "мало вариантов размещения"
        ],
        "exampleHotels": [
          "Camping de la Cascade",
          "La Calmie",
          "Beau Rivage"
        ]
      }
    },
    {
      "type": "Feature",
      "geometry": {
        "type": "MultiPolygon",
        "coordinates": [
          [
            [
              [
                5.989174738,
                50.452365508
              ],
              [
                5.988184785,
                50.44782804
              ],
              [
                5.985827823,
                50.443501027
              ],
              [
                5.982194734,
                50.439550669
              ],
              [
                5.977425321,
                50.436128661
              ],
              [
                5.971702906,
                50.433366383
              ],
              [
                5.965247278,
                50.431369867
              ],
              [
                5.958306267,
                50.430215743
              ],
              [
                5.951146256,
                50.429948308
              ],
              [
                5.944042003,
                50.43057783
              ],
              [
                5.937266138,
                50.43208016
              ],
              [
                5.931078745,
                50.434397648
              ],
              [
                5.925717418,
                50.437441347
              ],
              [
                5.921388152,
                50.441094417
              ],
              [
                5.918257437,
                50.445216593
              ],
              [
                5.916445842,
                50.449649557
              ],
              [
                5.916023341,
                50.454223009
              ],
              [
                5.917006568,
                50.458761202
              ],
              [
                5.919358121,
                50.463089695
              ],
              [
                5.922987941,
                50.467042062
              ],
              [
                5.927756722,
                50.470466301
              ],
              [
                5.93348124,
                50.473230695
              ],
              [
                5.939941383,
                50.475228887
              ],
              [
                5.946888637,
                50.476383993
              ],
              [
                5.954055665,
                50.476651568
              ],
              [
                5.961166644,
                50.476021319
              ],
              [
                5.967947918,
                50.47451751
              ],
              [
                5.97413858,
                50.472198014
              ],
              [
                5.979500539,
                50.469152083
              ],
              [
                5.983827703,
                50.465496899
              ],
              [
                5.986953901,
                50.461373046
              ],
              [
                5.988759254,
                50.4569391
              ],
              [
                5.989174738,
                50.452365508
              ]
            ]
          ]
        ]
      },
      "properties": {
        "id": "spa-stay-francorchamps",
        "name": "Франкоршам",
        "bestFor": [
          "короткий путь до трассы",
          "кемпинг",
          "атмосфера этапа"
        ],
        "priority": 100,
        "advantages": [
          "можно добраться до части входов пешком",
          "максимальное погружение в гоночный уик-энд"
        ],
        "hotelCount": 12,
        "featureType": "accommodation_zone",
        "reviewStatus": "reviewed",
        "disadvantages": [
          "ограниченный выбор жилья",
          "шум и плотный трафик"
        ],
        "exampleHotels": [
          "Гостевой дом «Утро в саду»",
          "Дом ароматов",
          "Отель «Теро Лодж»",
          "Entre Nature et Circuit",
          "L'Acqua Rossa"
        ]
      }
    },
    {
      "type": "Feature",
      "geometry": {
        "type": "Point",
        "coordinates": [
          6.2677412,
          50.581452
        ]
      },
      "properties": {
        "id": "osm-way-100272170",
        "name": "Druckereimuseum",
        "role": "explore",
        "zones": [],
        "category": "museum",
        "featured": false,
        "priority": 68,
        "featureType": "poi",
        "reviewStatus": "candidate"
      }
    },
    {
      "type": "Feature",
      "geometry": {
        "type": "Point",
        "coordinates": [
          6.0283848,
          50.4256344
        ]
      },
      "properties": {
        "id": "osm-node-1769704458",
        "name": "А-Ви-Мамди",
        "role": "stay",
        "zones": [
          "Мальмеди"
        ],
        "category": "hotel",
        "featured": false,
        "priority": 56,
        "featureType": "poi",
        "reviewStatus": "candidate"
      }
    },
    {
      "type": "Feature",
      "geometry": {
        "type": "Point",
        "coordinates": [
          5.9315352,
          50.3938119
        ]
      },
      "properties": {
        "id": "osm-way-1418726543",
        "name": "Аббатство Ставло",
        "role": "explore",
        "zones": [],
        "category": "heritage",
        "featured": true,
        "priority": 96,
        "featureType": "poi",
        "reviewStatus": "reviewed"
      }
    },
    {
      "type": "Feature",
      "geometry": {
        "type": "Point",
        "coordinates": [
          6.090279,
          50.777361
        ]
      },
      "properties": {
        "id": "osm-way-27581856",
        "name": "Автовокзал Ахен-Бушхоф",
        "role": "transport",
        "zones": [],
        "category": "bus_station",
        "featured": false,
        "priority": 78,
        "featureType": "poi",
        "reviewStatus": "candidate"
      }
    },
    {
      "type": "Feature",
      "geometry": {
        "type": "Point",
        "coordinates": [
          5.7776124,
          50.4710231
        ]
      },
      "properties": {
        "id": "osm-way-184798459",
        "name": "Аллея От-Маре",
        "role": "explore",
        "zones": [],
        "category": "attraction",
        "featured": false,
        "priority": 70,
        "featureType": "poi",
        "reviewStatus": "candidate"
      }
    },
    {
      "type": "Feature",
      "geometry": {
        "type": "Point",
        "coordinates": [
          4.4858042,
          50.9009305
        ]
      },
      "properties": {
        "id": "osm-way-370594935",
        "name": "Аэропорт Брюссель",
        "role": "transport",
        "zones": [],
        "category": "airport",
        "featured": true,
        "priority": 100,
        "featureType": "poi",
        "reviewStatus": "reviewed"
      }
    },
    {
      "type": "Feature",
      "geometry": {
        "type": "Point",
        "coordinates": [
          4.4594573,
          50.4636393
        ]
      },
      "properties": {
        "id": "osm-way-63223157",
        "name": "Аэропорт Брюссель-Шарлеруа",
        "role": "transport",
        "zones": [],
        "category": "airport",
        "featured": true,
        "priority": 98,
        "featureType": "poi",
        "reviewStatus": "reviewed"
      }
    },
    {
      "type": "Feature",
      "geometry": {
        "type": "Point",
        "coordinates": [
          6.7683825,
          51.2870984
        ]
      },
      "properties": {
        "id": "osm-way-143269312",
        "name": "Аэропорт Дюссельдорф",
        "role": "transport",
        "zones": [],
        "category": "airport",
        "featured": true,
        "priority": 94,
        "featureType": "poi",
        "reviewStatus": "reviewed"
      }
    },
    {
      "type": "Feature",
      "geometry": {
        "type": "Point",
        "coordinates": [
          7.1420456,
          50.8678654
        ]
      },
      "properties": {
        "id": "osm-relation-2269304",
        "name": "Аэропорт Кёльн/Бонн",
        "role": "transport",
        "zones": [],
        "category": "airport",
        "featured": true,
        "priority": 96,
        "featureType": "poi",
        "reviewStatus": "reviewed"
      }
    },
    {
      "type": "Feature",
      "geometry": {
        "type": "Point",
        "coordinates": [
          6.0624375,
          50.5187932
        ]
      },
      "properties": {
        "id": "osm-node-683268957",
        "name": "Барак-Мишель",
        "role": "explore",
        "zones": [],
        "category": "nature",
        "featured": false,
        "priority": 70,
        "featureType": "poi",
        "reviewStatus": "candidate"
      }
    },
    {
      "type": "Feature",
      "geometry": {
        "type": "Point",
        "coordinates": [
          5.8593447,
          50.582221
        ]
      },
      "properties": {
        "id": "osm-way-675628459",
        "name": "Больница Вервье «Ла-Турель»",
        "role": "essential",
        "zones": [],
        "category": "hospital",
        "featured": false,
        "priority": 78,
        "featureType": "poi",
        "reviewStatus": "candidate"
      }
    },
    {
      "type": "Feature",
      "geometry": {
        "type": "Point",
        "coordinates": [
          6.0239643,
          50.4262866
        ]
      },
      "properties": {
        "id": "osm-way-300753949",
        "name": "Больница королевы Астрид в Мальмеди",
        "role": "essential",
        "zones": [],
        "category": "hospital",
        "featured": false,
        "priority": 60,
        "featureType": "poi",
        "reviewStatus": "candidate"
      }
    },
    {
      "type": "Feature",
      "geometry": {
        "type": "Point",
        "coordinates": [
          6.0868833,
          50.4782885
        ]
      },
      "properties": {
        "id": "osm-node-2292957653",
        "name": "Водопад Байон",
        "role": "explore",
        "zones": [],
        "category": "attraction",
        "featured": true,
        "priority": 96,
        "featureType": "poi",
        "reviewStatus": "reviewed"
      }
    },
    {
      "type": "Feature",
      "geometry": {
        "type": "Point",
        "coordinates": [
          5.8766351,
          50.3935946
        ]
      },
      "properties": {
        "id": "osm-node-5771053254",
        "name": "Водопад Коо",
        "role": "explore",
        "zones": [],
        "category": "viewpoint",
        "featured": true,
        "priority": 96,
        "featureType": "poi",
        "reviewStatus": "reviewed"
      }
    },
    {
      "type": "Feature",
      "geometry": {
        "type": "Point",
        "coordinates": [
          5.8551021,
          50.5883259
        ]
      },
      "properties": {
        "id": "osm-node-26446051",
        "name": "Вокзал Вервье-Центральный",
        "role": "transport",
        "zones": [],
        "category": "railway_station",
        "featured": true,
        "priority": 100,
        "featureType": "poi",
        "reviewStatus": "reviewed"
      }
    },
    {
      "type": "Feature",
      "geometry": {
        "type": "Point",
        "coordinates": [
          5.567065,
          50.624728
        ]
      },
      "properties": {
        "id": "osm-node-5307127700",
        "name": "Вокзал Льеж-Гийемен",
        "role": "transport",
        "zones": [],
        "category": "railway_station",
        "featured": true,
        "priority": 100,
        "featureType": "poi",
        "reviewStatus": "reviewed"
      }
    },
    {
      "type": "Feature",
      "geometry": {
        "type": "Point",
        "coordinates": [
          6.0913818,
          50.7677663
        ]
      },
      "properties": {
        "id": "osm-node-3070631211",
        "name": "Главный вокзал Ахена",
        "role": "transport",
        "zones": [],
        "category": "railway_station",
        "featured": true,
        "priority": 80,
        "featureType": "poi",
        "reviewStatus": "reviewed"
      }
    },
    {
      "type": "Feature",
      "geometry": {
        "type": "Point",
        "coordinates": [
          6.0354272,
          50.6323032
        ]
      },
      "properties": {
        "id": "osm-way-1127805855",
        "name": "Городской музей Ойпена",
        "role": "explore",
        "zones": [],
        "category": "museum",
        "featured": false,
        "priority": 76,
        "featureType": "poi",
        "reviewStatus": "candidate"
      }
    },
    {
      "type": "Feature",
      "geometry": {
        "type": "Point",
        "coordinates": [
          5.9808427,
          50.4009865
        ]
      },
      "properties": {
        "id": "osm-way-300825882",
        "name": "Гостевой дом «Ле-Монд-а-Пар»",
        "role": "stay",
        "zones": [],
        "category": "hostel",
        "featured": false,
        "priority": 56,
        "featureType": "poi",
        "reviewStatus": "candidate"
      }
    },
    {
      "type": "Feature",
      "geometry": {
        "type": "Point",
        "coordinates": [
          5.9460242,
          50.4490754
        ]
      },
      "properties": {
        "id": "osm-way-299121848",
        "name": "Гостевой дом «Утро в саду»",
        "role": "stay",
        "zones": [
          "Франкоршам"
        ],
        "category": "guest_house",
        "featured": false,
        "priority": 56,
        "featureType": "poi",
        "reviewStatus": "candidate"
      }
    },
    {
      "type": "Feature",
      "geometry": {
        "type": "Point",
        "coordinates": [
          5.9429358,
          50.4499517
        ]
      },
      "properties": {
        "id": "osm-node-8634248171",
        "name": "Дом ароматов",
        "role": "stay",
        "zones": [
          "Франкоршам"
        ],
        "category": "guest_house",
        "featured": false,
        "priority": 56,
        "featureType": "poi",
        "reviewStatus": "candidate"
      }
    },
    {
      "type": "Feature",
      "geometry": {
        "type": "Point",
        "coordinates": [
          6.0422072,
          50.6503851
        ]
      },
      "properties": {
        "id": "osm-way-129241468",
        "name": "Замок Грос-Ваймс",
        "role": "stay",
        "zones": [],
        "category": "guest_house",
        "featured": false,
        "priority": 76,
        "featureType": "poi",
        "reviewStatus": "candidate"
      }
    },
    {
      "type": "Feature",
      "geometry": {
        "type": "Point",
        "coordinates": [
          5.7913253,
          50.6333229
        ]
      },
      "properties": {
        "id": "osm-way-192390073",
        "name": "Замок Кревкёр",
        "role": "explore",
        "zones": [],
        "category": "heritage",
        "featured": false,
        "priority": 76,
        "featureType": "poi",
        "reviewStatus": "candidate"
      }
    },
    {
      "type": "Feature",
      "geometry": {
        "type": "Point",
        "coordinates": [
          5.6909621,
          50.5712357
        ]
      },
      "properties": {
        "id": "osm-way-458173159",
        "name": "Замок Ла-Фендери",
        "role": "explore",
        "zones": [],
        "category": "heritage",
        "featured": false,
        "priority": 76,
        "featureType": "poi",
        "reviewStatus": "candidate"
      }
    },
    {
      "type": "Feature",
      "geometry": {
        "type": "Point",
        "coordinates": [
          6.1206567,
          50.6785962
        ]
      },
      "properties": {
        "id": "osm-way-100271747",
        "name": "Замок Рарен",
        "role": "explore",
        "zones": [],
        "category": "heritage",
        "featured": false,
        "priority": 76,
        "featureType": "poi",
        "reviewStatus": "candidate"
      }
    },
    {
      "type": "Feature",
      "geometry": {
        "type": "Point",
        "coordinates": [
          6.1024071,
          50.4525864
        ]
      },
      "properties": {
        "id": "osm-way-105586318",
        "name": "Замок Рейнхардштайн",
        "role": "explore",
        "zones": [],
        "category": "heritage",
        "featured": true,
        "priority": 96,
        "featureType": "poi",
        "reviewStatus": "reviewed"
      }
    },
    {
      "type": "Feature",
      "geometry": {
        "type": "Point",
        "coordinates": [
          5.8912852,
          50.4943117
        ]
      },
      "properties": {
        "id": "osm-way-1280880996",
        "name": "Замок Розере",
        "role": "explore",
        "zones": [],
        "category": "heritage",
        "featured": false,
        "priority": 70,
        "featureType": "poi",
        "reviewStatus": "candidate"
      }
    },
    {
      "type": "Feature",
      "geometry": {
        "type": "Point",
        "coordinates": [
          5.8240262,
          50.5276053
        ]
      },
      "properties": {
        "id": "osm-relation-17885242",
        "name": "Замок Франшимон",
        "role": "explore",
        "zones": [],
        "category": "heritage",
        "featured": true,
        "priority": 96,
        "featureType": "poi",
        "reviewStatus": "reviewed"
      }
    },
    {
      "type": "Feature",
      "geometry": {
        "type": "Point",
        "coordinates": [
          6.2384457,
          50.5627775
        ]
      },
      "properties": {
        "id": "osm-node-321692478",
        "name": "Историческая горчичная мельница",
        "role": "explore",
        "zones": [],
        "category": "attraction",
        "featured": false,
        "priority": 76,
        "featureType": "poi",
        "reviewStatus": "candidate"
      }
    },
    {
      "type": "Feature",
      "geometry": {
        "type": "Point",
        "coordinates": [
          5.8658498,
          50.4919658
        ]
      },
      "properties": {
        "id": "osm-way-89341118",
        "name": "Казино Спа",
        "role": "explore",
        "zones": [],
        "category": "attraction",
        "featured": true,
        "priority": 96,
        "featureType": "poi",
        "reviewStatus": "reviewed"
      }
    },
    {
      "type": "Feature",
      "geometry": {
        "type": "Point",
        "coordinates": [
          5.9527418,
          50.4102861
        ]
      },
      "properties": {
        "id": "osm-way-107033102",
        "name": "Кемпинг «О-Руж»",
        "role": "stay",
        "zones": [
          "Ставло"
        ],
        "category": "camp_site",
        "featured": false,
        "priority": 56,
        "featureType": "poi",
        "reviewStatus": "candidate"
      }
    },
    {
      "type": "Feature",
      "geometry": {
        "type": "Point",
        "coordinates": [
          5.9684973,
          50.4480428
        ]
      },
      "properties": {
        "id": "osm-way-1512255032",
        "name": "Кемпинг P3",
        "role": "stay",
        "zones": [
          "Франкоршам"
        ],
        "category": "camp_site",
        "featured": false,
        "priority": 50,
        "featureType": "poi",
        "reviewStatus": "candidate"
      }
    },
    {
      "type": "Feature",
      "geometry": {
        "type": "Point",
        "coordinates": [
          5.8625434,
          50.5778076
        ]
      },
      "properties": {
        "id": "osm-way-675629328",
        "name": "Клиника Эзи",
        "role": "essential",
        "zones": [],
        "category": "hospital",
        "featured": false,
        "priority": 66,
        "featureType": "poi",
        "reviewStatus": "candidate"
      }
    },
    {
      "type": "Feature",
      "geometry": {
        "type": "Point",
        "coordinates": [
          6.0274894,
          50.4270855
        ]
      },
      "properties": {
        "id": "osm-node-2018449851",
        "name": "Малмундариум",
        "role": "explore",
        "zones": [],
        "category": "museum",
        "featured": true,
        "priority": 96,
        "featureType": "poi",
        "reviewStatus": "reviewed"
      }
    },
    {
      "type": "Feature",
      "geometry": {
        "type": "Point",
        "coordinates": [
          6.2409698,
          50.5548402
        ]
      },
      "properties": {
        "id": "osm-way-90639696",
        "name": "Музей «Красный дом»",
        "role": "explore",
        "zones": [],
        "category": "museum",
        "featured": false,
        "priority": 76,
        "featureType": "poi",
        "reviewStatus": "candidate"
      }
    },
    {
      "type": "Feature",
      "geometry": {
        "type": "Point",
        "coordinates": [
          5.8688565,
          50.4882948
        ]
      },
      "properties": {
        "id": "osm-way-204839264",
        "name": "Музей Во-Холл",
        "role": "explore",
        "zones": [],
        "category": "museum",
        "featured": false,
        "priority": 70,
        "featureType": "poi",
        "reviewStatus": "candidate"
      }
    },
    {
      "type": "Feature",
      "geometry": {
        "type": "Point",
        "coordinates": [
          6.0301564,
          50.6258969
        ]
      },
      "properties": {
        "id": "osm-node-1100566560",
        "name": "Музей современного искусства ИКОБ",
        "role": "explore",
        "zones": [],
        "category": "museum",
        "featured": false,
        "priority": 68,
        "featureType": "poi",
        "reviewStatus": "candidate"
      }
    },
    {
      "type": "Feature",
      "geometry": {
        "type": "Point",
        "coordinates": [
          5.9322176,
          50.393728
        ]
      },
      "properties": {
        "id": "osm-node-1931226811",
        "name": "Музей трассы Спа-Франкоршам",
        "role": "explore",
        "zones": [],
        "category": "museum",
        "featured": true,
        "priority": 96,
        "featureType": "poi",
        "reviewStatus": "reviewed"
      }
    },
    {
      "type": "Feature",
      "geometry": {
        "type": "Point",
        "coordinates": [
          5.9529001,
          50.4625845
        ]
      },
      "properties": {
        "id": "spa-event-shuttle-trou-hennet",
        "name": "Остановка трансфера Trou Hennet",
        "role": "transport",
        "zones": [],
        "category": "event_shuttle",
        "featured": false,
        "priority": 100,
        "featureType": "poi",
        "reviewStatus": "reviewed"
      }
    },
    {
      "type": "Feature",
      "geometry": {
        "type": "Point",
        "coordinates": [
          6.0284155,
          50.4255941
        ]
      },
      "properties": {
        "id": "osm-node-2018449865",
        "name": "Отель «Альбер I»",
        "role": "stay",
        "zones": [
          "Мальмеди"
        ],
        "category": "hotel",
        "featured": false,
        "priority": 56,
        "featureType": "poi",
        "reviewStatus": "candidate"
      }
    },
    {
      "type": "Feature",
      "geometry": {
        "type": "Point",
        "coordinates": [
          6.0288561,
          50.4259111
        ]
      },
      "properties": {
        "id": "osm-node-7747303949",
        "name": "Отель «Ле-Флореаль»",
        "role": "stay",
        "zones": [
          "Мальмеди"
        ],
        "category": "hotel",
        "featured": false,
        "priority": 56,
        "featureType": "poi",
        "reviewStatus": "candidate"
      }
    },
    {
      "type": "Feature",
      "geometry": {
        "type": "Point",
        "coordinates": [
          6.0285267,
          50.4247621
        ]
      },
      "properties": {
        "id": "osm-node-2968818670",
        "name": "Отель «Сен-Жереон»",
        "role": "stay",
        "zones": [
          "Мальмеди"
        ],
        "category": "hotel",
        "featured": false,
        "priority": 56,
        "featureType": "poi",
        "reviewStatus": "candidate"
      }
    },
    {
      "type": "Feature",
      "geometry": {
        "type": "Point",
        "coordinates": [
          5.976049,
          50.4475389
        ]
      },
      "properties": {
        "id": "osm-node-9071203077",
        "name": "Отель «Теро Лодж»",
        "role": "stay",
        "zones": [
          "Франкоршам"
        ],
        "category": "hotel",
        "featured": false,
        "priority": 56,
        "featureType": "poi",
        "reviewStatus": "candidate"
      }
    },
    {
      "type": "Feature",
      "geometry": {
        "type": "Point",
        "coordinates": [
          6.0298531,
          50.4328444
        ]
      },
      "properties": {
        "id": "osm-node-1230555503",
        "name": "Отель «Цветущий сад»",
        "role": "stay",
        "zones": [
          "Мальмеди"
        ],
        "category": "hotel",
        "featured": false,
        "priority": 56,
        "featureType": "poi",
        "reviewStatus": "candidate"
      }
    },
    {
      "type": "Feature",
      "geometry": {
        "type": "Point",
        "coordinates": [
          5.6700874,
          50.4728329
        ]
      },
      "properties": {
        "id": "osm-way-224352201",
        "name": "Парковка у станции Айвай",
        "role": "transport",
        "zones": [],
        "category": "park_and_ride",
        "featured": false,
        "priority": 58,
        "featureType": "poi",
        "reviewStatus": "candidate"
      }
    },
    {
      "type": "Feature",
      "geometry": {
        "type": "Point",
        "coordinates": [
          5.6880469,
          50.5736869
        ]
      },
      "properties": {
        "id": "osm-way-461629720",
        "name": "Парковка у станции Троо",
        "role": "transport",
        "zones": [],
        "category": "park_and_ride",
        "featured": false,
        "priority": 58,
        "featureType": "poi",
        "reviewStatus": "candidate"
      }
    },
    {
      "type": "Feature",
      "geometry": {
        "type": "Point",
        "coordinates": [
          5.7415864,
          50.5721475
        ]
      },
      "properties": {
        "id": "osm-way-622143353",
        "name": "Перехватывающая парковка у станции Нессонво",
        "role": "transport",
        "zones": [],
        "category": "park_and_ride",
        "featured": false,
        "priority": 58,
        "featureType": "poi",
        "reviewStatus": "candidate"
      }
    },
    {
      "type": "Feature",
      "geometry": {
        "type": "Point",
        "coordinates": [
          5.9327409,
          50.5170711
        ]
      },
      "properties": {
        "id": "osm-node-10089261816",
        "name": "Перрон Льежа",
        "role": "explore",
        "zones": [],
        "category": "heritage",
        "featured": false,
        "priority": 70,
        "featureType": "poi",
        "reviewStatus": "candidate"
      }
    },
    {
      "type": "Feature",
      "geometry": {
        "type": "Point",
        "coordinates": [
          5.7121091,
          50.4802072
        ]
      },
      "properties": {
        "id": "osm-node-1489845082",
        "name": "Пещеры Ремушам",
        "role": "explore",
        "zones": [],
        "category": "attraction",
        "featured": true,
        "priority": 96,
        "featureType": "poi",
        "reviewStatus": "reviewed"
      }
    },
    {
      "type": "Feature",
      "geometry": {
        "type": "Point",
        "coordinates": [
          6.0995478,
          50.4934686
        ]
      },
      "properties": {
        "id": "osm-relation-1346961",
        "name": "Природный центр Ботранж",
        "role": "essential",
        "zones": [],
        "category": "tourist_information",
        "featured": true,
        "priority": 96,
        "featureType": "poi",
        "reviewStatus": "reviewed"
      }
    },
    {
      "type": "Feature",
      "geometry": {
        "type": "Point",
        "coordinates": [
          6.0925502,
          50.5015831
        ]
      },
      "properties": {
        "id": "osm-node-1955780257",
        "name": "Сигнал-де-Ботранж",
        "role": "explore",
        "zones": [],
        "category": "nature",
        "featured": true,
        "priority": 96,
        "featureType": "poi",
        "reviewStatus": "reviewed"
      }
    },
    {
      "type": "Feature",
      "geometry": {
        "type": "Point",
        "coordinates": [
          5.8555278,
          50.490188
        ]
      },
      "properties": {
        "id": "osm-node-4021608030",
        "name": "Станция Спа",
        "role": "transport",
        "zones": [],
        "category": "railway_station",
        "featured": true,
        "priority": 92,
        "featureType": "poi",
        "reviewStatus": "reviewed"
      }
    },
    {
      "type": "Feature",
      "geometry": {
        "type": "Point",
        "coordinates": [
          5.867001,
          50.4892874
        ]
      },
      "properties": {
        "id": "osm-node-4021608031",
        "name": "Станция Спа-Жеронстер",
        "role": "transport",
        "zones": [],
        "category": "railway_station",
        "featured": true,
        "priority": 82,
        "featureType": "poi",
        "reviewStatus": "reviewed"
      }
    },
    {
      "type": "Feature",
      "geometry": {
        "type": "Point",
        "coordinates": [
          5.8730278,
          50.3691636
        ]
      },
      "properties": {
        "id": "osm-node-4333858841",
        "name": "Станция Труа-Пон",
        "role": "transport",
        "zones": [],
        "category": "railway_station",
        "featured": true,
        "priority": 90,
        "featureType": "poi",
        "reviewStatus": "reviewed"
      }
    },
    {
      "type": "Feature",
      "geometry": {
        "type": "Point",
        "coordinates": [
          6.0293916,
          50.4253031
        ]
      },
      "properties": {
        "id": "osm-node-2962221859",
        "name": "Туристический центр Высоких Фенов",
        "role": "essential",
        "zones": [],
        "category": "tourist_information",
        "featured": false,
        "priority": 56,
        "featureType": "poi",
        "reviewStatus": "candidate"
      }
    },
    {
      "type": "Feature",
      "geometry": {
        "type": "Point",
        "coordinates": [
          5.8317726,
          50.4649692
        ]
      },
      "properties": {
        "id": "osm-way-136094450",
        "name": "Усадьба Лебиоль",
        "role": "stay",
        "zones": [],
        "category": "hotel",
        "featured": false,
        "priority": 70,
        "featureType": "poi",
        "reviewStatus": "candidate"
      }
    },
    {
      "type": "Feature",
      "geometry": {
        "type": "Point",
        "coordinates": [
          6.0189758,
          50.4422447
        ]
      },
      "properties": {
        "id": "osm-way-205665747",
        "name": "Ферма Планерес",
        "role": "stay",
        "zones": [
          "Мальмеди"
        ],
        "category": "guest_house",
        "featured": false,
        "priority": 56,
        "featureType": "poi",
        "reviewStatus": "candidate"
      }
    },
    {
      "type": "Feature",
      "geometry": {
        "type": "Point",
        "coordinates": [
          6.2442798,
          50.5548823
        ]
      },
      "properties": {
        "id": "osm-node-2095524716",
        "name": "Форум фотографии региона Ахен",
        "role": "explore",
        "zones": [],
        "category": "museum",
        "featured": false,
        "priority": 76,
        "featureType": "poi",
        "reviewStatus": "candidate"
      }
    },
    {
      "type": "Feature",
      "geometry": {
        "type": "Point",
        "coordinates": [
          6.0926087,
          50.5016939
        ]
      },
      "properties": {
        "id": "osm-node-196287106",
        "name": "Холм Балтия",
        "role": "explore",
        "zones": [],
        "category": "viewpoint",
        "featured": false,
        "priority": 70,
        "featureType": "poi",
        "reviewStatus": "candidate"
      }
    },
    {
      "type": "Feature",
      "geometry": {
        "type": "Point",
        "coordinates": [
          6.035089,
          50.4403263
        ]
      },
      "properties": {
        "id": "osm-way-227215046",
        "name": "Хостел «Высокие Фены»",
        "role": "stay",
        "zones": [
          "Мальмеди"
        ],
        "category": "hostel",
        "featured": false,
        "priority": 56,
        "featureType": "poi",
        "reviewStatus": "candidate"
      }
    },
    {
      "type": "Feature",
      "geometry": {
        "type": "LineString",
        "coordinates": [
          [
            4.482304,
            50.897817
          ],
          [
            4.482178,
            50.897777
          ],
          [
            4.481977,
            50.897711
          ],
          [
            4.481775,
            50.897645
          ],
          [
            4.481574,
            50.89758
          ],
          [
            4.481372,
            50.897514
          ],
          [
            4.481171,
            50.897449
          ],
          [
            4.481104,
            50.897453
          ],
          [
            4.481011,
            50.897458
          ],
          [
            4.480955,
            50.897446
          ],
          [
            4.480919,
            50.897437
          ],
          [
            4.480889,
            50.897422
          ],
          [
            4.480869,
            50.897402
          ],
          [
            4.480861,
            50.897378
          ],
          [
            4.480866,
            50.897354
          ],
          [
            4.480882,
            50.897332
          ],
          [
            4.48091,
            50.897316
          ],
          [
            4.480944,
            50.897305
          ],
          [
            4.480982,
            50.897303
          ],
          [
            4.48102,
            50.897308
          ],
          [
            4.481052,
            50.897321
          ],
          [
            4.481076,
            50.89734
          ],
          [
            4.481101,
            50.89738
          ],
          [
            4.481077,
            50.897442
          ],
          [
            4.481042,
            50.897486
          ],
          [
            4.480955,
            50.897512
          ],
          [
            4.480908,
            50.897515
          ],
          [
            4.480855,
            50.897518
          ],
          [
            4.480786,
            50.897524
          ],
          [
            4.480645,
            50.897524
          ],
          [
            4.480552,
            50.897504
          ],
          [
            4.480493,
            50.897482
          ],
          [
            4.480484,
            50.897479
          ],
          [
            4.480419,
            50.897442
          ],
          [
            4.480373,
            50.897389
          ],
          [
            4.480341,
            50.897329
          ],
          [
            4.480197,
            50.897203
          ],
          [
            4.480191,
            50.897197
          ],
          [
            4.480168,
            50.897167
          ],
          [
            4.480148,
            50.897141
          ],
          [
            4.480131,
            50.897117
          ],
          [
            4.480069,
            50.897033
          ],
          [
            4.479998,
            50.896969
          ],
          [
            4.479955,
            50.896943
          ],
          [
            4.479943,
            50.896858
          ],
          [
            4.479879,
            50.896671
          ],
          [
            4.47977,
            50.896486
          ],
          [
            4.479598,
            50.896316
          ],
          [
            4.479443,
            50.896183
          ],
          [
            4.479307,
            50.89609
          ],
          [
            4.479195,
            50.896029
          ],
          [
            4.479034,
            50.895945
          ],
          [
            4.478882,
            50.895877
          ],
          [
            4.478722,
            50.895827
          ],
          [
            4.478392,
            50.895734
          ],
          [
            4.478288,
            50.895686
          ],
          [
            4.477858,
            50.895531
          ],
          [
            4.47761,
            50.895448
          ],
          [
            4.477458,
            50.895381
          ],
          [
            4.477271,
            50.895286
          ],
          [
            4.476777,
            50.89495
          ],
          [
            4.47664,
            50.894868
          ],
          [
            4.476481,
            50.894792
          ],
          [
            4.476354,
            50.894741
          ],
          [
            4.476229,
            50.894691
          ],
          [
            4.475965,
            50.894603
          ],
          [
            4.475671,
            50.894475
          ],
          [
            4.47504,
            50.894287
          ],
          [
            4.474391,
            50.894122
          ],
          [
            4.473982,
            50.894047
          ],
          [
            4.473653,
            50.894003
          ],
          [
            4.473415,
            50.893974
          ],
          [
            4.473211,
            50.893961
          ],
          [
            4.472923,
            50.893947
          ],
          [
            4.472636,
            50.893934
          ],
          [
            4.472223,
            50.893938
          ],
          [
            4.471791,
            50.893957
          ],
          [
            4.471394,
            50.893989
          ],
          [
            4.471068,
            50.894026
          ],
          [
            4.470707,
            50.894077
          ],
          [
            4.470187,
            50.894175
          ],
          [
            4.469841,
            50.894244
          ],
          [
            4.46953,
            50.894299
          ],
          [
            4.469124,
            50.894349
          ],
          [
            4.468678,
            50.894382
          ],
          [
            4.468419,
            50.8944
          ],
          [
            4.46812,
            50.894414
          ],
          [
            4.46751,
            50.894414
          ],
          [
            4.466137,
            50.894429
          ],
          [
            4.465627,
            50.894434
          ],
          [
            4.464861,
            50.894442
          ],
          [
            4.461798,
            50.894446
          ],
          [
            4.461172,
            50.894423
          ],
          [
            4.460983,
            50.89445
          ],
          [
            4.460632,
            50.894432
          ],
          [
            4.460104,
            50.894377
          ],
          [
            4.459733,
            50.894319
          ],
          [
            4.459337,
            50.894243
          ],
          [
            4.458848,
            50.894126
          ],
          [
            4.458272,
            50.893947
          ],
          [
            4.457839,
            50.893795
          ],
          [
            4.457615,
            50.893719
          ],
          [
            4.457241,
            50.89361
          ],
          [
            4.457024,
            50.89356
          ],
          [
            4.456847,
            50.893529
          ],
          [
            4.456667,
            50.893505
          ],
          [
            4.456496,
            50.893487
          ],
          [
            4.456277,
            50.893475
          ],
          [
            4.456047,
            50.893475
          ],
          [
            4.455734,
            50.893487
          ],
          [
            4.455234,
            50.893502
          ],
          [
            4.454861,
            50.893529
          ],
          [
            4.454536,
            50.893548
          ],
          [
            4.45436,
            50.89355
          ],
          [
            4.4542,
            50.893544
          ],
          [
            4.454061,
            50.893531
          ],
          [
            4.453927,
            50.893513
          ],
          [
            4.453779,
            50.893487
          ],
          [
            4.453655,
            50.893462
          ],
          [
            4.453522,
            50.893428
          ],
          [
            4.453408,
            50.893393
          ],
          [
            4.45329,
            50.89335
          ],
          [
            4.453158,
            50.893299
          ],
          [
            4.453029,
            50.893241
          ],
          [
            4.452915,
            50.893182
          ],
          [
            4.452819,
            50.893125
          ],
          [
            4.452727,
            50.893066
          ],
          [
            4.452629,
            50.892995
          ],
          [
            4.452525,
            50.892902
          ],
          [
            4.452433,
            50.892813
          ],
          [
            4.452369,
            50.892742
          ],
          [
            4.452299,
            50.89264
          ],
          [
            4.452231,
            50.89253
          ],
          [
            4.452186,
            50.892433
          ],
          [
            4.452165,
            50.892372
          ],
          [
            4.452118,
            50.89224
          ],
          [
            4.452155,
            50.891954
          ],
          [
            4.452172,
            50.891865
          ],
          [
            4.452191,
            50.891784
          ],
          [
            4.452207,
            50.891625
          ],
          [
            4.452238,
            50.891409
          ],
          [
            4.452279,
            50.891238
          ],
          [
            4.452289,
            50.891022
          ],
          [
            4.452377,
            50.890347
          ],
          [
            4.452391,
            50.890232
          ],
          [
            4.452421,
            50.889736
          ],
          [
            4.452427,
            50.8896
          ],
          [
            4.452442,
            50.889484
          ],
          [
            4.452466,
            50.889414
          ],
          [
            4.452508,
            50.889338
          ],
          [
            4.452559,
            50.889275
          ],
          [
            4.452611,
            50.889233
          ],
          [
            4.452667,
            50.889199
          ],
          [
            4.452755,
            50.889158
          ],
          [
            4.452891,
            50.889113
          ],
          [
            4.452991,
            50.889089
          ],
          [
            4.45308,
            50.889076
          ],
          [
            4.453142,
            50.889073
          ],
          [
            4.453214,
            50.889076
          ],
          [
            4.453303,
            50.889089
          ],
          [
            4.453403,
            50.889108
          ],
          [
            4.45357,
            50.889155
          ],
          [
            4.453996,
            50.889251
          ],
          [
            4.454252,
            50.889255
          ],
          [
            4.454452,
            50.889249
          ],
          [
            4.454675,
            50.889212
          ],
          [
            4.454902,
            50.889162
          ],
          [
            4.455114,
            50.889083
          ],
          [
            4.455303,
            50.888995
          ],
          [
            4.455492,
            50.888893
          ],
          [
            4.456294,
            50.888422
          ],
          [
            4.456512,
            50.88825
          ],
          [
            4.456682,
            50.888105
          ],
          [
            4.45691,
            50.88798
          ],
          [
            4.457694,
            50.887154
          ],
          [
            4.458456,
            50.886363
          ],
          [
            4.458784,
            50.885972
          ],
          [
            4.458972,
            50.885705
          ],
          [
            4.459094,
            50.885507
          ],
          [
            4.459262,
            50.885189
          ],
          [
            4.459312,
            50.885078
          ],
          [
            4.459355,
            50.884978
          ],
          [
            4.459525,
            50.884618
          ],
          [
            4.459619,
            50.884267
          ],
          [
            4.45987,
            50.883178
          ],
          [
            4.459943,
            50.88278
          ],
          [
            4.460036,
            50.882354
          ],
          [
            4.460142,
            50.881914
          ],
          [
            4.460356,
            50.881002
          ],
          [
            4.460369,
            50.880961
          ],
          [
            4.460477,
            50.880658
          ],
          [
            4.460535,
            50.88054
          ],
          [
            4.460875,
            50.879909
          ],
          [
            4.461028,
            50.879687
          ],
          [
            4.461224,
            50.879397
          ],
          [
            4.461406,
            50.879181
          ],
          [
            4.46166,
            50.878936
          ],
          [
            4.461958,
            50.87862
          ],
          [
            4.462236,
            50.878319
          ],
          [
            4.462447,
            50.87806
          ],
          [
            4.462535,
            50.877999
          ],
          [
            4.462659,
            50.877846
          ],
          [
            4.462785,
            50.877673
          ],
          [
            4.463,
            50.877361
          ],
          [
            4.463325,
            50.876867
          ],
          [
            4.46364,
            50.876362
          ],
          [
            4.465723,
            50.873337
          ],
          [
            4.46655,
            50.872137
          ],
          [
            4.466612,
            50.871914
          ],
          [
            4.466704,
            50.871622
          ],
          [
            4.466784,
            50.871322
          ],
          [
            4.466794,
            50.87107
          ],
          [
            4.466765,
            50.870769
          ],
          [
            4.466585,
            50.870222
          ],
          [
            4.466505,
            50.869994
          ],
          [
            4.466347,
            50.869732
          ],
          [
            4.466239,
            50.869498
          ],
          [
            4.46616,
            50.869261
          ],
          [
            4.46611,
            50.869027
          ],
          [
            4.466107,
            50.868817
          ],
          [
            4.466127,
            50.868613
          ],
          [
            4.466188,
            50.868413
          ],
          [
            4.466287,
            50.868219
          ],
          [
            4.466423,
            50.868034
          ],
          [
            4.466595,
            50.867862
          ],
          [
            4.4668,
            50.867704
          ],
          [
            4.467034,
            50.867564
          ],
          [
            4.467294,
            50.867442
          ],
          [
            4.467575,
            50.867343
          ],
          [
            4.467875,
            50.867266
          ],
          [
            4.468187,
            50.867213
          ],
          [
            4.468507,
            50.867185
          ],
          [
            4.46883,
            50.867182
          ],
          [
            4.469151,
            50.867205
          ],
          [
            4.469419,
            50.867248
          ],
          [
            4.469682,
            50.867303
          ],
          [
            4.469938,
            50.86737
          ],
          [
            4.470186,
            50.867449
          ],
          [
            4.470423,
            50.867539
          ],
          [
            4.470648,
            50.867641
          ],
          [
            4.470922,
            50.867777
          ],
          [
            4.471139,
            50.867886
          ],
          [
            4.471468,
            50.86807
          ],
          [
            4.472012,
            50.868377
          ],
          [
            4.472324,
            50.868537
          ],
          [
            4.472551,
            50.868637
          ],
          [
            4.472815,
            50.868724
          ],
          [
            4.473205,
            50.868818
          ],
          [
            4.473823,
            50.8689
          ],
          [
            4.474437,
            50.868944
          ],
          [
            4.475128,
            50.868991
          ],
          [
            4.475471,
            50.868995
          ],
          [
            4.47636,
            50.869064
          ],
          [
            4.47706,
            50.869117
          ],
          [
            4.477711,
            50.869162
          ],
          [
            4.478176,
            50.869189
          ],
          [
            4.47924,
            50.869221
          ],
          [
            4.480443,
            50.869241
          ],
          [
            4.48097,
            50.869251
          ],
          [
            4.481144,
            50.869265
          ],
          [
            4.481297,
            50.869307
          ],
          [
            4.48153,
            50.869307
          ],
          [
            4.484992,
            50.869307
          ],
          [
            4.48743,
            50.869308
          ],
          [
            4.492371,
            50.869294
          ],
          [
            4.492569,
            50.869293
          ],
          [
            4.493929,
            50.869293
          ],
          [
            4.495205,
            50.869293
          ],
          [
            4.500458,
            50.869292
          ],
          [
            4.504395,
            50.869301
          ],
          [
            4.50902,
            50.869296
          ],
          [
            4.512007,
            50.869293
          ],
          [
            4.515889,
            50.869288
          ],
          [
            4.518812,
            50.869286
          ],
          [
            4.523654,
            50.869281
          ],
          [
            4.538996,
            50.869266
          ],
          [
            4.544491,
            50.869238
          ],
          [
            4.546489,
            50.869215
          ],
          [
            4.548866,
            50.869171
          ],
          [
            4.550371,
            50.869136
          ],
          [
            4.552025,
            50.869076
          ],
          [
            4.553448,
            50.869019
          ],
          [
            4.554729,
            50.868958
          ],
          [
            4.555838,
            50.868898
          ],
          [
            4.556711,
            50.868843
          ],
          [
            4.557749,
            50.868776
          ],
          [
            4.559179,
            50.868675
          ],
          [
            4.560392,
            50.868579
          ],
          [
            4.561643,
            50.868467
          ],
          [
            4.562202,
            50.868416
          ],
          [
            4.564255,
            50.868214
          ],
          [
            4.565486,
            50.868077
          ],
          [
            4.567058,
            50.867893
          ],
          [
            4.568782,
            50.867674
          ],
          [
            4.570487,
            50.867441
          ],
          [
            4.572214,
            50.867196
          ],
          [
            4.573762,
            50.866964
          ],
          [
            4.575656,
            50.866671
          ],
          [
            4.57876,
            50.866168
          ],
          [
            4.583707,
            50.865347
          ],
          [
            4.59519,
            50.863436
          ],
          [
            4.605029,
            50.861825
          ],
          [
            4.607589,
            50.861461
          ],
          [
            4.610478,
            50.861063
          ],
          [
            4.612574,
            50.860775
          ],
          [
            4.616168,
            50.860291
          ],
          [
            4.618679,
            50.859961
          ],
          [
            4.620415,
            50.859722
          ],
          [
            4.620858,
            50.859661
          ],
          [
            4.623627,
            50.85929
          ],
          [
            4.627677,
            50.858745
          ],
          [
            4.628494,
            50.858636
          ],
          [
            4.628712,
            50.85862
          ],
          [
            4.633797,
            50.857931
          ],
          [
            4.640432,
            50.857002
          ],
          [
            4.642116,
            50.856744
          ],
          [
            4.644206,
            50.856388
          ],
          [
            4.645373,
            50.85617
          ],
          [
            4.646476,
            50.855958
          ],
          [
            4.648076,
            50.85561
          ],
          [
            4.649548,
            50.855277
          ],
          [
            4.652361,
            50.854591
          ],
          [
            4.662243,
            50.852092
          ],
          [
            4.665451,
            50.851279
          ],
          [
            4.669696,
            50.850203
          ],
          [
            4.670174,
            50.850081
          ],
          [
            4.670952,
            50.849884
          ],
          [
            4.673422,
            50.849261
          ],
          [
            4.673897,
            50.84914
          ],
          [
            4.675826,
            50.848657
          ],
          [
            4.677312,
            50.848301
          ],
          [
            4.679458,
            50.847819
          ],
          [
            4.681726,
            50.84738
          ],
          [
            4.684,
            50.847007
          ],
          [
            4.685486,
            50.846787
          ],
          [
            4.687833,
            50.846505
          ],
          [
            4.689381,
            50.846357
          ],
          [
            4.690956,
            50.846229
          ],
          [
            4.693223,
            50.846071
          ],
          [
            4.695624,
            50.845933
          ],
          [
            4.696224,
            50.845899
          ],
          [
            4.70191,
            50.845577
          ],
          [
            4.703602,
            50.845481
          ],
          [
            4.704218,
            50.845446
          ],
          [
            4.712181,
            50.84499
          ],
          [
            4.716868,
            50.844721
          ],
          [
            4.717196,
            50.844702
          ],
          [
            4.717551,
            50.844682
          ],
          [
            4.720367,
            50.844521
          ],
          [
            4.727548,
            50.844114
          ],
          [
            4.730745,
            50.843919
          ],
          [
            4.732994,
            50.843762
          ],
          [
            4.735326,
            50.843554
          ],
          [
            4.736856,
            50.843387
          ],
          [
            4.738388,
            50.843186
          ],
          [
            4.739899,
            50.842976
          ],
          [
            4.741415,
            50.842734
          ],
          [
            4.742927,
            50.84247
          ],
          [
            4.744435,
            50.842181
          ],
          [
            4.745953,
            50.84187
          ],
          [
            4.747519,
            50.841533
          ],
          [
            4.749002,
            50.841204
          ],
          [
            4.751504,
            50.840638
          ],
          [
            4.751942,
            50.84054
          ],
          [
            4.760462,
            50.838629
          ],
          [
            4.76062,
            50.838598
          ],
          [
            4.789344,
            50.832151
          ],
          [
            4.790038,
            50.831995
          ],
          [
            4.804643,
            50.828728
          ],
          [
            4.81125,
            50.827243
          ],
          [
            4.816624,
            50.826034
          ],
          [
            4.817219,
            50.8259
          ],
          [
            4.821484,
            50.824944
          ],
          [
            4.823127,
            50.824576
          ],
          [
            4.823708,
            50.824446
          ],
          [
            4.824235,
            50.824328
          ],
          [
            4.830263,
            50.822966
          ],
          [
            4.83246,
            50.822465
          ],
          [
            4.835044,
            50.821842
          ],
          [
            4.836971,
            50.821347
          ],
          [
            4.838982,
            50.820812
          ],
          [
            4.841064,
            50.820204
          ],
          [
            4.843137,
            50.819537
          ],
          [
            4.844468,
            50.819082
          ],
          [
            4.845871,
            50.818573
          ],
          [
            4.847157,
            50.818082
          ],
          [
            4.84851,
            50.817543
          ],
          [
            4.849762,
            50.817013
          ],
          [
            4.851106,
            50.816436
          ],
          [
            4.852392,
            50.815851
          ],
          [
            4.8542,
            50.815004
          ],
          [
            4.856628,
            50.813829
          ],
          [
            4.876215,
            50.804197
          ],
          [
            4.876559,
            50.804028
          ],
          [
            4.884418,
            50.800168
          ],
          [
            4.884862,
            50.799949
          ],
          [
            4.887123,
            50.798823
          ],
          [
            4.891501,
            50.796683
          ],
          [
            4.892162,
            50.796359
          ],
          [
            4.902906,
            50.791072
          ],
          [
            4.909132,
            50.788003
          ],
          [
            4.9096,
            50.787765
          ],
          [
            4.91129,
            50.786912
          ],
          [
            4.912704,
            50.786177
          ],
          [
            4.913312,
            50.785861
          ],
          [
            4.913971,
            50.785516
          ],
          [
            4.91622,
            50.78427
          ],
          [
            4.917777,
            50.783362
          ],
          [
            4.919884,
            50.782055
          ],
          [
            4.920969,
            50.781349
          ],
          [
            4.922032,
            50.780631
          ],
          [
            4.923095,
            50.779884
          ],
          [
            4.924162,
            50.779094
          ],
          [
            4.925693,
            50.777926
          ],
          [
            4.927542,
            50.776413
          ],
          [
            4.928557,
            50.77554
          ],
          [
            4.929755,
            50.774468
          ],
          [
            4.931382,
            50.772984
          ],
          [
            4.932092,
            50.772325
          ],
          [
            4.938992,
            50.765669
          ],
          [
            4.939123,
            50.765543
          ],
          [
            4.943264,
            50.761568
          ],
          [
            4.943584,
            50.761257
          ],
          [
            4.947423,
            50.757558
          ],
          [
            4.948827,
            50.756206
          ],
          [
            4.950079,
            50.754999
          ],
          [
            4.953277,
            50.751923
          ],
          [
            4.953378,
            50.751826
          ],
          [
            4.954918,
            50.750345
          ],
          [
            4.957577,
            50.747793
          ],
          [
            4.959294,
            50.746134
          ],
          [
            4.960071,
            50.745384
          ],
          [
            4.961556,
            50.743962
          ],
          [
            4.964482,
            50.74113
          ],
          [
            4.968764,
            50.737034
          ],
          [
            4.971117,
            50.734856
          ],
          [
            4.971661,
            50.734387
          ],
          [
            4.972506,
            50.73366
          ],
          [
            4.973428,
            50.7329
          ],
          [
            4.974429,
            50.732109
          ],
          [
            4.97544,
            50.731351
          ],
          [
            4.976466,
            50.730617
          ],
          [
            4.977519,
            50.729903
          ],
          [
            4.978613,
            50.729197
          ],
          [
            4.979742,
            50.728492
          ],
          [
            4.980858,
            50.727846
          ],
          [
            4.982062,
            50.727165
          ],
          [
            4.983241,
            50.726538
          ],
          [
            4.984441,
            50.725928
          ],
          [
            4.985657,
            50.72534
          ],
          [
            4.986877,
            50.724774
          ],
          [
            4.988248,
            50.72418
          ],
          [
            4.989336,
            50.723727
          ],
          [
            4.990631,
            50.723217
          ],
          [
            4.99199,
            50.722709
          ],
          [
            4.99335,
            50.72223
          ],
          [
            4.994749,
            50.721758
          ],
          [
            4.996126,
            50.721333
          ],
          [
            4.997464,
            50.720931
          ],
          [
            4.998937,
            50.72053
          ],
          [
            5.000385,
            50.720146
          ],
          [
            5.001871,
            50.719793
          ],
          [
            5.003539,
            50.719418
          ],
          [
            5.003746,
            50.719374
          ],
          [
            5.005562,
            50.719022
          ],
          [
            5.007077,
            50.718749
          ],
          [
            5.0086,
            50.718496
          ],
          [
            5.010104,
            50.718277
          ],
          [
            5.011632,
            50.71808
          ],
          [
            5.013204,
            50.717904
          ],
          [
            5.014662,
            50.717756
          ],
          [
            5.016203,
            50.717629
          ],
          [
            5.017702,
            50.717528
          ],
          [
            5.01925,
            50.71744
          ],
          [
            5.020805,
            50.717376
          ],
          [
            5.023289,
            50.717288
          ],
          [
            5.024013,
            50.717271
          ],
          [
            5.024953,
            50.717248
          ],
          [
            5.025565,
            50.717235
          ],
          [
            5.026018,
            50.717227
          ],
          [
            5.027459,
            50.717203
          ],
          [
            5.031453,
            50.717142
          ],
          [
            5.03226,
            50.71713
          ],
          [
            5.038623,
            50.717033
          ],
          [
            5.041484,
            50.716976
          ],
          [
            5.043169,
            50.71693
          ],
          [
            5.044982,
            50.716867
          ],
          [
            5.046556,
            50.716803
          ],
          [
            5.048128,
            50.716725
          ],
          [
            5.050378,
            50.716596
          ],
          [
            5.052425,
            50.716457
          ],
          [
            5.054854,
            50.71627
          ],
          [
            5.055624,
            50.716201
          ],
          [
            5.057932,
            50.715988
          ],
          [
            5.059112,
            50.715871
          ],
          [
            5.059789,
            50.715805
          ],
          [
            5.061159,
            50.715651
          ],
          [
            5.062375,
            50.715508
          ],
          [
            5.064334,
            50.715264
          ],
          [
            5.066557,
            50.714973
          ],
          [
            5.068314,
            50.714721
          ],
          [
            5.070484,
            50.714389
          ],
          [
            5.071576,
            50.714218
          ],
          [
            5.072906,
            50.713996
          ],
          [
            5.077445,
            50.713193
          ],
          [
            5.081437,
            50.712479
          ],
          [
            5.081809,
            50.712416
          ],
          [
            5.08763,
            50.711384
          ],
          [
            5.091826,
            50.710641
          ],
          [
            5.102024,
            50.708827
          ],
          [
            5.102453,
            50.708749
          ],
          [
            5.123288,
            50.705046
          ],
          [
            5.1237,
            50.704974
          ],
          [
            5.129775,
            50.703889
          ],
          [
            5.132725,
            50.703366
          ],
          [
            5.140877,
            50.701914
          ],
          [
            5.143156,
            50.701542
          ],
          [
            5.145416,
            50.701202
          ],
          [
            5.14767,
            50.700895
          ],
          [
            5.149973,
            50.700607
          ],
          [
            5.152307,
            50.700357
          ],
          [
            5.154667,
            50.700131
          ],
          [
            5.156979,
            50.699938
          ],
          [
            5.159272,
            50.699775
          ],
          [
            5.161614,
            50.699644
          ],
          [
            5.16392,
            50.699545
          ],
          [
            5.166268,
            50.699478
          ],
          [
            5.168646,
            50.699438
          ],
          [
            5.170971,
            50.699429
          ],
          [
            5.171908,
            50.699429
          ],
          [
            5.172119,
            50.699433
          ],
          [
            5.173316,
            50.699452
          ],
          [
            5.175654,
            50.699503
          ],
          [
            5.179342,
            50.699654
          ],
          [
            5.181017,
            50.699741
          ],
          [
            5.182687,
            50.699848
          ],
          [
            5.185225,
            50.700045
          ],
          [
            5.187577,
            50.700251
          ],
          [
            5.189913,
            50.700493
          ],
          [
            5.193417,
            50.700915
          ],
          [
            5.209726,
            50.702936
          ],
          [
            5.210597,
            50.703044
          ],
          [
            5.215347,
            50.703631
          ],
          [
            5.216812,
            50.703813
          ],
          [
            5.232422,
            50.705734
          ],
          [
            5.234724,
            50.705996
          ],
          [
            5.237052,
            50.706227
          ],
          [
            5.238574,
            50.70635
          ],
          [
            5.240126,
            50.70648
          ],
          [
            5.242456,
            50.706615
          ],
          [
            5.245371,
            50.706757
          ],
          [
            5.248339,
            50.706835
          ],
          [
            5.250903,
            50.706861
          ],
          [
            5.253229,
            50.70685
          ],
          [
            5.255908,
            50.70679
          ],
          [
            5.25741,
            50.706736
          ],
          [
            5.260019,
            50.706606
          ],
          [
            5.261096,
            50.706541
          ],
          [
            5.264582,
            50.706293
          ],
          [
            5.272338,
            50.705734
          ],
          [
            5.277541,
            50.705423
          ],
          [
            5.283895,
            50.705055
          ],
          [
            5.286536,
            50.704903
          ],
          [
            5.292764,
            50.704544
          ],
          [
            5.293723,
            50.704487
          ],
          [
            5.299564,
            50.704143
          ],
          [
            5.302276,
            50.703983
          ],
          [
            5.31317,
            50.703356
          ],
          [
            5.313631,
            50.70333
          ],
          [
            5.343765,
            50.701569
          ],
          [
            5.344285,
            50.701542
          ],
          [
            5.346333,
            50.701415
          ],
          [
            5.348667,
            50.701233
          ],
          [
            5.350983,
            50.701028
          ],
          [
            5.353302,
            50.700787
          ],
          [
            5.355598,
            50.700518
          ],
          [
            5.357905,
            50.700208
          ],
          [
            5.360133,
            50.699879
          ],
          [
            5.362406,
            50.699512
          ],
          [
            5.364693,
            50.6991
          ],
          [
            5.366921,
            50.698672
          ],
          [
            5.369153,
            50.698212
          ],
          [
            5.371379,
            50.697708
          ],
          [
            5.382651,
            50.695148
          ],
          [
            5.383114,
            50.695045
          ],
          [
            5.388997,
            50.693704
          ],
          [
            5.392595,
            50.692886
          ],
          [
            5.396401,
            50.692023
          ],
          [
            5.39707,
            50.691875
          ],
          [
            5.401739,
            50.690809
          ],
          [
            5.405113,
            50.690044
          ],
          [
            5.40695,
            50.689627
          ],
          [
            5.410334,
            50.68886
          ],
          [
            5.416509,
            50.687454
          ],
          [
            5.420193,
            50.68662
          ],
          [
            5.450533,
            50.679701
          ],
          [
            5.453059,
            50.679125
          ],
          [
            5.455369,
            50.678568
          ],
          [
            5.458531,
            50.677756
          ],
          [
            5.463772,
            50.676353
          ],
          [
            5.466131,
            50.675725
          ],
          [
            5.467253,
            50.675426
          ],
          [
            5.467947,
            50.675241
          ],
          [
            5.468634,
            50.675058
          ],
          [
            5.469276,
            50.674875
          ],
          [
            5.470678,
            50.674467
          ],
          [
            5.472193,
            50.673987
          ],
          [
            5.47454,
            50.673225
          ],
          [
            5.475432,
            50.672926
          ],
          [
            5.476584,
            50.672494
          ],
          [
            5.477364,
            50.672172
          ],
          [
            5.47805,
            50.671853
          ],
          [
            5.47851,
            50.671633
          ],
          [
            5.47919,
            50.671279
          ],
          [
            5.479424,
            50.671188
          ],
          [
            5.480517,
            50.670565
          ],
          [
            5.482849,
            50.669188
          ],
          [
            5.483655,
            50.668715
          ],
          [
            5.483932,
            50.668552
          ],
          [
            5.48449,
            50.668256
          ],
          [
            5.485019,
            50.668005
          ],
          [
            5.485532,
            50.667798
          ],
          [
            5.486089,
            50.667641
          ],
          [
            5.486609,
            50.667534
          ],
          [
            5.487154,
            50.66746
          ],
          [
            5.487731,
            50.667427
          ],
          [
            5.48835,
            50.667441
          ],
          [
            5.488879,
            50.667491
          ],
          [
            5.489381,
            50.66757
          ],
          [
            5.489836,
            50.667658
          ],
          [
            5.490428,
            50.6678
          ],
          [
            5.491509,
            50.668084
          ],
          [
            5.492147,
            50.668248
          ],
          [
            5.493225,
            50.668544
          ],
          [
            5.494156,
            50.668782
          ],
          [
            5.495007,
            50.668971
          ],
          [
            5.495664,
            50.669076
          ],
          [
            5.496297,
            50.669139
          ],
          [
            5.496857,
            50.669194
          ],
          [
            5.497538,
            50.669237
          ],
          [
            5.498444,
            50.669272
          ],
          [
            5.498804,
            50.669272
          ],
          [
            5.500717,
            50.669302
          ],
          [
            5.502546,
            50.669342
          ],
          [
            5.504569,
            50.669402
          ],
          [
            5.504731,
            50.669387
          ],
          [
            5.508101,
            50.669601
          ],
          [
            5.509341,
            50.669676
          ],
          [
            5.51006,
            50.669728
          ],
          [
            5.51375,
            50.670006
          ],
          [
            5.521656,
            50.6706
          ],
          [
            5.525528,
            50.670891
          ],
          [
            5.528922,
            50.671145
          ],
          [
            5.533671,
            50.671498
          ],
          [
            5.534608,
            50.671568
          ],
          [
            5.535369,
            50.671625
          ],
          [
            5.537229,
            50.671764
          ],
          [
            5.539436,
            50.67193
          ],
          [
            5.542784,
            50.672182
          ],
          [
            5.543465,
            50.672231
          ],
          [
            5.545621,
            50.672409
          ],
          [
            5.547137,
            50.672561
          ],
          [
            5.547669,
            50.672615
          ],
          [
            5.548383,
            50.672694
          ],
          [
            5.550989,
            50.672985
          ],
          [
            5.553422,
            50.673251
          ],
          [
            5.557041,
            50.673641
          ],
          [
            5.55956,
            50.673917
          ],
          [
            5.560088,
            50.673975
          ],
          [
            5.560266,
            50.673994
          ],
          [
            5.563543,
            50.674353
          ],
          [
            5.566948,
            50.674729
          ],
          [
            5.568946,
            50.674951
          ],
          [
            5.57103,
            50.675197
          ],
          [
            5.572562,
            50.675411
          ],
          [
            5.574593,
            50.675766
          ],
          [
            5.575505,
            50.67593
          ],
          [
            5.576793,
            50.676197
          ],
          [
            5.57768,
            50.676391
          ],
          [
            5.578561,
            50.676589
          ],
          [
            5.581151,
            50.677267
          ],
          [
            5.582654,
            50.6777
          ],
          [
            5.584197,
            50.678192
          ],
          [
            5.585692,
            50.678678
          ],
          [
            5.602623,
            50.68434
          ],
          [
            5.604017,
            50.684801
          ],
          [
            5.60556,
            50.68532
          ],
          [
            5.609727,
            50.686711
          ],
          [
            5.610349,
            50.68692
          ],
          [
            5.610862,
            50.68708
          ],
          [
            5.611623,
            50.687322
          ],
          [
            5.612367,
            50.687545
          ],
          [
            5.613023,
            50.687722
          ],
          [
            5.614315,
            50.688042
          ],
          [
            5.615377,
            50.688281
          ],
          [
            5.616444,
            50.688476
          ],
          [
            5.617631,
            50.688664
          ],
          [
            5.619273,
            50.688867
          ],
          [
            5.620716,
            50.688989
          ],
          [
            5.621553,
            50.689046
          ],
          [
            5.622298,
            50.68908
          ],
          [
            5.623,
            50.689098
          ],
          [
            5.624082,
            50.689107
          ],
          [
            5.624497,
            50.689104
          ],
          [
            5.625086,
            50.689092
          ],
          [
            5.625686,
            50.689068
          ],
          [
            5.626281,
            50.689039
          ],
          [
            5.62728,
            50.688975
          ],
          [
            5.628294,
            50.688889
          ],
          [
            5.629012,
            50.688811
          ],
          [
            5.629747,
            50.688722
          ],
          [
            5.630945,
            50.688535
          ],
          [
            5.63211,
            50.688333
          ],
          [
            5.633399,
            50.688064
          ],
          [
            5.634508,
            50.687797
          ],
          [
            5.635687,
            50.68747
          ],
          [
            5.636748,
            50.687158
          ],
          [
            5.63959,
            50.686308
          ],
          [
            5.64002,
            50.686179
          ],
          [
            5.642007,
            50.685584
          ],
          [
            5.64328,
            50.685202
          ],
          [
            5.643829,
            50.685038
          ],
          [
            5.644322,
            50.684891
          ],
          [
            5.647312,
            50.683996
          ],
          [
            5.649127,
            50.683452
          ],
          [
            5.655674,
            50.681488
          ],
          [
            5.657461,
            50.680953
          ],
          [
            5.658155,
            50.680745
          ],
          [
            5.658586,
            50.680616
          ],
          [
            5.659386,
            50.680376
          ],
          [
            5.659799,
            50.680252
          ],
          [
            5.660472,
            50.68005
          ],
          [
            5.662876,
            50.679323
          ],
          [
            5.663762,
            50.679055
          ],
          [
            5.664476,
            50.678841
          ],
          [
            5.665628,
            50.678489
          ],
          [
            5.667623,
            50.677886
          ],
          [
            5.668244,
            50.677699
          ],
          [
            5.67195,
            50.676593
          ],
          [
            5.673565,
            50.676111
          ],
          [
            5.674537,
            50.675818
          ],
          [
            5.675318,
            50.675577
          ],
          [
            5.675657,
            50.67547
          ],
          [
            5.676218,
            50.675295
          ],
          [
            5.676752,
            50.675122
          ],
          [
            5.67722,
            50.674962
          ],
          [
            5.677697,
            50.674791
          ],
          [
            5.678265,
            50.674575
          ],
          [
            5.678728,
            50.674394
          ],
          [
            5.679709,
            50.673986
          ],
          [
            5.6807,
            50.673549
          ],
          [
            5.68161,
            50.673072
          ],
          [
            5.68251,
            50.67258
          ],
          [
            5.683378,
            50.672066
          ],
          [
            5.684224,
            50.671524
          ],
          [
            5.689083,
            50.668316
          ],
          [
            5.689471,
            50.668058
          ],
          [
            5.690662,
            50.667259
          ],
          [
            5.694778,
            50.66453
          ],
          [
            5.696662,
            50.663281
          ],
          [
            5.698216,
            50.662249
          ],
          [
            5.705953,
            50.657115
          ],
          [
            5.706642,
            50.656665
          ],
          [
            5.707316,
            50.656212
          ],
          [
            5.707854,
            50.655847
          ],
          [
            5.709792,
            50.654585
          ],
          [
            5.709956,
            50.654482
          ],
          [
            5.710668,
            50.654019
          ],
          [
            5.712455,
            50.652824
          ],
          [
            5.715185,
            50.651016
          ],
          [
            5.72407,
            50.645115
          ],
          [
            5.726127,
            50.643765
          ],
          [
            5.727278,
            50.643056
          ],
          [
            5.728666,
            50.642249
          ],
          [
            5.730377,
            50.641332
          ],
          [
            5.731984,
            50.640549
          ],
          [
            5.733118,
            50.64002
          ],
          [
            5.734309,
            50.639511
          ],
          [
            5.734712,
            50.639346
          ],
          [
            5.735879,
            50.638878
          ],
          [
            5.736422,
            50.63867
          ],
          [
            5.737242,
            50.638361
          ],
          [
            5.738529,
            50.637922
          ],
          [
            5.739953,
            50.637465
          ],
          [
            5.741304,
            50.637054
          ],
          [
            5.742699,
            50.636667
          ],
          [
            5.743722,
            50.636401
          ],
          [
            5.744568,
            50.6362
          ],
          [
            5.7452,
            50.636054
          ],
          [
            5.745667,
            50.635946
          ],
          [
            5.747726,
            50.635527
          ],
          [
            5.748607,
            50.635358
          ],
          [
            5.749876,
            50.635145
          ],
          [
            5.750454,
            50.635058
          ],
          [
            5.751089,
            50.634962
          ],
          [
            5.752446,
            50.63477
          ],
          [
            5.753973,
            50.634596
          ],
          [
            5.755512,
            50.634443
          ],
          [
            5.756505,
            50.634362
          ],
          [
            5.757491,
            50.63429
          ],
          [
            5.758676,
            50.634219
          ],
          [
            5.759078,
            50.634197
          ],
          [
            5.760867,
            50.634142
          ],
          [
            5.763128,
            50.634134
          ],
          [
            5.764736,
            50.634142
          ],
          [
            5.767924,
            50.634157
          ],
          [
            5.77397,
            50.634189
          ],
          [
            5.779892,
            50.634227
          ],
          [
            5.785507,
            50.634259
          ],
          [
            5.791125,
            50.634291
          ],
          [
            5.798071,
            50.634328
          ],
          [
            5.804486,
            50.634361
          ],
          [
            5.808101,
            50.634401
          ],
          [
            5.810924,
            50.634482
          ],
          [
            5.812877,
            50.634559
          ],
          [
            5.814492,
            50.634646
          ],
          [
            5.816845,
            50.634795
          ],
          [
            5.81772,
            50.634855
          ],
          [
            5.82002,
            50.635047
          ],
          [
            5.821869,
            50.635223
          ],
          [
            5.82459,
            50.635538
          ],
          [
            5.825132,
            50.635595
          ],
          [
            5.826095,
            50.635713
          ],
          [
            5.827285,
            50.635863
          ],
          [
            5.828842,
            50.636057
          ],
          [
            5.82929,
            50.636059
          ],
          [
            5.831005,
            50.636231
          ],
          [
            5.831404,
            50.636259
          ],
          [
            5.831792,
            50.636266
          ],
          [
            5.832288,
            50.636219
          ],
          [
            5.832563,
            50.636174
          ],
          [
            5.832874,
            50.63609
          ],
          [
            5.833124,
            50.636
          ],
          [
            5.833373,
            50.6359
          ],
          [
            5.833613,
            50.635767
          ],
          [
            5.833813,
            50.635638
          ],
          [
            5.834686,
            50.635012
          ],
          [
            5.838212,
            50.632494
          ],
          [
            5.838917,
            50.63204
          ],
          [
            5.839376,
            50.631773
          ],
          [
            5.839727,
            50.631636
          ],
          [
            5.840098,
            50.631468
          ],
          [
            5.840499,
            50.631317
          ],
          [
            5.840856,
            50.631202
          ],
          [
            5.841499,
            50.631048
          ],
          [
            5.842029,
            50.630954
          ],
          [
            5.842574,
            50.630881
          ],
          [
            5.844455,
            50.630713
          ],
          [
            5.846285,
            50.630563
          ],
          [
            5.846932,
            50.630499
          ],
          [
            5.847291,
            50.630441
          ],
          [
            5.84774,
            50.630359
          ],
          [
            5.848173,
            50.630253
          ],
          [
            5.848647,
            50.630088
          ],
          [
            5.849007,
            50.62994
          ],
          [
            5.849315,
            50.629781
          ],
          [
            5.849568,
            50.629634
          ],
          [
            5.849823,
            50.629461
          ],
          [
            5.850272,
            50.629081
          ],
          [
            5.850459,
            50.628892
          ],
          [
            5.850628,
            50.62867
          ],
          [
            5.850792,
            50.628418
          ],
          [
            5.850878,
            50.628238
          ],
          [
            5.850949,
            50.628058
          ],
          [
            5.851016,
            50.627826
          ],
          [
            5.851042,
            50.627632
          ],
          [
            5.85107,
            50.627335
          ],
          [
            5.85105,
            50.627139
          ],
          [
            5.850977,
            50.62678
          ],
          [
            5.850901,
            50.626511
          ],
          [
            5.850861,
            50.626397
          ],
          [
            5.850727,
            50.625992
          ],
          [
            5.850676,
            50.625766
          ],
          [
            5.850651,
            50.625604
          ],
          [
            5.850635,
            50.625435
          ],
          [
            5.850635,
            50.625271
          ],
          [
            5.85066,
            50.625062
          ],
          [
            5.850702,
            50.624843
          ],
          [
            5.850772,
            50.624591
          ],
          [
            5.850926,
            50.624262
          ],
          [
            5.851147,
            50.623893
          ],
          [
            5.851855,
            50.622924
          ],
          [
            5.852186,
            50.622419
          ],
          [
            5.852474,
            50.621929
          ],
          [
            5.852712,
            50.621471
          ],
          [
            5.852901,
            50.621094
          ],
          [
            5.85315,
            50.620497
          ],
          [
            5.853242,
            50.620215
          ],
          [
            5.853376,
            50.619769
          ],
          [
            5.85351,
            50.619214
          ],
          [
            5.853591,
            50.618777
          ],
          [
            5.853652,
            50.618342
          ],
          [
            5.853704,
            50.617595
          ],
          [
            5.853745,
            50.616705
          ],
          [
            5.853793,
            50.615888
          ],
          [
            5.853791,
            50.615591
          ],
          [
            5.853765,
            50.615349
          ],
          [
            5.853719,
            50.615167
          ],
          [
            5.85364,
            50.614946
          ],
          [
            5.853535,
            50.614724
          ],
          [
            5.853369,
            50.61448
          ],
          [
            5.853102,
            50.614183
          ],
          [
            5.852646,
            50.613683
          ],
          [
            5.852367,
            50.613345
          ],
          [
            5.852248,
            50.613158
          ],
          [
            5.852142,
            50.612946
          ],
          [
            5.852052,
            50.612699
          ],
          [
            5.85201,
            50.612524
          ],
          [
            5.851986,
            50.612275
          ],
          [
            5.851977,
            50.611963
          ],
          [
            5.852026,
            50.610585
          ],
          [
            5.852052,
            50.609763
          ],
          [
            5.852072,
            50.609454
          ],
          [
            5.852057,
            50.609009
          ],
          [
            5.852041,
            50.608656
          ],
          [
            5.852015,
            50.608439
          ],
          [
            5.851948,
            50.607939
          ],
          [
            5.851804,
            50.607192
          ],
          [
            5.851656,
            50.606594
          ],
          [
            5.851467,
            50.606
          ],
          [
            5.851109,
            50.605109
          ],
          [
            5.850842,
            50.60455
          ],
          [
            5.85054,
            50.603992
          ],
          [
            5.850287,
            50.603577
          ],
          [
            5.84994,
            50.603074
          ],
          [
            5.849811,
            50.602875
          ],
          [
            5.849367,
            50.602288
          ],
          [
            5.849081,
            50.601923
          ],
          [
            5.848079,
            50.600691
          ],
          [
            5.847018,
            50.59938
          ],
          [
            5.846252,
            50.598442
          ],
          [
            5.84561,
            50.597645
          ],
          [
            5.845167,
            50.597123
          ],
          [
            5.844503,
            50.596235
          ],
          [
            5.844303,
            50.595914
          ],
          [
            5.844146,
            50.595624
          ],
          [
            5.843997,
            50.595283
          ],
          [
            5.843902,
            50.595025
          ],
          [
            5.843803,
            50.59465
          ],
          [
            5.843757,
            50.594338
          ],
          [
            5.84372,
            50.593984
          ],
          [
            5.843716,
            50.59368
          ],
          [
            5.843736,
            50.593265
          ],
          [
            5.843808,
            50.592786
          ],
          [
            5.843921,
            50.59225
          ],
          [
            5.843979,
            50.591982
          ],
          [
            5.844084,
            50.59148
          ],
          [
            5.844253,
            50.590702
          ],
          [
            5.844372,
            50.590142
          ],
          [
            5.844483,
            50.589484
          ],
          [
            5.844632,
            50.588912
          ],
          [
            5.844725,
            50.588339
          ],
          [
            5.844777,
            50.587831
          ],
          [
            5.844788,
            50.587477
          ],
          [
            5.844794,
            50.586912
          ],
          [
            5.844753,
            50.58612
          ],
          [
            5.844739,
            50.585871
          ],
          [
            5.844726,
            50.585366
          ],
          [
            5.844734,
            50.585174
          ],
          [
            5.844808,
            50.584928
          ],
          [
            5.844899,
            50.584721
          ],
          [
            5.845002,
            50.584546
          ],
          [
            5.845074,
            50.584448
          ],
          [
            5.84514,
            50.58437
          ],
          [
            5.845249,
            50.584258
          ],
          [
            5.845353,
            50.584177
          ],
          [
            5.84549,
            50.584076
          ],
          [
            5.845592,
            50.584003
          ],
          [
            5.845714,
            50.583933
          ],
          [
            5.845828,
            50.583868
          ],
          [
            5.845968,
            50.583799
          ],
          [
            5.846082,
            50.583745
          ],
          [
            5.846381,
            50.583618
          ],
          [
            5.846927,
            50.583379
          ],
          [
            5.84709,
            50.583302
          ],
          [
            5.847343,
            50.583178
          ],
          [
            5.847537,
            50.583081
          ],
          [
            5.847856,
            50.582893
          ],
          [
            5.848149,
            50.582662
          ],
          [
            5.848621,
            50.582221
          ],
          [
            5.848926,
            50.581945
          ],
          [
            5.849148,
            50.581786
          ],
          [
            5.849462,
            50.581587
          ],
          [
            5.849901,
            50.581308
          ],
          [
            5.850409,
            50.580986
          ],
          [
            5.85137,
            50.580375
          ],
          [
            5.851634,
            50.580214
          ],
          [
            5.851896,
            50.580064
          ],
          [
            5.852123,
            50.579962
          ],
          [
            5.852387,
            50.579838
          ],
          [
            5.852837,
            50.579625
          ],
          [
            5.853308,
            50.579395
          ],
          [
            5.853966,
            50.579061
          ],
          [
            5.854044,
            50.579019
          ],
          [
            5.854104,
            50.578986
          ],
          [
            5.854238,
            50.578911
          ],
          [
            5.85437,
            50.578834
          ],
          [
            5.8545,
            50.578757
          ],
          [
            5.854619,
            50.578684
          ],
          [
            5.854757,
            50.578599
          ],
          [
            5.854868,
            50.578517
          ],
          [
            5.855108,
            50.578352
          ],
          [
            5.855432,
            50.578111
          ],
          [
            5.855587,
            50.577991
          ],
          [
            5.855739,
            50.577864
          ],
          [
            5.855935,
            50.577696
          ],
          [
            5.856096,
            50.577546
          ],
          [
            5.856303,
            50.577349
          ],
          [
            5.85653,
            50.57711
          ],
          [
            5.856685,
            50.576934
          ],
          [
            5.856834,
            50.57675
          ],
          [
            5.856971,
            50.576574
          ],
          [
            5.857127,
            50.576346
          ],
          [
            5.85723,
            50.576192
          ],
          [
            5.857328,
            50.576036
          ],
          [
            5.857491,
            50.575722
          ],
          [
            5.857614,
            50.575463
          ],
          [
            5.857688,
            50.575288
          ],
          [
            5.857803,
            50.574963
          ],
          [
            5.857874,
            50.574707
          ],
          [
            5.857937,
            50.574437
          ],
          [
            5.858011,
            50.573934
          ],
          [
            5.858021,
            50.573403
          ],
          [
            5.857983,
            50.572871
          ],
          [
            5.857908,
            50.572336
          ],
          [
            5.857821,
            50.571893
          ],
          [
            5.857507,
            50.5703
          ],
          [
            5.857185,
            50.56871
          ],
          [
            5.857046,
            50.567982
          ],
          [
            5.856883,
            50.567169
          ],
          [
            5.856666,
            50.566098
          ],
          [
            5.856599,
            50.565596
          ],
          [
            5.856585,
            50.565203
          ],
          [
            5.856611,
            50.564856
          ],
          [
            5.856678,
            50.564498
          ],
          [
            5.856806,
            50.564031
          ],
          [
            5.857011,
            50.563314
          ],
          [
            5.857273,
            50.562507
          ],
          [
            5.857482,
            50.561789
          ],
          [
            5.857511,
            50.561689
          ],
          [
            5.857863,
            50.560483
          ],
          [
            5.858012,
            50.559984
          ],
          [
            5.858169,
            50.559449
          ],
          [
            5.858356,
            50.558924
          ],
          [
            5.85856,
            50.558443
          ],
          [
            5.858822,
            50.557923
          ],
          [
            5.859129,
            50.557417
          ],
          [
            5.859303,
            50.557157
          ],
          [
            5.859486,
            50.556901
          ],
          [
            5.859863,
            50.556428
          ],
          [
            5.860298,
            50.555935
          ],
          [
            5.860769,
            50.555463
          ],
          [
            5.861221,
            50.555053
          ],
          [
            5.861872,
            50.554533
          ],
          [
            5.86235,
            50.55419
          ],
          [
            5.863291,
            50.553545
          ],
          [
            5.864573,
            50.552672
          ],
          [
            5.866202,
            50.551563
          ],
          [
            5.867008,
            50.551013
          ],
          [
            5.86744,
            50.550697
          ],
          [
            5.867995,
            50.550266
          ],
          [
            5.868273,
            50.550036
          ],
          [
            5.868517,
            50.549823
          ],
          [
            5.868937,
            50.549419
          ],
          [
            5.869352,
            50.54896
          ],
          [
            5.869729,
            50.54849
          ],
          [
            5.870051,
            50.548
          ],
          [
            5.870341,
            50.547489
          ],
          [
            5.870578,
            50.546995
          ],
          [
            5.870781,
            50.546482
          ],
          [
            5.870952,
            50.545983
          ],
          [
            5.87111,
            50.545467
          ],
          [
            5.871608,
            50.543814
          ],
          [
            5.872061,
            50.54235
          ],
          [
            5.872202,
            50.541922
          ],
          [
            5.872325,
            50.541588
          ],
          [
            5.872481,
            50.5412
          ],
          [
            5.872658,
            50.540809
          ],
          [
            5.872923,
            50.540275
          ],
          [
            5.873927,
            50.538445
          ],
          [
            5.875193,
            50.536176
          ],
          [
            5.875266,
            50.53605
          ],
          [
            5.877668,
            50.531741
          ],
          [
            5.877902,
            50.531293
          ],
          [
            5.878048,
            50.53105
          ],
          [
            5.87819,
            50.530824
          ],
          [
            5.878394,
            50.530521
          ],
          [
            5.878609,
            50.530222
          ],
          [
            5.879056,
            50.52967
          ],
          [
            5.879446,
            50.529257
          ],
          [
            5.879939,
            50.528808
          ],
          [
            5.880418,
            50.528411
          ],
          [
            5.880983,
            50.527996
          ],
          [
            5.881573,
            50.527612
          ],
          [
            5.881885,
            50.527431
          ],
          [
            5.88221,
            50.527245
          ],
          [
            5.882544,
            50.527075
          ],
          [
            5.882877,
            50.526904
          ],
          [
            5.883228,
            50.526745
          ],
          [
            5.883572,
            50.526596
          ],
          [
            5.883949,
            50.52644
          ],
          [
            5.884297,
            50.526309
          ],
          [
            5.885066,
            50.526049
          ],
          [
            5.88586,
            50.525813
          ],
          [
            5.886245,
            50.525711
          ],
          [
            5.886635,
            50.525621
          ],
          [
            5.887062,
            50.525528
          ],
          [
            5.887467,
            50.525448
          ],
          [
            5.888287,
            50.525311
          ],
          [
            5.888756,
            50.525251
          ],
          [
            5.889223,
            50.525199
          ],
          [
            5.889984,
            50.525137
          ],
          [
            5.890402,
            50.525114
          ],
          [
            5.890808,
            50.525099
          ],
          [
            5.891232,
            50.525091
          ],
          [
            5.89165,
            50.525092
          ],
          [
            5.892075,
            50.525101
          ],
          [
            5.892503,
            50.525117
          ],
          [
            5.892911,
            50.52514
          ],
          [
            5.893332,
            50.52517
          ],
          [
            5.894164,
            50.525261
          ],
          [
            5.894986,
            50.525376
          ],
          [
            5.895793,
            50.525518
          ],
          [
            5.897001,
            50.525736
          ],
          [
            5.899015,
            50.52612
          ],
          [
            5.900789,
            50.526494
          ],
          [
            5.904278,
            50.527161
          ],
          [
            5.904871,
            50.527275
          ],
          [
            5.90709,
            50.527699
          ],
          [
            5.908939,
            50.528036
          ],
          [
            5.909867,
            50.528182
          ],
          [
            5.910778,
            50.528304
          ],
          [
            5.911718,
            50.528408
          ],
          [
            5.912552,
            50.528473
          ],
          [
            5.913554,
            50.528513
          ],
          [
            5.914437,
            50.528512
          ],
          [
            5.914605,
            50.528507
          ],
          [
            5.914888,
            50.528496
          ],
          [
            5.914958,
            50.528493
          ],
          [
            5.915473,
            50.528465
          ],
          [
            5.915911,
            50.528432
          ],
          [
            5.916338,
            50.528388
          ],
          [
            5.916824,
            50.528327
          ],
          [
            5.917254,
            50.528265
          ],
          [
            5.917683,
            50.528196
          ],
          [
            5.918171,
            50.52811
          ],
          [
            5.919121,
            50.527915
          ],
          [
            5.919954,
            50.52771
          ],
          [
            5.920038,
            50.527689
          ],
          [
            5.920373,
            50.527606
          ],
          [
            5.920415,
            50.527596
          ],
          [
            5.921257,
            50.527366
          ],
          [
            5.922636,
            50.526974
          ],
          [
            5.923436,
            50.526736
          ],
          [
            5.927197,
            50.525614
          ],
          [
            5.933117,
            50.523848
          ],
          [
            5.933251,
            50.523807
          ],
          [
            5.935052,
            50.523268
          ],
          [
            5.935885,
            50.522998
          ],
          [
            5.936618,
            50.522748
          ],
          [
            5.93736,
            50.522467
          ],
          [
            5.93807,
            50.522173
          ],
          [
            5.938751,
            50.521864
          ],
          [
            5.939446,
            50.52152
          ],
          [
            5.940051,
            50.521193
          ],
          [
            5.940691,
            50.520821
          ],
          [
            5.941277,
            50.52046
          ],
          [
            5.941865,
            50.520057
          ],
          [
            5.942417,
            50.519648
          ],
          [
            5.942924,
            50.519244
          ],
          [
            5.943466,
            50.51878
          ],
          [
            5.943972,
            50.518288
          ],
          [
            5.944489,
            50.517737
          ],
          [
            5.945085,
            50.517032
          ],
          [
            5.945397,
            50.516607
          ],
          [
            5.945745,
            50.516075
          ],
          [
            5.946051,
            50.515568
          ],
          [
            5.946338,
            50.515039
          ],
          [
            5.946417,
            50.514862
          ],
          [
            5.946482,
            50.514715
          ],
          [
            5.946512,
            50.514646
          ],
          [
            5.94668,
            50.514225
          ],
          [
            5.946832,
            50.513782
          ],
          [
            5.946982,
            50.513273
          ],
          [
            5.947101,
            50.512747
          ],
          [
            5.947195,
            50.512211
          ],
          [
            5.947261,
            50.51167
          ],
          [
            5.947315,
            50.511098
          ],
          [
            5.947568,
            50.50789
          ],
          [
            5.947774,
            50.505215
          ],
          [
            5.947866,
            50.50409
          ],
          [
            5.947905,
            50.503545
          ],
          [
            5.947947,
            50.503003
          ],
          [
            5.947999,
            50.502011
          ],
          [
            5.948336,
            50.497763
          ],
          [
            5.948539,
            50.495064
          ],
          [
            5.948668,
            50.493434
          ],
          [
            5.948795,
            50.492383
          ],
          [
            5.948895,
            50.491809
          ],
          [
            5.94901,
            50.491275
          ],
          [
            5.94916,
            50.490733
          ],
          [
            5.949325,
            50.490207
          ],
          [
            5.949519,
            50.489683
          ],
          [
            5.949739,
            50.489155
          ],
          [
            5.949908,
            50.488787
          ],
          [
            5.949958,
            50.48868
          ],
          [
            5.949979,
            50.488641
          ],
          [
            5.950247,
            50.488122
          ],
          [
            5.950535,
            50.487616
          ],
          [
            5.95086,
            50.4871
          ],
          [
            5.9512,
            50.4866
          ],
          [
            5.951554,
            50.486126
          ],
          [
            5.951961,
            50.485616
          ],
          [
            5.952364,
            50.485149
          ],
          [
            5.952795,
            50.484685
          ],
          [
            5.953241,
            50.484228
          ],
          [
            5.953705,
            50.483784
          ],
          [
            5.954199,
            50.483347
          ],
          [
            5.954718,
            50.482912
          ],
          [
            5.955278,
            50.482476
          ],
          [
            5.956407,
            50.481667
          ],
          [
            5.957027,
            50.481258
          ],
          [
            5.957654,
            50.480863
          ],
          [
            5.958175,
            50.480546
          ],
          [
            5.958834,
            50.48018
          ],
          [
            5.959554,
            50.479808
          ],
          [
            5.959868,
            50.479599
          ],
          [
            5.960555,
            50.479226
          ],
          [
            5.961277,
            50.478831
          ],
          [
            5.962265,
            50.478254
          ],
          [
            5.963188,
            50.477699
          ],
          [
            5.963472,
            50.477531
          ],
          [
            5.963648,
            50.477325
          ],
          [
            5.963718,
            50.477171
          ],
          [
            5.963732,
            50.477035
          ],
          [
            5.963724,
            50.476876
          ],
          [
            5.963707,
            50.476699
          ],
          [
            5.963325,
            50.476206
          ],
          [
            5.963376,
            50.476158
          ],
          [
            5.963808,
            50.47585
          ],
          [
            5.964473,
            50.475379
          ],
          [
            5.964696,
            50.47517
          ],
          [
            5.964774,
            50.475064
          ],
          [
            5.964844,
            50.474936
          ],
          [
            5.96525,
            50.474074
          ],
          [
            5.965273,
            50.474031
          ],
          [
            5.966252,
            50.471955
          ],
          [
            5.966343,
            50.471752
          ],
          [
            5.967085,
            50.470171
          ],
          [
            5.967181,
            50.469965
          ],
          [
            5.967303,
            50.469787
          ],
          [
            5.967469,
            50.469604
          ],
          [
            5.968143,
            50.468982
          ],
          [
            5.968297,
            50.468813
          ],
          [
            5.968352,
            50.46874
          ],
          [
            5.968444,
            50.468612
          ],
          [
            5.968548,
            50.468431
          ],
          [
            5.968928,
            50.467765
          ],
          [
            5.968951,
            50.467723
          ],
          [
            5.969128,
            50.467376
          ],
          [
            5.969232,
            50.467199
          ],
          [
            5.969417,
            50.467062
          ],
          [
            5.970304,
            50.466419
          ],
          [
            5.970621,
            50.466149
          ],
          [
            5.970842,
            50.465945
          ],
          [
            5.971367,
            50.465414
          ],
          [
            5.97154,
            50.465342
          ],
          [
            5.971525,
            50.465221
          ],
          [
            5.971597,
            50.465107
          ],
          [
            5.971656,
            50.464913
          ],
          [
            5.971672,
            50.464722
          ],
          [
            5.971565,
            50.464018
          ],
          [
            5.971548,
            50.463899
          ],
          [
            5.971527,
            50.463734
          ],
          [
            5.971496,
            50.463444
          ],
          [
            5.971469,
            50.463275
          ],
          [
            5.971383,
            50.463105
          ],
          [
            5.971295,
            50.462985
          ],
          [
            5.971149,
            50.462853
          ],
          [
            5.970971,
            50.46274
          ],
          [
            5.97078,
            50.462641
          ],
          [
            5.969772,
            50.462285
          ],
          [
            5.969727,
            50.462233
          ],
          [
            5.969485,
            50.462069
          ],
          [
            5.969447,
            50.461945
          ],
          [
            5.969575,
            50.461706
          ],
          [
            5.969643,
            50.461443
          ],
          [
            5.969699,
            50.461355
          ],
          [
            5.96987,
            50.461316
          ],
          [
            5.970249,
            50.461271
          ],
          [
            5.970383,
            50.461221
          ],
          [
            5.970455,
            50.461146
          ],
          [
            5.970467,
            50.46104
          ],
          [
            5.970459,
            50.460836
          ],
          [
            5.970375,
            50.460698
          ],
          [
            5.970535,
            50.460638
          ],
          [
            5.971138,
            50.460456
          ],
          [
            5.970959,
            50.460337
          ],
          [
            5.970586,
            50.460204
          ],
          [
            5.970325,
            50.460111
          ],
          [
            5.970638,
            50.459786
          ],
          [
            5.970957,
            50.459594
          ],
          [
            5.971409,
            50.459304
          ],
          [
            5.971544,
            50.45922
          ],
          [
            5.971685,
            50.459173
          ],
          [
            5.971877,
            50.459159
          ],
          [
            5.97222,
            50.459185
          ],
          [
            5.973471,
            50.459277
          ],
          [
            5.973679,
            50.459282
          ],
          [
            5.97386,
            50.459248
          ],
          [
            5.974018,
            50.459164
          ],
          [
            5.974144,
            50.459042
          ],
          [
            5.974272,
            50.458901
          ],
          [
            5.974387,
            50.45867
          ],
          [
            5.974425,
            50.45852
          ],
          [
            5.974415,
            50.458319
          ],
          [
            5.97434,
            50.457888
          ],
          [
            5.974319,
            50.457754
          ],
          [
            5.974334,
            50.457585
          ],
          [
            5.974423,
            50.457067
          ],
          [
            5.974471,
            50.45683
          ],
          [
            5.974485,
            50.456761
          ],
          [
            5.974607,
            50.456411
          ],
          [
            5.975782,
            50.454092
          ],
          [
            5.975926,
            50.453784
          ],
          [
            5.975933,
            50.453631
          ],
          [
            5.975892,
            50.453473
          ],
          [
            5.975582,
            50.452942
          ],
          [
            5.974491,
            50.451069
          ],
          [
            5.973126,
            50.448728
          ],
          [
            5.973056,
            50.448623
          ],
          [
            5.972957,
            50.448504
          ],
          [
            5.972912,
            50.448478
          ],
          [
            5.972866,
            50.448449
          ],
          [
            5.97284,
            50.448448
          ],
          [
            5.97281,
            50.448444
          ],
          [
            5.972785,
            50.448438
          ],
          [
            5.972761,
            50.44843
          ],
          [
            5.97274,
            50.448421
          ],
          [
            5.97272,
            50.448408
          ],
          [
            5.972703,
            50.448395
          ],
          [
            5.972689,
            50.44838
          ],
          [
            5.972677,
            50.44836
          ],
          [
            5.972673,
            50.448348
          ],
          [
            5.972669,
            50.44833
          ],
          [
            5.97267,
            50.448312
          ],
          [
            5.972674,
            50.448297
          ],
          [
            5.972681,
            50.448284
          ],
          [
            5.972689,
            50.44827
          ],
          [
            5.972702,
            50.448256
          ],
          [
            5.972718,
            50.448244
          ],
          [
            5.972732,
            50.448234
          ],
          [
            5.972749,
            50.448226
          ],
          [
            5.972769,
            50.448217
          ],
          [
            5.972791,
            50.448211
          ],
          [
            5.972814,
            50.448206
          ],
          [
            5.972838,
            50.448203
          ],
          [
            5.972862,
            50.448202
          ],
          [
            5.972884,
            50.448203
          ],
          [
            5.972908,
            50.448205
          ],
          [
            5.972983,
            50.448204
          ],
          [
            5.973032,
            50.448194
          ],
          [
            5.973083,
            50.448175
          ],
          [
            5.973172,
            50.448146
          ],
          [
            5.973252,
            50.448092
          ],
          [
            5.97338,
            50.447999
          ],
          [
            5.973474,
            50.447917
          ],
          [
            5.973543,
            50.447842
          ],
          [
            5.973603,
            50.447766
          ],
          [
            5.973649,
            50.447702
          ],
          [
            5.973752,
            50.447526
          ],
          [
            5.973932,
            50.44721
          ],
          [
            5.974147,
            50.446811
          ],
          [
            5.974409,
            50.446349
          ],
          [
            5.974652,
            50.445913
          ],
          [
            5.974716,
            50.445814
          ],
          [
            5.974788,
            50.445711
          ],
          [
            5.974868,
            50.44562
          ],
          [
            5.974949,
            50.44554
          ],
          [
            5.97504,
            50.445458
          ],
          [
            5.975129,
            50.445388
          ],
          [
            5.975226,
            50.445314
          ],
          [
            5.97534,
            50.445246
          ],
          [
            5.975466,
            50.445171
          ],
          [
            5.975649,
            50.445078
          ],
          [
            5.975863,
            50.444985
          ],
          [
            5.976877,
            50.444568
          ],
          [
            5.976962,
            50.44453
          ],
          [
            5.977048,
            50.444479
          ],
          [
            5.977134,
            50.444427
          ],
          [
            5.977227,
            50.444344
          ],
          [
            5.977308,
            50.444245
          ],
          [
            5.977343,
            50.444189
          ],
          [
            5.977371,
            50.444128
          ],
          [
            5.977385,
            50.444064
          ],
          [
            5.977402,
            50.443913
          ],
          [
            5.977407,
            50.443853
          ],
          [
            5.977428,
            50.443598
          ],
          [
            5.97743,
            50.443515
          ],
          [
            5.977433,
            50.443453
          ],
          [
            5.977431,
            50.443398
          ],
          [
            5.977418,
            50.443325
          ],
          [
            5.9774,
            50.443262
          ],
          [
            5.977375,
            50.4432
          ],
          [
            5.977335,
            50.443116
          ],
          [
            5.977271,
            50.443032
          ],
          [
            5.977208,
            50.442963
          ],
          [
            5.977132,
            50.442891
          ],
          [
            5.977019,
            50.442817
          ],
          [
            5.976908,
            50.442752
          ],
          [
            5.976781,
            50.44269
          ],
          [
            5.976684,
            50.442656
          ],
          [
            5.975762,
            50.442397
          ],
          [
            5.97555,
            50.442339
          ],
          [
            5.975443,
            50.442305
          ],
          [
            5.975327,
            50.442266
          ],
          [
            5.975145,
            50.442185
          ],
          [
            5.975019,
            50.442109
          ],
          [
            5.974908,
            50.442031
          ],
          [
            5.974844,
            50.441981
          ],
          [
            5.97479,
            50.441927
          ],
          [
            5.974693,
            50.441826
          ],
          [
            5.974646,
            50.44176
          ],
          [
            5.974598,
            50.441679
          ],
          [
            5.974552,
            50.441594
          ],
          [
            5.974527,
            50.441513
          ],
          [
            5.974511,
            50.44144
          ],
          [
            5.974499,
            50.441355
          ],
          [
            5.974501,
            50.441273
          ],
          [
            5.974507,
            50.441198
          ],
          [
            5.974524,
            50.441128
          ],
          [
            5.974544,
            50.441051
          ],
          [
            5.974581,
            50.440974
          ],
          [
            5.974623,
            50.440896
          ],
          [
            5.974684,
            50.440809
          ],
          [
            5.974784,
            50.440698
          ],
          [
            5.974916,
            50.440562
          ],
          [
            5.975026,
            50.440452
          ],
          [
            5.97565,
            50.439816
          ],
          [
            5.975992,
            50.439468
          ],
          [
            5.976283,
            50.43917
          ],
          [
            5.976363,
            50.439082
          ],
          [
            5.976419,
            50.439005
          ],
          [
            5.976459,
            50.43893
          ],
          [
            5.976493,
            50.438839
          ],
          [
            5.976529,
            50.4387
          ],
          [
            5.976556,
            50.438561
          ],
          [
            5.976573,
            50.438498
          ],
          [
            5.976747,
            50.437719
          ],
          [
            5.976818,
            50.437398
          ],
          [
            5.976898,
            50.437077
          ],
          [
            5.976951,
            50.436942
          ],
          [
            5.977049,
            50.436796
          ],
          [
            5.977146,
            50.436687
          ],
          [
            5.977279,
            50.436576
          ],
          [
            5.977404,
            50.436493
          ],
          [
            5.977559,
            50.436403
          ],
          [
            5.978059,
            50.43613
          ],
          [
            5.978716,
            50.435773
          ],
          [
            5.979185,
            50.435519
          ],
          [
            5.97936,
            50.435415
          ],
          [
            5.979461,
            50.435343
          ],
          [
            5.979544,
            50.435264
          ],
          [
            5.979598,
            50.435208
          ],
          [
            5.979644,
            50.435151
          ],
          [
            5.979695,
            50.435067
          ],
          [
            5.97973,
            50.434983
          ],
          [
            5.979755,
            50.434866
          ],
          [
            5.979761,
            50.434815
          ],
          [
            5.979763,
            50.434662
          ],
          [
            5.979704,
            50.433389
          ],
          [
            5.979668,
            50.432936
          ],
          [
            5.979637,
            50.432695
          ],
          [
            5.979552,
            50.432047
          ],
          [
            5.97948,
            50.431539
          ],
          [
            5.97941,
            50.431026
          ],
          [
            5.979324,
            50.43043
          ],
          [
            5.979315,
            50.430301
          ],
          [
            5.979321,
            50.430176
          ],
          [
            5.979342,
            50.43005
          ],
          [
            5.97937,
            50.429952
          ],
          [
            5.979422,
            50.429833
          ],
          [
            5.979488,
            50.429723
          ],
          [
            5.97956,
            50.429628
          ],
          [
            5.979643,
            50.429539
          ],
          [
            5.979817,
            50.429389
          ],
          [
            5.979981,
            50.429281
          ],
          [
            5.980183,
            50.42917
          ],
          [
            5.980682,
            50.428916
          ],
          [
            5.980937,
            50.428787
          ],
          [
            5.981193,
            50.428657
          ],
          [
            5.981652,
            50.428425
          ],
          [
            5.982095,
            50.428201
          ],
          [
            5.982062,
            50.428173
          ],
          [
            5.98198,
            50.428129
          ],
          [
            5.981938,
            50.428122
          ],
          [
            5.981832,
            50.428126
          ],
          [
            5.981803,
            50.428127
          ],
          [
            5.981493,
            50.428151
          ],
          [
            5.981182,
            50.428177
          ],
          [
            5.980805,
            50.428206
          ],
          [
            5.980377,
            50.428239
          ],
          [
            5.979799,
            50.428285
          ],
          [
            5.979039,
            50.428346
          ],
          [
            5.97885,
            50.428366
          ],
          [
            5.978604,
            50.428407
          ],
          [
            5.978503,
            50.428432
          ],
          [
            5.978398,
            50.428461
          ],
          [
            5.978264,
            50.428514
          ],
          [
            5.97815,
            50.428566
          ],
          [
            5.97801,
            50.428641
          ],
          [
            5.977898,
            50.42872
          ],
          [
            5.97779,
            50.428806
          ],
          [
            5.97772,
            50.428881
          ],
          [
            5.977653,
            50.428958
          ],
          [
            5.977601,
            50.429024
          ],
          [
            5.977541,
            50.429127
          ],
          [
            5.977516,
            50.429186
          ],
          [
            5.97749,
            50.429259
          ],
          [
            5.977466,
            50.42935
          ]
        ]
      },
      "properties": {
        "id": "spa-route-brussels-airport",
        "name": "Аэропорт Брюссель → трасса",
        "distanceM": 141991,
        "routeType": "arrival",
        "travelMode": "car",
        "featureType": "route",
        "reviewStatus": "candidate",
        "durationMinutes": 97
      }
    },
    {
      "type": "Feature",
      "geometry": {
        "type": "LineString",
        "coordinates": [
          [
            7.134074,
            50.866687
          ],
          [
            7.134074,
            50.866687
          ],
          [
            7.134333,
            50.866767
          ],
          [
            7.135558,
            50.867139
          ],
          [
            7.13572,
            50.867176
          ],
          [
            7.135891,
            50.867175
          ],
          [
            7.136026,
            50.867184
          ],
          [
            7.136139,
            50.867224
          ],
          [
            7.136259,
            50.867288
          ],
          [
            7.135149,
            50.868043
          ],
          [
            7.134959,
            50.868171
          ],
          [
            7.134731,
            50.868329
          ],
          [
            7.133393,
            50.869259
          ],
          [
            7.13269,
            50.869747
          ],
          [
            7.132125,
            50.87014
          ],
          [
            7.131463,
            50.870594
          ],
          [
            7.130281,
            50.871405
          ],
          [
            7.130106,
            50.871525
          ],
          [
            7.129256,
            50.872108
          ],
          [
            7.129154,
            50.872177
          ],
          [
            7.128808,
            50.87243
          ],
          [
            7.128653,
            50.872509
          ],
          [
            7.128069,
            50.872714
          ],
          [
            7.128051,
            50.87272
          ],
          [
            7.127837,
            50.872818
          ],
          [
            7.127642,
            50.872927
          ],
          [
            7.126979,
            50.873415
          ],
          [
            7.126888,
            50.873477
          ],
          [
            7.126855,
            50.873521
          ],
          [
            7.126814,
            50.873565
          ],
          [
            7.126723,
            50.873624
          ],
          [
            7.126616,
            50.873681
          ],
          [
            7.126492,
            50.873733
          ],
          [
            7.126384,
            50.873771
          ],
          [
            7.126229,
            50.873808
          ],
          [
            7.126065,
            50.873842
          ],
          [
            7.125949,
            50.873863
          ],
          [
            7.124526,
            50.874121
          ],
          [
            7.122667,
            50.874428
          ],
          [
            7.122201,
            50.874498
          ],
          [
            7.121777,
            50.874593
          ],
          [
            7.12148,
            50.874686
          ],
          [
            7.121363,
            50.874722
          ],
          [
            7.120236,
            50.875145
          ],
          [
            7.119803,
            50.875312
          ],
          [
            7.119096,
            50.875603
          ],
          [
            7.1187,
            50.875775
          ],
          [
            7.118516,
            50.875877
          ],
          [
            7.1183,
            50.875959
          ],
          [
            7.118146,
            50.875986
          ],
          [
            7.118024,
            50.87601
          ],
          [
            7.117925,
            50.87605
          ],
          [
            7.117814,
            50.876115
          ],
          [
            7.117601,
            50.876299
          ],
          [
            7.117458,
            50.876463
          ],
          [
            7.117363,
            50.876619
          ],
          [
            7.117324,
            50.876706
          ],
          [
            7.117288,
            50.876812
          ],
          [
            7.117275,
            50.876869
          ],
          [
            7.117261,
            50.876908
          ],
          [
            7.117254,
            50.876963
          ],
          [
            7.117239,
            50.877032
          ],
          [
            7.117237,
            50.877116
          ],
          [
            7.117242,
            50.877135
          ],
          [
            7.117258,
            50.877229
          ],
          [
            7.117266,
            50.877277
          ],
          [
            7.117278,
            50.877321
          ],
          [
            7.117286,
            50.877344
          ],
          [
            7.117313,
            50.877432
          ],
          [
            7.117347,
            50.877532
          ],
          [
            7.117361,
            50.877606
          ],
          [
            7.11736,
            50.877631
          ],
          [
            7.117357,
            50.877667
          ],
          [
            7.117343,
            50.8777
          ],
          [
            7.117331,
            50.877723
          ],
          [
            7.117305,
            50.877752
          ],
          [
            7.11727,
            50.877777
          ],
          [
            7.11724,
            50.877796
          ],
          [
            7.117194,
            50.877814
          ],
          [
            7.117158,
            50.877827
          ],
          [
            7.117128,
            50.877838
          ],
          [
            7.117088,
            50.877851
          ],
          [
            7.117023,
            50.877869
          ],
          [
            7.116899,
            50.877896
          ],
          [
            7.116704,
            50.877934
          ],
          [
            7.116615,
            50.877974
          ],
          [
            7.116527,
            50.878031
          ],
          [
            7.116384,
            50.878154
          ],
          [
            7.116284,
            50.878231
          ],
          [
            7.116152,
            50.878328
          ],
          [
            7.116001,
            50.87844
          ],
          [
            7.115402,
            50.878787
          ],
          [
            7.115219,
            50.878893
          ],
          [
            7.114512,
            50.879318
          ],
          [
            7.114361,
            50.879411
          ],
          [
            7.114106,
            50.879565
          ],
          [
            7.113993,
            50.879634
          ],
          [
            7.113834,
            50.879757
          ],
          [
            7.113767,
            50.879819
          ],
          [
            7.113712,
            50.879886
          ],
          [
            7.113679,
            50.879939
          ],
          [
            7.113654,
            50.879994
          ],
          [
            7.113636,
            50.88005
          ],
          [
            7.11363,
            50.880089
          ],
          [
            7.113631,
            50.880128
          ],
          [
            7.113637,
            50.880162
          ],
          [
            7.113661,
            50.880226
          ],
          [
            7.113695,
            50.880287
          ],
          [
            7.113737,
            50.880347
          ],
          [
            7.113769,
            50.880384
          ],
          [
            7.113805,
            50.880421
          ],
          [
            7.113831,
            50.880444
          ],
          [
            7.114026,
            50.880641
          ],
          [
            7.114081,
            50.880714
          ],
          [
            7.114087,
            50.880813
          ],
          [
            7.114084,
            50.880847
          ],
          [
            7.114073,
            50.88088
          ],
          [
            7.114058,
            50.880912
          ],
          [
            7.114037,
            50.880943
          ],
          [
            7.114013,
            50.880973
          ],
          [
            7.113984,
            50.881001
          ],
          [
            7.113951,
            50.881028
          ],
          [
            7.113921,
            50.881049
          ],
          [
            7.113888,
            50.881068
          ],
          [
            7.113852,
            50.881085
          ],
          [
            7.113815,
            50.881101
          ],
          [
            7.113776,
            50.881115
          ],
          [
            7.113735,
            50.881127
          ],
          [
            7.113693,
            50.881137
          ],
          [
            7.11365,
            50.881145
          ],
          [
            7.113606,
            50.881151
          ],
          [
            7.113562,
            50.881155
          ],
          [
            7.112855,
            50.881174
          ],
          [
            7.112673,
            50.881187
          ],
          [
            7.112483,
            50.881204
          ],
          [
            7.112351,
            50.881225
          ],
          [
            7.112221,
            50.881249
          ],
          [
            7.112025,
            50.881293
          ],
          [
            7.111834,
            50.881345
          ],
          [
            7.111668,
            50.881399
          ],
          [
            7.111509,
            50.881459
          ],
          [
            7.111054,
            50.881692
          ],
          [
            7.110414,
            50.881964
          ],
          [
            7.109941,
            50.882148
          ],
          [
            7.108499,
            50.882683
          ],
          [
            7.108019,
            50.882854
          ],
          [
            7.106614,
            50.883302
          ],
          [
            7.105734,
            50.883551
          ],
          [
            7.10519,
            50.88371
          ],
          [
            7.104617,
            50.883871
          ],
          [
            7.102281,
            50.884536
          ],
          [
            7.101239,
            50.884822
          ],
          [
            7.100624,
            50.88498
          ],
          [
            7.099946,
            50.885135
          ],
          [
            7.099258,
            50.885267
          ],
          [
            7.098954,
            50.885322
          ],
          [
            7.098605,
            50.885376
          ],
          [
            7.097943,
            50.885533
          ],
          [
            7.097555,
            50.885597
          ],
          [
            7.097368,
            50.88563
          ],
          [
            7.097165,
            50.88567
          ],
          [
            7.097016,
            50.885702
          ],
          [
            7.096867,
            50.885739
          ],
          [
            7.096731,
            50.885777
          ],
          [
            7.096599,
            50.885821
          ],
          [
            7.096482,
            50.885867
          ],
          [
            7.096403,
            50.885904
          ],
          [
            7.09633,
            50.885942
          ],
          [
            7.096243,
            50.885991
          ],
          [
            7.096184,
            50.88603
          ],
          [
            7.096136,
            50.886065
          ],
          [
            7.096089,
            50.886104
          ],
          [
            7.096037,
            50.886154
          ],
          [
            7.095986,
            50.886205
          ],
          [
            7.095932,
            50.886275
          ],
          [
            7.095869,
            50.886366
          ],
          [
            7.095812,
            50.88645
          ],
          [
            7.095776,
            50.886502
          ],
          [
            7.095738,
            50.88655
          ],
          [
            7.095688,
            50.886605
          ],
          [
            7.095626,
            50.886662
          ],
          [
            7.095551,
            50.886718
          ],
          [
            7.095498,
            50.886751
          ],
          [
            7.095439,
            50.886782
          ],
          [
            7.095359,
            50.88682
          ],
          [
            7.095274,
            50.886853
          ],
          [
            7.095193,
            50.886877
          ],
          [
            7.095086,
            50.886901
          ],
          [
            7.094966,
            50.886919
          ],
          [
            7.094848,
            50.886931
          ],
          [
            7.094719,
            50.886942
          ],
          [
            7.094571,
            50.886956
          ],
          [
            7.094484,
            50.886969
          ],
          [
            7.094424,
            50.886979
          ],
          [
            7.094375,
            50.886991
          ],
          [
            7.094314,
            50.887007
          ],
          [
            7.094265,
            50.887024
          ],
          [
            7.094219,
            50.887041
          ],
          [
            7.094166,
            50.887063
          ],
          [
            7.094129,
            50.88708
          ],
          [
            7.094093,
            50.887099
          ],
          [
            7.094054,
            50.887122
          ],
          [
            7.094022,
            50.887145
          ],
          [
            7.093975,
            50.887178
          ],
          [
            7.093929,
            50.887219
          ],
          [
            7.0939,
            50.887247
          ],
          [
            7.093858,
            50.887293
          ],
          [
            7.093837,
            50.887317
          ],
          [
            7.09381,
            50.887353
          ],
          [
            7.09379,
            50.887382
          ],
          [
            7.09377,
            50.887416
          ],
          [
            7.093753,
            50.887449
          ],
          [
            7.093662,
            50.88766
          ],
          [
            7.093581,
            50.887927
          ],
          [
            7.093462,
            50.888247
          ],
          [
            7.093314,
            50.888495
          ],
          [
            7.093264,
            50.888591
          ],
          [
            7.093044,
            50.888961
          ],
          [
            7.092633,
            50.889928
          ],
          [
            7.092136,
            50.890924
          ],
          [
            7.091935,
            50.891279
          ],
          [
            7.091533,
            50.891903
          ],
          [
            7.091038,
            50.892583
          ],
          [
            7.090536,
            50.893227
          ],
          [
            7.089985,
            50.893854
          ],
          [
            7.089303,
            50.894546
          ],
          [
            7.088251,
            50.895484
          ],
          [
            7.087622,
            50.895977
          ],
          [
            7.086846,
            50.896516
          ],
          [
            7.086323,
            50.896863
          ],
          [
            7.085895,
            50.897134
          ],
          [
            7.085383,
            50.897443
          ],
          [
            7.084852,
            50.897756
          ],
          [
            7.084335,
            50.898041
          ],
          [
            7.083527,
            50.898489
          ],
          [
            7.081459,
            50.899604
          ],
          [
            7.080284,
            50.900242
          ],
          [
            7.077938,
            50.901508
          ],
          [
            7.075523,
            50.902787
          ],
          [
            7.074871,
            50.903143
          ],
          [
            7.074253,
            50.903477
          ],
          [
            7.072737,
            50.904289
          ],
          [
            7.07252,
            50.90441
          ],
          [
            7.07183,
            50.904758
          ],
          [
            7.0712,
            50.905066
          ],
          [
            7.069875,
            50.90566
          ],
          [
            7.068993,
            50.905995
          ],
          [
            7.067667,
            50.906418
          ],
          [
            7.066521,
            50.906713
          ],
          [
            7.066085,
            50.906832
          ],
          [
            7.065763,
            50.906895
          ],
          [
            7.065323,
            50.906979
          ],
          [
            7.064965,
            50.907043
          ],
          [
            7.0646,
            50.907102
          ],
          [
            7.064143,
            50.907172
          ],
          [
            7.063455,
            50.907231
          ],
          [
            7.062644,
            50.907307
          ],
          [
            7.061764,
            50.907369
          ],
          [
            7.060446,
            50.907436
          ],
          [
            7.058343,
            50.907499
          ],
          [
            7.057053,
            50.907534
          ],
          [
            7.05504,
            50.907587
          ],
          [
            7.053659,
            50.907628
          ],
          [
            7.052289,
            50.907651
          ],
          [
            7.050873,
            50.90769
          ],
          [
            7.049843,
            50.90772
          ],
          [
            7.048893,
            50.907771
          ],
          [
            7.048381,
            50.907815
          ],
          [
            7.047946,
            50.907853
          ],
          [
            7.047376,
            50.907922
          ],
          [
            7.046972,
            50.907976
          ],
          [
            7.046575,
            50.908042
          ],
          [
            7.04592,
            50.908162
          ],
          [
            7.045506,
            50.908249
          ],
          [
            7.04505,
            50.908356
          ],
          [
            7.044456,
            50.908509
          ],
          [
            7.043789,
            50.908707
          ],
          [
            7.043145,
            50.908922
          ],
          [
            7.042531,
            50.90914
          ],
          [
            7.03987,
            50.910143
          ],
          [
            7.037713,
            50.910969
          ],
          [
            7.036303,
            50.911503
          ],
          [
            7.034818,
            50.912076
          ],
          [
            7.033564,
            50.912555
          ],
          [
            7.032879,
            50.912812
          ],
          [
            7.032596,
            50.912921
          ],
          [
            7.031222,
            50.913476
          ],
          [
            7.030818,
            50.913676
          ],
          [
            7.030627,
            50.913763
          ],
          [
            7.03036,
            50.913894
          ],
          [
            7.030104,
            50.914028
          ],
          [
            7.029892,
            50.914149
          ],
          [
            7.029706,
            50.914269
          ],
          [
            7.029422,
            50.914463
          ],
          [
            7.029161,
            50.914671
          ],
          [
            7.02897,
            50.914832
          ],
          [
            7.028783,
            50.915
          ],
          [
            7.028581,
            50.915215
          ],
          [
            7.028415,
            50.91541
          ],
          [
            7.028259,
            50.915619
          ],
          [
            7.028122,
            50.915832
          ],
          [
            7.028026,
            50.916067
          ],
          [
            7.027806,
            50.916512
          ],
          [
            7.027531,
            50.917149
          ],
          [
            7.027452,
            50.917334
          ],
          [
            7.027445,
            50.917525
          ],
          [
            7.027455,
            50.917651
          ],
          [
            7.027493,
            50.917751
          ],
          [
            7.027558,
            50.917848
          ],
          [
            7.027669,
            50.917938
          ],
          [
            7.027802,
            50.918006
          ],
          [
            7.027963,
            50.918049
          ],
          [
            7.028129,
            50.91807
          ],
          [
            7.02831,
            50.918061
          ],
          [
            7.028481,
            50.918029
          ],
          [
            7.028625,
            50.917978
          ],
          [
            7.028756,
            50.917898
          ],
          [
            7.028835,
            50.917825
          ],
          [
            7.0289,
            50.917712
          ],
          [
            7.028913,
            50.917612
          ],
          [
            7.028893,
            50.917502
          ],
          [
            7.028843,
            50.917406
          ],
          [
            7.028742,
            50.917309
          ],
          [
            7.028586,
            50.917222
          ],
          [
            7.028437,
            50.917165
          ],
          [
            7.028236,
            50.917118
          ],
          [
            7.028045,
            50.917053
          ],
          [
            7.026856,
            50.916854
          ],
          [
            7.025782,
            50.916646
          ],
          [
            7.025105,
            50.916458
          ],
          [
            7.023395,
            50.916165
          ],
          [
            7.022626,
            50.916032
          ],
          [
            7.019745,
            50.915521
          ],
          [
            7.017961,
            50.915211
          ],
          [
            7.015546,
            50.91479
          ],
          [
            7.014794,
            50.914647
          ],
          [
            7.014076,
            50.914491
          ],
          [
            7.013233,
            50.914294
          ],
          [
            7.012564,
            50.914127
          ],
          [
            7.01135,
            50.913784
          ],
          [
            7.010031,
            50.913366
          ],
          [
            7.009409,
            50.91315
          ],
          [
            7.008807,
            50.912921
          ],
          [
            7.008006,
            50.912609
          ],
          [
            7.007244,
            50.912284
          ],
          [
            7.006345,
            50.911884
          ],
          [
            7.006165,
            50.911796
          ],
          [
            7.004683,
            50.911033
          ],
          [
            7.003973,
            50.910629
          ],
          [
            7.00333,
            50.910234
          ],
          [
            7.002929,
            50.909982
          ],
          [
            7.002352,
            50.909589
          ],
          [
            7.001567,
            50.909013
          ],
          [
            7.000819,
            50.908432
          ],
          [
            6.99899,
            50.90686
          ],
          [
            6.997433,
            50.905536
          ],
          [
            6.996616,
            50.90485
          ],
          [
            6.995717,
            50.904123
          ],
          [
            6.994664,
            50.903302
          ],
          [
            6.992817,
            50.901787
          ],
          [
            6.98801,
            50.897673
          ],
          [
            6.985723,
            50.895611
          ],
          [
            6.984954,
            50.894916
          ],
          [
            6.984206,
            50.894234
          ],
          [
            6.983217,
            50.893358
          ],
          [
            6.982204,
            50.892488
          ],
          [
            6.981692,
            50.892054
          ],
          [
            6.981191,
            50.891658
          ],
          [
            6.980163,
            50.890882
          ],
          [
            6.979729,
            50.890587
          ],
          [
            6.97946,
            50.890409
          ],
          [
            6.978796,
            50.890024
          ],
          [
            6.977859,
            50.889458
          ],
          [
            6.97723,
            50.889102
          ],
          [
            6.976595,
            50.888765
          ],
          [
            6.975787,
            50.888351
          ],
          [
            6.974912,
            50.887934
          ],
          [
            6.974517,
            50.887742
          ],
          [
            6.974035,
            50.887513
          ],
          [
            6.973521,
            50.88729
          ],
          [
            6.972991,
            50.887076
          ],
          [
            6.972457,
            50.886867
          ],
          [
            6.971912,
            50.886665
          ],
          [
            6.971241,
            50.886427
          ],
          [
            6.970478,
            50.886172
          ],
          [
            6.969698,
            50.885927
          ],
          [
            6.969002,
            50.885722
          ],
          [
            6.968293,
            50.885523
          ],
          [
            6.967585,
            50.885338
          ],
          [
            6.966858,
            50.885159
          ],
          [
            6.965882,
            50.884938
          ],
          [
            6.965472,
            50.884854
          ],
          [
            6.965025,
            50.884765
          ],
          [
            6.964677,
            50.884699
          ],
          [
            6.964122,
            50.884595
          ],
          [
            6.963598,
            50.884506
          ],
          [
            6.962793,
            50.884377
          ],
          [
            6.962493,
            50.884337
          ],
          [
            6.962099,
            50.884284
          ],
          [
            6.961153,
            50.884164
          ],
          [
            6.960424,
            50.884084
          ],
          [
            6.959724,
            50.884016
          ],
          [
            6.959137,
            50.88397
          ],
          [
            6.958537,
            50.883925
          ],
          [
            6.957814,
            50.88388
          ],
          [
            6.957055,
            50.883845
          ],
          [
            6.956356,
            50.883824
          ],
          [
            6.955653,
            50.883809
          ],
          [
            6.954873,
            50.883804
          ],
          [
            6.953833,
            50.883818
          ],
          [
            6.953002,
            50.883837
          ],
          [
            6.952331,
            50.883868
          ],
          [
            6.951383,
            50.883919
          ],
          [
            6.950572,
            50.883979
          ],
          [
            6.949738,
            50.884059
          ],
          [
            6.948969,
            50.884137
          ],
          [
            6.948088,
            50.884244
          ],
          [
            6.947532,
            50.884318
          ],
          [
            6.946537,
            50.884468
          ],
          [
            6.946034,
            50.884553
          ],
          [
            6.945317,
            50.884682
          ],
          [
            6.944451,
            50.884849
          ],
          [
            6.943749,
            50.884994
          ],
          [
            6.942705,
            50.885219
          ],
          [
            6.941232,
            50.885569
          ],
          [
            6.940939,
            50.885639
          ],
          [
            6.940113,
            50.885843
          ],
          [
            6.939434,
            50.886024
          ],
          [
            6.938284,
            50.886346
          ],
          [
            6.937577,
            50.886549
          ],
          [
            6.936732,
            50.886803
          ],
          [
            6.93555,
            50.887182
          ],
          [
            6.934567,
            50.887506
          ],
          [
            6.933738,
            50.887799
          ],
          [
            6.932918,
            50.888099
          ],
          [
            6.932219,
            50.888355
          ],
          [
            6.93192,
            50.888515
          ],
          [
            6.931637,
            50.888642
          ],
          [
            6.929956,
            50.88933
          ],
          [
            6.928999,
            50.889737
          ],
          [
            6.928252,
            50.890058
          ],
          [
            6.92764,
            50.890336
          ],
          [
            6.926554,
            50.890827
          ],
          [
            6.926103,
            50.891049
          ],
          [
            6.92544,
            50.8914
          ],
          [
            6.925116,
            50.89156
          ],
          [
            6.924291,
            50.891944
          ],
          [
            6.92376,
            50.892185
          ],
          [
            6.923106,
            50.892485
          ],
          [
            6.921711,
            50.893131
          ],
          [
            6.920687,
            50.893593
          ],
          [
            6.920198,
            50.893823
          ],
          [
            6.918359,
            50.894657
          ],
          [
            6.917656,
            50.894974
          ],
          [
            6.916891,
            50.895247
          ],
          [
            6.915902,
            50.895595
          ],
          [
            6.913752,
            50.896576
          ],
          [
            6.913217,
            50.896819
          ],
          [
            6.911179,
            50.897751
          ],
          [
            6.909716,
            50.898424
          ],
          [
            6.909303,
            50.89861
          ],
          [
            6.908844,
            50.89883
          ],
          [
            6.908249,
            50.899092
          ],
          [
            6.903918,
            50.901039
          ],
          [
            6.903542,
            50.901212
          ],
          [
            6.900929,
            50.902429
          ],
          [
            6.896444,
            50.904442
          ],
          [
            6.889371,
            50.907629
          ],
          [
            6.883254,
            50.910381
          ],
          [
            6.878286,
            50.91265
          ],
          [
            6.8717,
            50.915647
          ],
          [
            6.868323,
            50.917175
          ],
          [
            6.864154,
            50.919046
          ],
          [
            6.863128,
            50.919499
          ],
          [
            6.860042,
            50.920832
          ],
          [
            6.859602,
            50.921015
          ],
          [
            6.858082,
            50.921651
          ],
          [
            6.857231,
            50.92202
          ],
          [
            6.856365,
            50.922366
          ],
          [
            6.855415,
            50.922739
          ],
          [
            6.855017,
            50.922894
          ],
          [
            6.853528,
            50.923452
          ],
          [
            6.851953,
            50.923989
          ],
          [
            6.85007,
            50.924548
          ],
          [
            6.849288,
            50.924775
          ],
          [
            6.848458,
            50.925022
          ],
          [
            6.847302,
            50.925352
          ],
          [
            6.845337,
            50.925891
          ],
          [
            6.844641,
            50.926069
          ],
          [
            6.843127,
            50.926443
          ],
          [
            6.842867,
            50.926508
          ],
          [
            6.841434,
            50.926838
          ],
          [
            6.839957,
            50.927164
          ],
          [
            6.838207,
            50.927514
          ],
          [
            6.837033,
            50.927741
          ],
          [
            6.835854,
            50.927956
          ],
          [
            6.834609,
            50.928167
          ],
          [
            6.832453,
            50.928504
          ],
          [
            6.83131,
            50.928666
          ],
          [
            6.829671,
            50.928882
          ],
          [
            6.828065,
            50.92907
          ],
          [
            6.826185,
            50.929265
          ],
          [
            6.824274,
            50.929435
          ],
          [
            6.822389,
            50.929572
          ],
          [
            6.820495,
            50.929688
          ],
          [
            6.81947,
            50.929735
          ],
          [
            6.817179,
            50.929814
          ],
          [
            6.815472,
            50.929851
          ],
          [
            6.81459,
            50.929872
          ],
          [
            6.812184,
            50.929894
          ],
          [
            6.809579,
            50.929912
          ],
          [
            6.807333,
            50.929926
          ],
          [
            6.80502,
            50.929934
          ],
          [
            6.802373,
            50.929952
          ],
          [
            6.80048,
            50.929966
          ],
          [
            6.796401,
            50.930008
          ],
          [
            6.796185,
            50.930008
          ],
          [
            6.795162,
            50.930022
          ],
          [
            6.792348,
            50.929981
          ],
          [
            6.790826,
            50.92992
          ],
          [
            6.790506,
            50.929908
          ],
          [
            6.789352,
            50.929852
          ],
          [
            6.787903,
            50.929769
          ],
          [
            6.787667,
            50.929755
          ],
          [
            6.785251,
            50.929561
          ],
          [
            6.781715,
            50.929316
          ],
          [
            6.781579,
            50.929306
          ],
          [
            6.781306,
            50.929286
          ],
          [
            6.780928,
            50.929259
          ],
          [
            6.777781,
            50.929044
          ],
          [
            6.770967,
            50.928579
          ],
          [
            6.769288,
            50.928459
          ],
          [
            6.768952,
            50.928436
          ],
          [
            6.768922,
            50.928434
          ],
          [
            6.768801,
            50.928425
          ],
          [
            6.768706,
            50.928418
          ],
          [
            6.767546,
            50.928337
          ],
          [
            6.76665,
            50.928249
          ],
          [
            6.766019,
            50.928183
          ],
          [
            6.765506,
            50.928124
          ],
          [
            6.764847,
            50.928032
          ],
          [
            6.764191,
            50.927932
          ],
          [
            6.762722,
            50.927676
          ],
          [
            6.761289,
            50.927368
          ],
          [
            6.760446,
            50.927161
          ],
          [
            6.75969,
            50.926956
          ],
          [
            6.758706,
            50.926674
          ],
          [
            6.758094,
            50.926476
          ],
          [
            6.757253,
            50.92619
          ],
          [
            6.756552,
            50.925934
          ],
          [
            6.755894,
            50.925678
          ],
          [
            6.755226,
            50.9254
          ],
          [
            6.754579,
            50.925114
          ],
          [
            6.753717,
            50.924704
          ],
          [
            6.752341,
            50.924014
          ],
          [
            6.75099,
            50.923215
          ],
          [
            6.75005,
            50.922596
          ],
          [
            6.748956,
            50.921797
          ],
          [
            6.747673,
            50.920686
          ],
          [
            6.746723,
            50.919755
          ],
          [
            6.746243,
            50.91925
          ],
          [
            6.745972,
            50.91896
          ],
          [
            6.745535,
            50.918482
          ],
          [
            6.744933,
            50.917826
          ],
          [
            6.744435,
            50.917286
          ],
          [
            6.743335,
            50.916078
          ],
          [
            6.741166,
            50.913727
          ],
          [
            6.740533,
            50.913083
          ],
          [
            6.739861,
            50.912457
          ],
          [
            6.739185,
            50.911881
          ],
          [
            6.738129,
            50.911081
          ],
          [
            6.737577,
            50.910698
          ],
          [
            6.737008,
            50.910314
          ],
          [
            6.73633,
            50.909897
          ],
          [
            6.735634,
            50.909481
          ],
          [
            6.734916,
            50.909096
          ],
          [
            6.734186,
            50.908723
          ],
          [
            6.733502,
            50.908396
          ],
          [
            6.732808,
            50.908086
          ],
          [
            6.731406,
            50.907522
          ],
          [
            6.730218,
            50.907092
          ],
          [
            6.729038,
            50.906716
          ],
          [
            6.727997,
            50.906423
          ],
          [
            6.726932,
            50.906149
          ],
          [
            6.724781,
            50.905635
          ],
          [
            6.722717,
            50.905142
          ],
          [
            6.720614,
            50.904641
          ],
          [
            6.718343,
            50.904105
          ],
          [
            6.717224,
            50.903832
          ],
          [
            6.716137,
            50.903552
          ],
          [
            6.714622,
            50.903138
          ],
          [
            6.714056,
            50.902977
          ],
          [
            6.713378,
            50.90277
          ],
          [
            6.712546,
            50.902514
          ],
          [
            6.71165,
            50.902228
          ],
          [
            6.710751,
            50.901917
          ],
          [
            6.70961,
            50.901514
          ],
          [
            6.708423,
            50.901073
          ],
          [
            6.707524,
            50.900714
          ],
          [
            6.706575,
            50.900326
          ],
          [
            6.705172,
            50.899722
          ],
          [
            6.704246,
            50.899297
          ],
          [
            6.703195,
            50.898788
          ],
          [
            6.702694,
            50.89854
          ],
          [
            6.702179,
            50.898279
          ],
          [
            6.700709,
            50.897507
          ],
          [
            6.699622,
            50.896898
          ],
          [
            6.698232,
            50.896122
          ],
          [
            6.696481,
            50.895162
          ],
          [
            6.695904,
            50.894851
          ],
          [
            6.694942,
            50.89436
          ],
          [
            6.6934,
            50.893629
          ],
          [
            6.692483,
            50.893226
          ],
          [
            6.69149,
            50.892825
          ],
          [
            6.690755,
            50.892559
          ],
          [
            6.689752,
            50.892207
          ],
          [
            6.688633,
            50.891856
          ],
          [
            6.687558,
            50.89155
          ],
          [
            6.68665,
            50.891305
          ],
          [
            6.685534,
            50.891033
          ],
          [
            6.683487,
            50.890612
          ],
          [
            6.681666,
            50.890323
          ],
          [
            6.680125,
            50.890125
          ],
          [
            6.679169,
            50.890044
          ],
          [
            6.678019,
            50.889948
          ],
          [
            6.676871,
            50.88988
          ],
          [
            6.675715,
            50.889843
          ],
          [
            6.674561,
            50.889835
          ],
          [
            6.673972,
            50.889842
          ],
          [
            6.673077,
            50.889862
          ],
          [
            6.671855,
            50.889916
          ],
          [
            6.670821,
            50.889995
          ],
          [
            6.669736,
            50.890086
          ],
          [
            6.668382,
            50.890236
          ],
          [
            6.666435,
            50.89051
          ],
          [
            6.663557,
            50.890953
          ],
          [
            6.652892,
            50.892598
          ],
          [
            6.652059,
            50.892724
          ],
          [
            6.650114,
            50.893013
          ],
          [
            6.649024,
            50.893156
          ],
          [
            6.648431,
            50.893219
          ],
          [
            6.647817,
            50.893272
          ],
          [
            6.647294,
            50.893304
          ],
          [
            6.646781,
            50.893322
          ],
          [
            6.646399,
            50.893337
          ],
          [
            6.646005,
            50.893348
          ],
          [
            6.645318,
            50.893339
          ],
          [
            6.644696,
            50.893326
          ],
          [
            6.643998,
            50.893296
          ],
          [
            6.643412,
            50.89325
          ],
          [
            6.64286,
            50.893193
          ],
          [
            6.64233,
            50.893137
          ],
          [
            6.641951,
            50.893087
          ],
          [
            6.641518,
            50.893016
          ],
          [
            6.640723,
            50.892872
          ],
          [
            6.640047,
            50.892729
          ],
          [
            6.639379,
            50.892575
          ],
          [
            6.638759,
            50.892407
          ],
          [
            6.637848,
            50.892124
          ],
          [
            6.637529,
            50.892018
          ],
          [
            6.637197,
            50.891902
          ],
          [
            6.636389,
            50.89158
          ],
          [
            6.635606,
            50.891233
          ],
          [
            6.635149,
            50.891015
          ],
          [
            6.634698,
            50.89078
          ],
          [
            6.634339,
            50.890585
          ],
          [
            6.633981,
            50.890372
          ],
          [
            6.633643,
            50.890164
          ],
          [
            6.633391,
            50.890002
          ],
          [
            6.63314,
            50.889837
          ],
          [
            6.632637,
            50.889495
          ],
          [
            6.629868,
            50.887285
          ],
          [
            6.628488,
            50.886232
          ],
          [
            6.628159,
            50.885993
          ],
          [
            6.627272,
            50.885357
          ],
          [
            6.626109,
            50.884576
          ],
          [
            6.624815,
            50.88379
          ],
          [
            6.623768,
            50.883214
          ],
          [
            6.623026,
            50.882825
          ],
          [
            6.621916,
            50.882246
          ],
          [
            6.619548,
            50.881171
          ],
          [
            6.616676,
            50.879999
          ],
          [
            6.606411,
            50.87586
          ],
          [
            6.593711,
            50.870691
          ],
          [
            6.589913,
            50.869219
          ],
          [
            6.585156,
            50.867391
          ],
          [
            6.57468,
            50.863401
          ],
          [
            6.557475,
            50.856763
          ],
          [
            6.537828,
            50.849129
          ],
          [
            6.536867,
            50.848757
          ],
          [
            6.53589,
            50.848378
          ],
          [
            6.534932,
            50.848009
          ],
          [
            6.53397,
            50.847648
          ],
          [
            6.533233,
            50.847395
          ],
          [
            6.532558,
            50.847177
          ],
          [
            6.531819,
            50.846958
          ],
          [
            6.531327,
            50.846821
          ],
          [
            6.530822,
            50.846692
          ],
          [
            6.530334,
            50.846581
          ],
          [
            6.529801,
            50.846472
          ],
          [
            6.528827,
            50.846302
          ],
          [
            6.528317,
            50.84623
          ],
          [
            6.527796,
            50.846164
          ],
          [
            6.527052,
            50.84609
          ],
          [
            6.526355,
            50.846041
          ],
          [
            6.525569,
            50.846008
          ],
          [
            6.525105,
            50.846001
          ],
          [
            6.524641,
            50.845999
          ],
          [
            6.524032,
            50.846009
          ],
          [
            6.523414,
            50.846035
          ],
          [
            6.522902,
            50.846067
          ],
          [
            6.522378,
            50.846111
          ],
          [
            6.521922,
            50.846153
          ],
          [
            6.521527,
            50.846203
          ],
          [
            6.520954,
            50.846282
          ],
          [
            6.520197,
            50.846406
          ],
          [
            6.519847,
            50.846471
          ],
          [
            6.519273,
            50.846587
          ],
          [
            6.518869,
            50.846681
          ],
          [
            6.518605,
            50.846746
          ],
          [
            6.517945,
            50.846922
          ],
          [
            6.51732,
            50.847106
          ],
          [
            6.516729,
            50.847297
          ],
          [
            6.516376,
            50.847421
          ],
          [
            6.516045,
            50.847538
          ],
          [
            6.514064,
            50.848319
          ],
          [
            6.511887,
            50.849258
          ],
          [
            6.511129,
            50.849577
          ],
          [
            6.510515,
            50.849824
          ],
          [
            6.509906,
            50.850059
          ],
          [
            6.509243,
            50.8503
          ],
          [
            6.508563,
            50.850527
          ],
          [
            6.508124,
            50.850663
          ],
          [
            6.507685,
            50.850792
          ],
          [
            6.506812,
            50.851019
          ],
          [
            6.506302,
            50.851134
          ],
          [
            6.505792,
            50.851241
          ],
          [
            6.505298,
            50.851333
          ],
          [
            6.504783,
            50.851417
          ],
          [
            6.504308,
            50.851482
          ],
          [
            6.503774,
            50.85155
          ],
          [
            6.503226,
            50.851603
          ],
          [
            6.502665,
            50.85165
          ],
          [
            6.502101,
            50.851685
          ],
          [
            6.501513,
            50.851709
          ],
          [
            6.501029,
            50.851716
          ],
          [
            6.500566,
            50.851721
          ],
          [
            6.500165,
            50.851715
          ],
          [
            6.499734,
            50.851702
          ],
          [
            6.499403,
            50.851687
          ],
          [
            6.498923,
            50.851658
          ],
          [
            6.498469,
            50.851622
          ],
          [
            6.497996,
            50.851578
          ],
          [
            6.49754,
            50.851525
          ],
          [
            6.496723,
            50.851422
          ],
          [
            6.496231,
            50.851345
          ],
          [
            6.495712,
            50.851255
          ],
          [
            6.495164,
            50.851144
          ],
          [
            6.494616,
            50.851026
          ],
          [
            6.493944,
            50.850857
          ],
          [
            6.493273,
            50.850677
          ],
          [
            6.491952,
            50.850273
          ],
          [
            6.490635,
            50.849861
          ],
          [
            6.487895,
            50.849002
          ],
          [
            6.485369,
            50.848208
          ],
          [
            6.464353,
            50.841618
          ],
          [
            6.462888,
            50.841179
          ],
          [
            6.461459,
            50.840793
          ],
          [
            6.460746,
            50.840615
          ],
          [
            6.459846,
            50.840399
          ],
          [
            6.459282,
            50.840264
          ],
          [
            6.457549,
            50.839897
          ],
          [
            6.45591,
            50.839563
          ],
          [
            6.454723,
            50.839311
          ],
          [
            6.452032,
            50.838743
          ],
          [
            6.449132,
            50.838137
          ],
          [
            6.443792,
            50.836991
          ],
          [
            6.442345,
            50.836686
          ],
          [
            6.440708,
            50.836324
          ],
          [
            6.438765,
            50.835975
          ],
          [
            6.438036,
            50.835864
          ],
          [
            6.437336,
            50.835764
          ],
          [
            6.436585,
            50.835683
          ],
          [
            6.435494,
            50.835564
          ],
          [
            6.434658,
            50.835509
          ],
          [
            6.433518,
            50.835446
          ],
          [
            6.432107,
            50.835415
          ],
          [
            6.428562,
            50.83543
          ],
          [
            6.426053,
            50.835439
          ],
          [
            6.423719,
            50.835447
          ],
          [
            6.41938,
            50.835468
          ],
          [
            6.417216,
            50.835484
          ],
          [
            6.4093,
            50.835541
          ],
          [
            6.401622,
            50.835558
          ],
          [
            6.39495,
            50.835527
          ],
          [
            6.391915,
            50.83549
          ],
          [
            6.389469,
            50.835473
          ],
          [
            6.386926,
            50.835459
          ],
          [
            6.38251,
            50.835451
          ],
          [
            6.378382,
            50.835478
          ],
          [
            6.378008,
            50.835477
          ],
          [
            6.375539,
            50.835454
          ],
          [
            6.371385,
            50.835425
          ],
          [
            6.370901,
            50.835421
          ],
          [
            6.369988,
            50.835396
          ],
          [
            6.369635,
            50.835392
          ],
          [
            6.364073,
            50.835328
          ],
          [
            6.363541,
            50.835311
          ],
          [
            6.363012,
            50.83529
          ],
          [
            6.362245,
            50.835249
          ],
          [
            6.361517,
            50.835195
          ],
          [
            6.360749,
            50.835128
          ],
          [
            6.35899,
            50.834928
          ],
          [
            6.35649,
            50.834655
          ],
          [
            6.346924,
            50.833729
          ],
          [
            6.342834,
            50.833336
          ],
          [
            6.34232,
            50.833288
          ],
          [
            6.341816,
            50.83325
          ],
          [
            6.341187,
            50.833214
          ],
          [
            6.34057,
            50.83318
          ],
          [
            6.339963,
            50.83316
          ],
          [
            6.339467,
            50.833146
          ],
          [
            6.338884,
            50.833135
          ],
          [
            6.338401,
            50.833138
          ],
          [
            6.337697,
            50.833148
          ],
          [
            6.336917,
            50.833171
          ],
          [
            6.335536,
            50.833214
          ],
          [
            6.334697,
            50.833244
          ],
          [
            6.332244,
            50.833329
          ],
          [
            6.329476,
            50.833425
          ],
          [
            6.328548,
            50.833454
          ],
          [
            6.327206,
            50.833474
          ],
          [
            6.326054,
            50.833468
          ],
          [
            6.325999,
            50.833467
          ],
          [
            6.32577,
            50.833462
          ],
          [
            6.325567,
            50.833455
          ],
          [
            6.32511,
            50.833425
          ],
          [
            6.32494,
            50.833416
          ],
          [
            6.32435,
            50.83338
          ],
          [
            6.323422,
            50.833313
          ],
          [
            6.322687,
            50.833238
          ],
          [
            6.322129,
            50.833175
          ],
          [
            6.321323,
            50.833075
          ],
          [
            6.320739,
            50.832993
          ],
          [
            6.319934,
            50.832862
          ],
          [
            6.319118,
            50.83271
          ],
          [
            6.31692,
            50.832248
          ],
          [
            6.315903,
            50.832033
          ],
          [
            6.315151,
            50.831873
          ],
          [
            6.314553,
            50.831756
          ],
          [
            6.313941,
            50.831642
          ],
          [
            6.313578,
            50.83158
          ],
          [
            6.313057,
            50.831493
          ],
          [
            6.31247,
            50.831406
          ],
          [
            6.31194,
            50.831332
          ],
          [
            6.311446,
            50.831271
          ],
          [
            6.310849,
            50.831207
          ],
          [
            6.310263,
            50.831154
          ],
          [
            6.309589,
            50.831096
          ],
          [
            6.30005,
            50.830598
          ],
          [
            6.298609,
            50.830486
          ],
          [
            6.296977,
            50.8303
          ],
          [
            6.294473,
            50.829915
          ],
          [
            6.293583,
            50.82978
          ],
          [
            6.293272,
            50.829736
          ],
          [
            6.292755,
            50.829667
          ],
          [
            6.291532,
            50.829506
          ],
          [
            6.291018,
            50.829442
          ],
          [
            6.289401,
            50.829269
          ],
          [
            6.288982,
            50.829225
          ],
          [
            6.288508,
            50.829188
          ],
          [
            6.286927,
            50.829059
          ],
          [
            6.282645,
            50.828754
          ],
          [
            6.282206,
            50.828723
          ],
          [
            6.269814,
            50.827838
          ],
          [
            6.269277,
            50.827801
          ],
          [
            6.265691,
            50.827551
          ],
          [
            6.259333,
            50.827112
          ],
          [
            6.257108,
            50.826941
          ],
          [
            6.255932,
            50.826815
          ],
          [
            6.255519,
            50.826771
          ],
          [
            6.253934,
            50.826608
          ],
          [
            6.252197,
            50.826381
          ],
          [
            6.250693,
            50.826208
          ],
          [
            6.249762,
            50.826116
          ],
          [
            6.248849,
            50.826039
          ],
          [
            6.247257,
            50.825917
          ],
          [
            6.246424,
            50.825859
          ],
          [
            6.245788,
            50.825814
          ],
          [
            6.244811,
            50.825743
          ],
          [
            6.241335,
            50.825493
          ],
          [
            6.239131,
            50.825338
          ],
          [
            6.238517,
            50.825296
          ],
          [
            6.236484,
            50.825143
          ],
          [
            6.235646,
            50.825062
          ],
          [
            6.235027,
            50.824996
          ],
          [
            6.234324,
            50.824914
          ],
          [
            6.233613,
            50.824818
          ],
          [
            6.232846,
            50.824693
          ],
          [
            6.232203,
            50.824577
          ],
          [
            6.2313,
            50.824395
          ],
          [
            6.2305,
            50.824215
          ],
          [
            6.229808,
            50.824042
          ],
          [
            6.2291,
            50.823852
          ],
          [
            6.228368,
            50.823636
          ],
          [
            6.227783,
            50.823454
          ],
          [
            6.22707,
            50.823213
          ],
          [
            6.226345,
            50.822945
          ],
          [
            6.225674,
            50.822685
          ],
          [
            6.224993,
            50.822401
          ],
          [
            6.224305,
            50.822086
          ],
          [
            6.22345,
            50.821683
          ],
          [
            6.219466,
            50.819695
          ],
          [
            6.217665,
            50.818802
          ],
          [
            6.212412,
            50.816181
          ],
          [
            6.210491,
            50.815211
          ],
          [
            6.209902,
            50.814916
          ],
          [
            6.209763,
            50.814847
          ],
          [
            6.20823,
            50.814104
          ],
          [
            6.206952,
            50.81344
          ],
          [
            6.204493,
            50.812222
          ],
          [
            6.202045,
            50.811021
          ],
          [
            6.200518,
            50.810295
          ],
          [
            6.198999,
            50.8096
          ],
          [
            6.198725,
            50.809485
          ],
          [
            6.197681,
            50.809059
          ],
          [
            6.196843,
            50.808737
          ],
          [
            6.195987,
            50.808445
          ],
          [
            6.194854,
            50.808092
          ],
          [
            6.194167,
            50.807888
          ],
          [
            6.193284,
            50.807651
          ],
          [
            6.192116,
            50.807371
          ],
          [
            6.190998,
            50.807147
          ],
          [
            6.190422,
            50.807038
          ],
          [
            6.189351,
            50.806857
          ],
          [
            6.188751,
            50.806762
          ],
          [
            6.186515,
            50.806405
          ],
          [
            6.184315,
            50.806062
          ],
          [
            6.183743,
            50.805974
          ],
          [
            6.182032,
            50.805719
          ],
          [
            6.17966,
            50.805362
          ],
          [
            6.178495,
            50.805261
          ],
          [
            6.17649,
            50.804997
          ],
          [
            6.174952,
            50.804841
          ],
          [
            6.174582,
            50.80481
          ],
          [
            6.174121,
            50.804779
          ],
          [
            6.173372,
            50.804739
          ],
          [
            6.172635,
            50.804712
          ],
          [
            6.172222,
            50.804703
          ],
          [
            6.171034,
            50.8047
          ],
          [
            6.170297,
            50.804713
          ],
          [
            6.16946,
            50.804738
          ],
          [
            6.169177,
            50.804816
          ],
          [
            6.169055,
            50.804856
          ],
          [
            6.168963,
            50.804903
          ],
          [
            6.168883,
            50.804959
          ],
          [
            6.16883,
            50.805015
          ],
          [
            6.168792,
            50.805075
          ],
          [
            6.168765,
            50.805138
          ],
          [
            6.16876,
            50.805215
          ],
          [
            6.168774,
            50.805296
          ],
          [
            6.168808,
            50.805366
          ],
          [
            6.168863,
            50.805444
          ],
          [
            6.168935,
            50.805508
          ],
          [
            6.16902,
            50.805565
          ],
          [
            6.16911,
            50.805616
          ],
          [
            6.169214,
            50.805673
          ],
          [
            6.169344,
            50.805728
          ],
          [
            6.169486,
            50.805763
          ],
          [
            6.169647,
            50.805781
          ],
          [
            6.169853,
            50.805771
          ],
          [
            6.169987,
            50.805744
          ],
          [
            6.170097,
            50.805714
          ],
          [
            6.17022,
            50.80566
          ],
          [
            6.170296,
            50.805612
          ],
          [
            6.170374,
            50.805539
          ],
          [
            6.170423,
            50.805464
          ],
          [
            6.170466,
            50.805372
          ],
          [
            6.170497,
            50.805255
          ],
          [
            6.170414,
            50.804841
          ],
          [
            6.170291,
            50.804177
          ],
          [
            6.17021,
            50.803737
          ],
          [
            6.170155,
            50.803346
          ],
          [
            6.170116,
            50.803115
          ],
          [
            6.17009,
            50.802941
          ],
          [
            6.170094,
            50.802779
          ],
          [
            6.170066,
            50.802498
          ],
          [
            6.17,
            50.802147
          ],
          [
            6.170029,
            50.801993
          ],
          [
            6.169882,
            50.801087
          ],
          [
            6.169584,
            50.799545
          ],
          [
            6.169487,
            50.799
          ],
          [
            6.169362,
            50.798302
          ],
          [
            6.169292,
            50.797796
          ],
          [
            6.16921,
            50.796868
          ],
          [
            6.169206,
            50.795979
          ],
          [
            6.169247,
            50.795295
          ],
          [
            6.16933,
            50.794614
          ],
          [
            6.169427,
            50.794022
          ],
          [
            6.169619,
            50.793305
          ],
          [
            6.169731,
            50.792868
          ],
          [
            6.169969,
            50.79218
          ],
          [
            6.170233,
            50.791499
          ],
          [
            6.17065,
            50.790666
          ],
          [
            6.171232,
            50.789655
          ],
          [
            6.172066,
            50.788464
          ],
          [
            6.172607,
            50.78779
          ],
          [
            6.173184,
            50.787089
          ],
          [
            6.173847,
            50.786365
          ],
          [
            6.174148,
            50.786034
          ],
          [
            6.174233,
            50.785928
          ],
          [
            6.174826,
            50.785186
          ],
          [
            6.17546,
            50.784263
          ],
          [
            6.17591,
            50.783529
          ],
          [
            6.176208,
            50.782953
          ],
          [
            6.176453,
            50.782425
          ],
          [
            6.176533,
            50.782252
          ],
          [
            6.176745,
            50.781735
          ],
          [
            6.177007,
            50.781007
          ],
          [
            6.177264,
            50.780014
          ],
          [
            6.177478,
            50.778648
          ],
          [
            6.177528,
            50.777549
          ],
          [
            6.177479,
            50.776453
          ],
          [
            6.177316,
            50.775406
          ],
          [
            6.177044,
            50.774342
          ],
          [
            6.176746,
            50.773475
          ],
          [
            6.17637,
            50.772603
          ],
          [
            6.175659,
            50.771306
          ],
          [
            6.17542,
            50.770958
          ],
          [
            6.175108,
            50.770503
          ],
          [
            6.174689,
            50.769946
          ],
          [
            6.174207,
            50.769375
          ],
          [
            6.174033,
            50.76918
          ],
          [
            6.174016,
            50.76916
          ],
          [
            6.173373,
            50.768463
          ],
          [
            6.172529,
            50.767669
          ],
          [
            6.171206,
            50.766602
          ],
          [
            6.170557,
            50.766131
          ],
          [
            6.169623,
            50.76551
          ],
          [
            6.16868,
            50.764941
          ],
          [
            6.166753,
            50.763945
          ],
          [
            6.162477,
            50.762071
          ],
          [
            6.161522,
            50.761623
          ],
          [
            6.161203,
            50.761469
          ],
          [
            6.158295,
            50.759962
          ],
          [
            6.156456,
            50.758877
          ],
          [
            6.153134,
            50.756691
          ],
          [
            6.152535,
            50.756251
          ],
          [
            6.151946,
            50.755807
          ],
          [
            6.151478,
            50.755446
          ],
          [
            6.151002,
            50.755056
          ],
          [
            6.150793,
            50.754898
          ],
          [
            6.150255,
            50.754438
          ],
          [
            6.149916,
            50.754151
          ],
          [
            6.14936,
            50.753656
          ],
          [
            6.148822,
            50.753164
          ],
          [
            6.148426,
            50.752775
          ],
          [
            6.147955,
            50.752339
          ],
          [
            6.147778,
            50.752154
          ],
          [
            6.147598,
            50.751974
          ],
          [
            6.146855,
            50.751199
          ],
          [
            6.146698,
            50.751
          ],
          [
            6.146347,
            50.750605
          ],
          [
            6.144932,
            50.748959
          ],
          [
            6.143167,
            50.746488
          ],
          [
            6.142993,
            50.746214
          ],
          [
            6.141388,
            50.74351
          ],
          [
            6.140105,
            50.741135
          ],
          [
            6.139995,
            50.74092
          ],
          [
            6.136774,
            50.73468
          ],
          [
            6.136611,
            50.734366
          ],
          [
            6.134282,
            50.729851
          ],
          [
            6.133495,
            50.728398
          ],
          [
            6.133319,
            50.728097
          ],
          [
            6.132657,
            50.727084
          ],
          [
            6.131893,
            50.726066
          ],
          [
            6.130959,
            50.725011
          ],
          [
            6.130496,
            50.724535
          ],
          [
            6.129895,
            50.723975
          ],
          [
            6.12915,
            50.72334
          ],
          [
            6.128523,
            50.72286
          ],
          [
            6.127782,
            50.722324
          ],
          [
            6.126944,
            50.721753
          ],
          [
            6.126615,
            50.721559
          ],
          [
            6.125962,
            50.721169
          ],
          [
            6.125482,
            50.720897
          ],
          [
            6.124977,
            50.720615
          ],
          [
            6.124189,
            50.720207
          ],
          [
            6.123353,
            50.719787
          ],
          [
            6.122353,
            50.719309
          ],
          [
            6.120397,
            50.718417
          ],
          [
            6.119049,
            50.717791
          ],
          [
            6.118994,
            50.717765
          ],
          [
            6.118391,
            50.717485
          ],
          [
            6.116704,
            50.716713
          ],
          [
            6.114122,
            50.715513
          ],
          [
            6.111353,
            50.714228
          ],
          [
            6.108379,
            50.712849
          ],
          [
            6.107925,
            50.712629
          ],
          [
            6.103065,
            50.710377
          ],
          [
            6.102946,
            50.710322
          ],
          [
            6.100196,
            50.709048
          ],
          [
            6.092172,
            50.705324
          ],
          [
            6.092009,
            50.705248
          ],
          [
            6.090651,
            50.704616
          ],
          [
            6.090511,
            50.704551
          ],
          [
            6.090147,
            50.704382
          ],
          [
            6.087673,
            50.703233
          ],
          [
            6.086105,
            50.702505
          ],
          [
            6.085805,
            50.702365
          ],
          [
            6.08391,
            50.701486
          ],
          [
            6.079451,
            50.699416
          ],
          [
            6.077524,
            50.698527
          ],
          [
            6.07175,
            50.695832
          ],
          [
            6.071592,
            50.695758
          ],
          [
            6.068036,
            50.694106
          ],
          [
            6.066147,
            50.693223
          ],
          [
            6.064287,
            50.692322
          ],
          [
            6.062468,
            50.691387
          ],
          [
            6.060707,
            50.690424
          ],
          [
            6.060171,
            50.690122
          ],
          [
            6.059521,
            50.689749
          ],
          [
            6.05948,
            50.689725
          ],
          [
            6.059469,
            50.689718
          ],
          [
            6.058728,
            50.68928
          ],
          [
            6.058106,
            50.688907
          ],
          [
            6.05592,
            50.687531
          ],
          [
            6.054047,
            50.686257
          ],
          [
            6.052892,
            50.68543
          ],
          [
            6.051474,
            50.684405
          ],
          [
            6.050987,
            50.684051
          ],
          [
            6.050821,
            50.68393
          ],
          [
            6.050709,
            50.683849
          ],
          [
            6.050313,
            50.683561
          ],
          [
            6.042222,
            50.677684
          ],
          [
            6.041885,
            50.677428
          ],
          [
            6.039096,
            50.67541
          ],
          [
            6.038885,
            50.675256
          ],
          [
            6.031599,
            50.669965
          ],
          [
            6.028997,
            50.668073
          ],
          [
            6.027324,
            50.666857
          ],
          [
            6.027095,
            50.666689
          ],
          [
            6.02686,
            50.666518
          ],
          [
            6.01855,
            50.660469
          ],
          [
            6.014955,
            50.65785
          ],
          [
            6.012902,
            50.656363
          ],
          [
            6.011891,
            50.655643
          ],
          [
            6.010867,
            50.654965
          ],
          [
            6.010741,
            50.654884
          ],
          [
            6.009731,
            50.654242
          ],
          [
            6.00948,
            50.654096
          ],
          [
            6.008545,
            50.653552
          ],
          [
            6.007311,
            50.652883
          ],
          [
            6.006019,
            50.652246
          ],
          [
            6.004534,
            50.651568
          ],
          [
            6.004005,
            50.651345
          ],
          [
            6.002707,
            50.650817
          ],
          [
            6.002078,
            50.650577
          ],
          [
            6.000244,
            50.649929
          ],
          [
            5.999258,
            50.649617
          ],
          [
            5.998687,
            50.649442
          ],
          [
            5.997674,
            50.649152
          ],
          [
            5.997045,
            50.648975
          ],
          [
            5.996429,
            50.648815
          ],
          [
            5.995854,
            50.64867
          ],
          [
            5.995173,
            50.648509
          ],
          [
            5.993859,
            50.648217
          ],
          [
            5.992753,
            50.647998
          ],
          [
            5.992275,
            50.647911
          ],
          [
            5.99139,
            50.647757
          ],
          [
            5.990315,
            50.647584
          ],
          [
            5.989221,
            50.647432
          ],
          [
            5.988805,
            50.647374
          ],
          [
            5.987316,
            50.647208
          ],
          [
            5.986347,
            50.647117
          ],
          [
            5.985733,
            50.647067
          ],
          [
            5.985015,
            50.647016
          ],
          [
            5.983469,
            50.646929
          ],
          [
            5.982538,
            50.6469
          ],
          [
            5.981198,
            50.646874
          ],
          [
            5.980095,
            50.646873
          ],
          [
            5.979301,
            50.646883
          ],
          [
            5.978925,
            50.646893
          ],
          [
            5.978077,
            50.646918
          ],
          [
            5.976587,
            50.646992
          ],
          [
            5.975108,
            50.647091
          ],
          [
            5.973626,
            50.647206
          ],
          [
            5.970578,
            50.647455
          ],
          [
            5.960426,
            50.648288
          ],
          [
            5.956011,
            50.64865
          ],
          [
            5.950973,
            50.649064
          ],
          [
            5.950521,
            50.649098
          ],
          [
            5.944909,
            50.649558
          ],
          [
            5.942712,
            50.64973
          ],
          [
            5.941148,
            50.649833
          ],
          [
            5.939594,
            50.649914
          ],
          [
            5.938059,
            50.649961
          ],
          [
            5.936497,
            50.649989
          ],
          [
            5.934896,
            50.649982
          ],
          [
            5.933142,
            50.649947
          ],
          [
            5.93263,
            50.649931
          ],
          [
            5.93175,
            50.649895
          ],
          [
            5.930198,
            50.64981
          ],
          [
            5.928591,
            50.649687
          ],
          [
            5.927049,
            50.649547
          ],
          [
            5.925512,
            50.649378
          ],
          [
            5.923934,
            50.649182
          ],
          [
            5.921627,
            50.648862
          ],
          [
            5.917204,
            50.64824
          ],
          [
            5.916545,
            50.64815
          ],
          [
            5.910463,
            50.647293
          ],
          [
            5.905276,
            50.646563
          ],
          [
            5.896834,
            50.645363
          ],
          [
            5.894703,
            50.645067
          ],
          [
            5.893747,
            50.644935
          ],
          [
            5.891044,
            50.644549
          ],
          [
            5.887892,
            50.644102
          ],
          [
            5.884582,
            50.643641
          ],
          [
            5.880806,
            50.643115
          ],
          [
            5.876248,
            50.6425
          ],
          [
            5.873983,
            50.6422
          ],
          [
            5.862433,
            50.640679
          ],
          [
            5.861777,
            50.640595
          ],
          [
            5.844079,
            50.638259
          ],
          [
            5.842072,
            50.637994
          ],
          [
            5.84184,
            50.638018
          ],
          [
            5.840516,
            50.637905
          ],
          [
            5.840005,
            50.637847
          ],
          [
            5.836157,
            50.63744
          ],
          [
            5.835814,
            50.637414
          ],
          [
            5.835574,
            50.637406
          ],
          [
            5.835463,
            50.637411
          ],
          [
            5.835196,
            50.637444
          ],
          [
            5.834939,
            50.637498
          ],
          [
            5.834686,
            50.637579
          ],
          [
            5.834456,
            50.637698
          ],
          [
            5.834289,
            50.637819
          ],
          [
            5.834157,
            50.637935
          ],
          [
            5.834065,
            50.638034
          ],
          [
            5.833994,
            50.638135
          ],
          [
            5.833959,
            50.638212
          ],
          [
            5.83393,
            50.63831
          ],
          [
            5.833927,
            50.638411
          ],
          [
            5.833945,
            50.638511
          ],
          [
            5.83397,
            50.638589
          ],
          [
            5.83401,
            50.638667
          ],
          [
            5.834068,
            50.638741
          ],
          [
            5.834137,
            50.638811
          ],
          [
            5.834275,
            50.638902
          ],
          [
            5.83438,
            50.638956
          ],
          [
            5.83449,
            50.639003
          ],
          [
            5.834594,
            50.639031
          ],
          [
            5.834708,
            50.639056
          ],
          [
            5.834827,
            50.639073
          ],
          [
            5.834984,
            50.639087
          ],
          [
            5.83511,
            50.639084
          ],
          [
            5.835237,
            50.639071
          ],
          [
            5.835366,
            50.639043
          ],
          [
            5.835485,
            50.639002
          ],
          [
            5.835594,
            50.63896
          ],
          [
            5.835687,
            50.638908
          ],
          [
            5.835772,
            50.638851
          ],
          [
            5.835837,
            50.638804
          ],
          [
            5.835915,
            50.63873
          ],
          [
            5.835977,
            50.638656
          ],
          [
            5.836057,
            50.638526
          ],
          [
            5.836233,
            50.638132
          ],
          [
            5.836325,
            50.638049
          ],
          [
            5.836677,
            50.637049
          ],
          [
            5.836816,
            50.636575
          ],
          [
            5.837325,
            50.635139
          ],
          [
            5.83759,
            50.634295
          ],
          [
            5.837721,
            50.633844
          ],
          [
            5.837809,
            50.633608
          ],
          [
            5.837976,
            50.633228
          ],
          [
            5.838168,
            50.63293
          ],
          [
            5.838422,
            50.632611
          ],
          [
            5.838742,
            50.632305
          ],
          [
            5.839011,
            50.632088
          ],
          [
            5.839466,
            50.631804
          ],
          [
            5.839727,
            50.631636
          ],
          [
            5.840098,
            50.631468
          ],
          [
            5.840499,
            50.631317
          ],
          [
            5.840856,
            50.631202
          ],
          [
            5.841499,
            50.631048
          ],
          [
            5.842029,
            50.630954
          ],
          [
            5.842574,
            50.630881
          ],
          [
            5.844455,
            50.630713
          ],
          [
            5.846285,
            50.630563
          ],
          [
            5.846932,
            50.630499
          ],
          [
            5.847291,
            50.630441
          ],
          [
            5.84774,
            50.630359
          ],
          [
            5.848173,
            50.630253
          ],
          [
            5.848647,
            50.630088
          ],
          [
            5.849007,
            50.62994
          ],
          [
            5.849315,
            50.629781
          ],
          [
            5.849568,
            50.629634
          ],
          [
            5.849823,
            50.629461
          ],
          [
            5.850272,
            50.629081
          ],
          [
            5.850459,
            50.628892
          ],
          [
            5.850628,
            50.62867
          ],
          [
            5.850792,
            50.628418
          ],
          [
            5.850878,
            50.628238
          ],
          [
            5.850949,
            50.628058
          ],
          [
            5.851016,
            50.627826
          ],
          [
            5.851042,
            50.627632
          ],
          [
            5.85107,
            50.627335
          ],
          [
            5.85105,
            50.627139
          ],
          [
            5.850977,
            50.62678
          ],
          [
            5.850901,
            50.626511
          ],
          [
            5.850861,
            50.626397
          ],
          [
            5.850727,
            50.625992
          ],
          [
            5.850676,
            50.625766
          ],
          [
            5.850651,
            50.625604
          ],
          [
            5.850635,
            50.625435
          ],
          [
            5.850635,
            50.625271
          ],
          [
            5.85066,
            50.625062
          ],
          [
            5.850702,
            50.624843
          ],
          [
            5.850772,
            50.624591
          ],
          [
            5.850926,
            50.624262
          ],
          [
            5.851147,
            50.623893
          ],
          [
            5.851855,
            50.622924
          ],
          [
            5.852186,
            50.622419
          ],
          [
            5.852474,
            50.621929
          ],
          [
            5.852712,
            50.621471
          ],
          [
            5.852901,
            50.621094
          ],
          [
            5.85315,
            50.620497
          ],
          [
            5.853242,
            50.620215
          ],
          [
            5.853376,
            50.619769
          ],
          [
            5.85351,
            50.619214
          ],
          [
            5.853591,
            50.618777
          ],
          [
            5.853652,
            50.618342
          ],
          [
            5.853704,
            50.617595
          ],
          [
            5.853745,
            50.616705
          ],
          [
            5.853793,
            50.615888
          ],
          [
            5.853791,
            50.615591
          ],
          [
            5.853765,
            50.615349
          ],
          [
            5.853719,
            50.615167
          ],
          [
            5.85364,
            50.614946
          ],
          [
            5.853535,
            50.614724
          ],
          [
            5.853369,
            50.61448
          ],
          [
            5.853102,
            50.614183
          ],
          [
            5.852646,
            50.613683
          ],
          [
            5.852367,
            50.613345
          ],
          [
            5.852248,
            50.613158
          ],
          [
            5.852142,
            50.612946
          ],
          [
            5.852052,
            50.612699
          ],
          [
            5.85201,
            50.612524
          ],
          [
            5.851986,
            50.612275
          ],
          [
            5.851977,
            50.611963
          ],
          [
            5.852026,
            50.610585
          ],
          [
            5.852052,
            50.609763
          ],
          [
            5.852072,
            50.609454
          ],
          [
            5.852057,
            50.609009
          ],
          [
            5.852041,
            50.608656
          ],
          [
            5.852015,
            50.608439
          ],
          [
            5.851948,
            50.607939
          ],
          [
            5.851804,
            50.607192
          ],
          [
            5.851656,
            50.606594
          ],
          [
            5.851467,
            50.606
          ],
          [
            5.851109,
            50.605109
          ],
          [
            5.850842,
            50.60455
          ],
          [
            5.85054,
            50.603992
          ],
          [
            5.850287,
            50.603577
          ],
          [
            5.84994,
            50.603074
          ],
          [
            5.849811,
            50.602875
          ],
          [
            5.849367,
            50.602288
          ],
          [
            5.849081,
            50.601923
          ],
          [
            5.848079,
            50.600691
          ],
          [
            5.847018,
            50.59938
          ],
          [
            5.846252,
            50.598442
          ],
          [
            5.84561,
            50.597645
          ],
          [
            5.845167,
            50.597123
          ],
          [
            5.844503,
            50.596235
          ],
          [
            5.844303,
            50.595914
          ],
          [
            5.844146,
            50.595624
          ],
          [
            5.843997,
            50.595283
          ],
          [
            5.843902,
            50.595025
          ],
          [
            5.843803,
            50.59465
          ],
          [
            5.843757,
            50.594338
          ],
          [
            5.84372,
            50.593984
          ],
          [
            5.843716,
            50.59368
          ],
          [
            5.843736,
            50.593265
          ],
          [
            5.843808,
            50.592786
          ],
          [
            5.843921,
            50.59225
          ],
          [
            5.843979,
            50.591982
          ],
          [
            5.844084,
            50.59148
          ],
          [
            5.844253,
            50.590702
          ],
          [
            5.844372,
            50.590142
          ],
          [
            5.844483,
            50.589484
          ],
          [
            5.844632,
            50.588912
          ],
          [
            5.844725,
            50.588339
          ],
          [
            5.844777,
            50.587831
          ],
          [
            5.844788,
            50.587477
          ],
          [
            5.844794,
            50.586912
          ],
          [
            5.844753,
            50.58612
          ],
          [
            5.844739,
            50.585871
          ],
          [
            5.844726,
            50.585366
          ],
          [
            5.844734,
            50.585174
          ],
          [
            5.844808,
            50.584928
          ],
          [
            5.844899,
            50.584721
          ],
          [
            5.845002,
            50.584546
          ],
          [
            5.845074,
            50.584448
          ],
          [
            5.84514,
            50.58437
          ],
          [
            5.845249,
            50.584258
          ],
          [
            5.845353,
            50.584177
          ],
          [
            5.84549,
            50.584076
          ],
          [
            5.845592,
            50.584003
          ],
          [
            5.845714,
            50.583933
          ],
          [
            5.845828,
            50.583868
          ],
          [
            5.845968,
            50.583799
          ],
          [
            5.846082,
            50.583745
          ],
          [
            5.846381,
            50.583618
          ],
          [
            5.846927,
            50.583379
          ],
          [
            5.84709,
            50.583302
          ],
          [
            5.847343,
            50.583178
          ],
          [
            5.847537,
            50.583081
          ],
          [
            5.847856,
            50.582893
          ],
          [
            5.848149,
            50.582662
          ],
          [
            5.848621,
            50.582221
          ],
          [
            5.848926,
            50.581945
          ],
          [
            5.849148,
            50.581786
          ],
          [
            5.849462,
            50.581587
          ],
          [
            5.849901,
            50.581308
          ],
          [
            5.850409,
            50.580986
          ],
          [
            5.85137,
            50.580375
          ],
          [
            5.851634,
            50.580214
          ],
          [
            5.851896,
            50.580064
          ],
          [
            5.852123,
            50.579962
          ],
          [
            5.852387,
            50.579838
          ],
          [
            5.852837,
            50.579625
          ],
          [
            5.853308,
            50.579395
          ],
          [
            5.853966,
            50.579061
          ],
          [
            5.854044,
            50.579019
          ],
          [
            5.854104,
            50.578986
          ],
          [
            5.854238,
            50.578911
          ],
          [
            5.85437,
            50.578834
          ],
          [
            5.8545,
            50.578757
          ],
          [
            5.854619,
            50.578684
          ],
          [
            5.854757,
            50.578599
          ],
          [
            5.854868,
            50.578517
          ],
          [
            5.855108,
            50.578352
          ],
          [
            5.855432,
            50.578111
          ],
          [
            5.855587,
            50.577991
          ],
          [
            5.855739,
            50.577864
          ],
          [
            5.855935,
            50.577696
          ],
          [
            5.856096,
            50.577546
          ],
          [
            5.856303,
            50.577349
          ],
          [
            5.85653,
            50.57711
          ],
          [
            5.856685,
            50.576934
          ],
          [
            5.856834,
            50.57675
          ],
          [
            5.856971,
            50.576574
          ],
          [
            5.857127,
            50.576346
          ],
          [
            5.85723,
            50.576192
          ],
          [
            5.857328,
            50.576036
          ],
          [
            5.857491,
            50.575722
          ],
          [
            5.857614,
            50.575463
          ],
          [
            5.857688,
            50.575288
          ],
          [
            5.857803,
            50.574963
          ],
          [
            5.857874,
            50.574707
          ],
          [
            5.857937,
            50.574437
          ],
          [
            5.858011,
            50.573934
          ],
          [
            5.858021,
            50.573403
          ],
          [
            5.857983,
            50.572871
          ],
          [
            5.857908,
            50.572336
          ],
          [
            5.857821,
            50.571893
          ],
          [
            5.857507,
            50.5703
          ],
          [
            5.857185,
            50.56871
          ],
          [
            5.857046,
            50.567982
          ],
          [
            5.856883,
            50.567169
          ],
          [
            5.856666,
            50.566098
          ],
          [
            5.856599,
            50.565596
          ],
          [
            5.856585,
            50.565203
          ],
          [
            5.856611,
            50.564856
          ],
          [
            5.856678,
            50.564498
          ],
          [
            5.856806,
            50.564031
          ],
          [
            5.857011,
            50.563314
          ],
          [
            5.857273,
            50.562507
          ],
          [
            5.857482,
            50.561789
          ],
          [
            5.857511,
            50.561689
          ],
          [
            5.857863,
            50.560483
          ],
          [
            5.858012,
            50.559984
          ],
          [
            5.858169,
            50.559449
          ],
          [
            5.858356,
            50.558924
          ],
          [
            5.85856,
            50.558443
          ],
          [
            5.858822,
            50.557923
          ],
          [
            5.859129,
            50.557417
          ],
          [
            5.859303,
            50.557157
          ],
          [
            5.859486,
            50.556901
          ],
          [
            5.859863,
            50.556428
          ],
          [
            5.860298,
            50.555935
          ],
          [
            5.860769,
            50.555463
          ],
          [
            5.861221,
            50.555053
          ],
          [
            5.861872,
            50.554533
          ],
          [
            5.86235,
            50.55419
          ],
          [
            5.863291,
            50.553545
          ],
          [
            5.864573,
            50.552672
          ],
          [
            5.866202,
            50.551563
          ],
          [
            5.867008,
            50.551013
          ],
          [
            5.86744,
            50.550697
          ],
          [
            5.867995,
            50.550266
          ],
          [
            5.868273,
            50.550036
          ],
          [
            5.868517,
            50.549823
          ],
          [
            5.868937,
            50.549419
          ],
          [
            5.869352,
            50.54896
          ],
          [
            5.869729,
            50.54849
          ],
          [
            5.870051,
            50.548
          ],
          [
            5.870341,
            50.547489
          ],
          [
            5.870578,
            50.546995
          ],
          [
            5.870781,
            50.546482
          ],
          [
            5.870952,
            50.545983
          ],
          [
            5.87111,
            50.545467
          ],
          [
            5.871608,
            50.543814
          ],
          [
            5.872061,
            50.54235
          ],
          [
            5.872202,
            50.541922
          ],
          [
            5.872325,
            50.541588
          ],
          [
            5.872481,
            50.5412
          ],
          [
            5.872658,
            50.540809
          ],
          [
            5.872923,
            50.540275
          ],
          [
            5.873927,
            50.538445
          ],
          [
            5.875193,
            50.536176
          ],
          [
            5.875266,
            50.53605
          ],
          [
            5.877668,
            50.531741
          ],
          [
            5.877902,
            50.531293
          ],
          [
            5.878048,
            50.53105
          ],
          [
            5.87819,
            50.530824
          ],
          [
            5.878394,
            50.530521
          ],
          [
            5.878609,
            50.530222
          ],
          [
            5.879056,
            50.52967
          ],
          [
            5.879446,
            50.529257
          ],
          [
            5.879939,
            50.528808
          ],
          [
            5.880418,
            50.528411
          ],
          [
            5.880983,
            50.527996
          ],
          [
            5.881573,
            50.527612
          ],
          [
            5.881885,
            50.527431
          ],
          [
            5.88221,
            50.527245
          ],
          [
            5.882544,
            50.527075
          ],
          [
            5.882877,
            50.526904
          ],
          [
            5.883228,
            50.526745
          ],
          [
            5.883572,
            50.526596
          ],
          [
            5.883949,
            50.52644
          ],
          [
            5.884297,
            50.526309
          ],
          [
            5.885066,
            50.526049
          ],
          [
            5.88586,
            50.525813
          ],
          [
            5.886245,
            50.525711
          ],
          [
            5.886635,
            50.525621
          ],
          [
            5.887062,
            50.525528
          ],
          [
            5.887467,
            50.525448
          ],
          [
            5.888287,
            50.525311
          ],
          [
            5.888756,
            50.525251
          ],
          [
            5.889223,
            50.525199
          ],
          [
            5.889984,
            50.525137
          ],
          [
            5.890402,
            50.525114
          ],
          [
            5.890808,
            50.525099
          ],
          [
            5.891232,
            50.525091
          ],
          [
            5.89165,
            50.525092
          ],
          [
            5.892075,
            50.525101
          ],
          [
            5.892503,
            50.525117
          ],
          [
            5.892911,
            50.52514
          ],
          [
            5.893332,
            50.52517
          ],
          [
            5.894164,
            50.525261
          ],
          [
            5.894986,
            50.525376
          ],
          [
            5.895793,
            50.525518
          ],
          [
            5.897001,
            50.525736
          ],
          [
            5.899015,
            50.52612
          ],
          [
            5.900789,
            50.526494
          ],
          [
            5.904278,
            50.527161
          ],
          [
            5.904871,
            50.527275
          ],
          [
            5.90709,
            50.527699
          ],
          [
            5.908939,
            50.528036
          ],
          [
            5.909867,
            50.528182
          ],
          [
            5.910778,
            50.528304
          ],
          [
            5.911718,
            50.528408
          ],
          [
            5.912552,
            50.528473
          ],
          [
            5.913554,
            50.528513
          ],
          [
            5.914437,
            50.528512
          ],
          [
            5.914605,
            50.528507
          ],
          [
            5.914888,
            50.528496
          ],
          [
            5.914958,
            50.528493
          ],
          [
            5.915473,
            50.528465
          ],
          [
            5.915911,
            50.528432
          ],
          [
            5.916338,
            50.528388
          ],
          [
            5.916824,
            50.528327
          ],
          [
            5.917254,
            50.528265
          ],
          [
            5.917683,
            50.528196
          ],
          [
            5.918171,
            50.52811
          ],
          [
            5.919121,
            50.527915
          ],
          [
            5.919954,
            50.52771
          ],
          [
            5.920038,
            50.527689
          ],
          [
            5.920373,
            50.527606
          ],
          [
            5.920415,
            50.527596
          ],
          [
            5.921257,
            50.527366
          ],
          [
            5.922636,
            50.526974
          ],
          [
            5.923436,
            50.526736
          ],
          [
            5.927197,
            50.525614
          ],
          [
            5.933117,
            50.523848
          ],
          [
            5.933251,
            50.523807
          ],
          [
            5.935052,
            50.523268
          ],
          [
            5.935885,
            50.522998
          ],
          [
            5.936618,
            50.522748
          ],
          [
            5.93736,
            50.522467
          ],
          [
            5.93807,
            50.522173
          ],
          [
            5.938751,
            50.521864
          ],
          [
            5.939446,
            50.52152
          ],
          [
            5.940051,
            50.521193
          ],
          [
            5.940691,
            50.520821
          ],
          [
            5.941277,
            50.52046
          ],
          [
            5.941865,
            50.520057
          ],
          [
            5.942417,
            50.519648
          ],
          [
            5.942924,
            50.519244
          ],
          [
            5.943466,
            50.51878
          ],
          [
            5.943972,
            50.518288
          ],
          [
            5.944489,
            50.517737
          ],
          [
            5.945085,
            50.517032
          ],
          [
            5.945397,
            50.516607
          ],
          [
            5.945745,
            50.516075
          ],
          [
            5.946051,
            50.515568
          ],
          [
            5.946338,
            50.515039
          ],
          [
            5.946417,
            50.514862
          ],
          [
            5.946482,
            50.514715
          ],
          [
            5.946512,
            50.514646
          ],
          [
            5.94668,
            50.514225
          ],
          [
            5.946832,
            50.513782
          ],
          [
            5.946982,
            50.513273
          ],
          [
            5.947101,
            50.512747
          ],
          [
            5.947195,
            50.512211
          ],
          [
            5.947261,
            50.51167
          ],
          [
            5.947315,
            50.511098
          ],
          [
            5.947568,
            50.50789
          ],
          [
            5.947774,
            50.505215
          ],
          [
            5.947866,
            50.50409
          ],
          [
            5.947905,
            50.503545
          ],
          [
            5.947947,
            50.503003
          ],
          [
            5.947999,
            50.502011
          ],
          [
            5.948336,
            50.497763
          ],
          [
            5.948539,
            50.495064
          ],
          [
            5.948668,
            50.493434
          ],
          [
            5.948795,
            50.492383
          ],
          [
            5.948895,
            50.491809
          ],
          [
            5.94901,
            50.491275
          ],
          [
            5.94916,
            50.490733
          ],
          [
            5.949325,
            50.490207
          ],
          [
            5.949519,
            50.489683
          ],
          [
            5.949739,
            50.489155
          ],
          [
            5.949908,
            50.488787
          ],
          [
            5.949958,
            50.48868
          ],
          [
            5.949979,
            50.488641
          ],
          [
            5.950247,
            50.488122
          ],
          [
            5.950535,
            50.487616
          ],
          [
            5.95086,
            50.4871
          ],
          [
            5.9512,
            50.4866
          ],
          [
            5.951554,
            50.486126
          ],
          [
            5.951961,
            50.485616
          ],
          [
            5.952364,
            50.485149
          ],
          [
            5.952795,
            50.484685
          ],
          [
            5.953241,
            50.484228
          ],
          [
            5.953705,
            50.483784
          ],
          [
            5.954199,
            50.483347
          ],
          [
            5.954718,
            50.482912
          ],
          [
            5.955278,
            50.482476
          ],
          [
            5.956407,
            50.481667
          ],
          [
            5.957027,
            50.481258
          ],
          [
            5.957654,
            50.480863
          ],
          [
            5.958175,
            50.480546
          ],
          [
            5.958834,
            50.48018
          ],
          [
            5.959554,
            50.479808
          ],
          [
            5.959868,
            50.479599
          ],
          [
            5.960555,
            50.479226
          ],
          [
            5.961277,
            50.478831
          ],
          [
            5.962265,
            50.478254
          ],
          [
            5.963188,
            50.477699
          ],
          [
            5.963472,
            50.477531
          ],
          [
            5.963648,
            50.477325
          ],
          [
            5.963718,
            50.477171
          ],
          [
            5.963732,
            50.477035
          ],
          [
            5.963724,
            50.476876
          ],
          [
            5.963707,
            50.476699
          ],
          [
            5.963325,
            50.476206
          ],
          [
            5.963376,
            50.476158
          ],
          [
            5.963808,
            50.47585
          ],
          [
            5.964473,
            50.475379
          ],
          [
            5.964696,
            50.47517
          ],
          [
            5.964774,
            50.475064
          ],
          [
            5.964844,
            50.474936
          ],
          [
            5.96525,
            50.474074
          ],
          [
            5.965273,
            50.474031
          ],
          [
            5.966252,
            50.471955
          ],
          [
            5.966343,
            50.471752
          ],
          [
            5.967085,
            50.470171
          ],
          [
            5.967181,
            50.469965
          ],
          [
            5.967303,
            50.469787
          ],
          [
            5.967469,
            50.469604
          ],
          [
            5.968143,
            50.468982
          ],
          [
            5.968297,
            50.468813
          ],
          [
            5.968352,
            50.46874
          ],
          [
            5.968444,
            50.468612
          ],
          [
            5.968548,
            50.468431
          ],
          [
            5.968928,
            50.467765
          ],
          [
            5.968951,
            50.467723
          ],
          [
            5.969128,
            50.467376
          ],
          [
            5.969232,
            50.467199
          ],
          [
            5.969417,
            50.467062
          ],
          [
            5.970304,
            50.466419
          ],
          [
            5.970621,
            50.466149
          ],
          [
            5.970842,
            50.465945
          ],
          [
            5.971367,
            50.465414
          ],
          [
            5.97154,
            50.465342
          ],
          [
            5.971525,
            50.465221
          ],
          [
            5.971597,
            50.465107
          ],
          [
            5.971656,
            50.464913
          ],
          [
            5.971672,
            50.464722
          ],
          [
            5.971565,
            50.464018
          ],
          [
            5.971548,
            50.463899
          ],
          [
            5.971527,
            50.463734
          ],
          [
            5.971496,
            50.463444
          ],
          [
            5.971469,
            50.463275
          ],
          [
            5.971383,
            50.463105
          ],
          [
            5.971295,
            50.462985
          ],
          [
            5.971149,
            50.462853
          ],
          [
            5.970971,
            50.46274
          ],
          [
            5.97078,
            50.462641
          ],
          [
            5.969772,
            50.462285
          ],
          [
            5.969727,
            50.462233
          ],
          [
            5.969485,
            50.462069
          ],
          [
            5.969447,
            50.461945
          ],
          [
            5.969575,
            50.461706
          ],
          [
            5.969643,
            50.461443
          ],
          [
            5.969699,
            50.461355
          ],
          [
            5.96987,
            50.461316
          ],
          [
            5.970249,
            50.461271
          ],
          [
            5.970383,
            50.461221
          ],
          [
            5.970455,
            50.461146
          ],
          [
            5.970467,
            50.46104
          ],
          [
            5.970459,
            50.460836
          ],
          [
            5.970375,
            50.460698
          ],
          [
            5.970535,
            50.460638
          ],
          [
            5.971138,
            50.460456
          ],
          [
            5.970959,
            50.460337
          ],
          [
            5.970586,
            50.460204
          ],
          [
            5.970325,
            50.460111
          ],
          [
            5.970638,
            50.459786
          ],
          [
            5.970957,
            50.459594
          ],
          [
            5.971409,
            50.459304
          ],
          [
            5.971544,
            50.45922
          ],
          [
            5.971685,
            50.459173
          ],
          [
            5.971877,
            50.459159
          ],
          [
            5.97222,
            50.459185
          ],
          [
            5.973471,
            50.459277
          ],
          [
            5.973679,
            50.459282
          ],
          [
            5.97386,
            50.459248
          ],
          [
            5.974018,
            50.459164
          ],
          [
            5.974144,
            50.459042
          ],
          [
            5.974272,
            50.458901
          ],
          [
            5.974387,
            50.45867
          ],
          [
            5.974425,
            50.45852
          ],
          [
            5.974415,
            50.458319
          ],
          [
            5.97434,
            50.457888
          ],
          [
            5.974319,
            50.457754
          ],
          [
            5.974334,
            50.457585
          ],
          [
            5.974423,
            50.457067
          ],
          [
            5.974471,
            50.45683
          ],
          [
            5.974485,
            50.456761
          ],
          [
            5.974607,
            50.456411
          ],
          [
            5.975782,
            50.454092
          ],
          [
            5.975926,
            50.453784
          ],
          [
            5.975933,
            50.453631
          ],
          [
            5.975892,
            50.453473
          ],
          [
            5.975582,
            50.452942
          ],
          [
            5.974491,
            50.451069
          ],
          [
            5.973126,
            50.448728
          ],
          [
            5.973056,
            50.448623
          ],
          [
            5.972957,
            50.448504
          ],
          [
            5.972912,
            50.448478
          ],
          [
            5.972866,
            50.448449
          ],
          [
            5.97284,
            50.448448
          ],
          [
            5.97281,
            50.448444
          ],
          [
            5.972785,
            50.448438
          ],
          [
            5.972761,
            50.44843
          ],
          [
            5.97274,
            50.448421
          ],
          [
            5.97272,
            50.448408
          ],
          [
            5.972703,
            50.448395
          ],
          [
            5.972689,
            50.44838
          ],
          [
            5.972677,
            50.44836
          ],
          [
            5.972673,
            50.448348
          ],
          [
            5.972669,
            50.44833
          ],
          [
            5.97267,
            50.448312
          ],
          [
            5.972674,
            50.448297
          ],
          [
            5.972681,
            50.448284
          ],
          [
            5.972689,
            50.44827
          ],
          [
            5.972702,
            50.448256
          ],
          [
            5.972718,
            50.448244
          ],
          [
            5.972732,
            50.448234
          ],
          [
            5.972749,
            50.448226
          ],
          [
            5.972769,
            50.448217
          ],
          [
            5.972791,
            50.448211
          ],
          [
            5.972814,
            50.448206
          ],
          [
            5.972838,
            50.448203
          ],
          [
            5.972862,
            50.448202
          ],
          [
            5.972884,
            50.448203
          ],
          [
            5.972908,
            50.448205
          ],
          [
            5.972983,
            50.448204
          ],
          [
            5.973032,
            50.448194
          ],
          [
            5.973083,
            50.448175
          ],
          [
            5.973172,
            50.448146
          ],
          [
            5.973252,
            50.448092
          ],
          [
            5.97338,
            50.447999
          ],
          [
            5.973474,
            50.447917
          ],
          [
            5.973543,
            50.447842
          ],
          [
            5.973603,
            50.447766
          ],
          [
            5.973649,
            50.447702
          ],
          [
            5.973752,
            50.447526
          ],
          [
            5.973932,
            50.44721
          ],
          [
            5.974147,
            50.446811
          ],
          [
            5.974409,
            50.446349
          ],
          [
            5.974652,
            50.445913
          ],
          [
            5.974716,
            50.445814
          ],
          [
            5.974788,
            50.445711
          ],
          [
            5.974868,
            50.44562
          ],
          [
            5.974949,
            50.44554
          ],
          [
            5.97504,
            50.445458
          ],
          [
            5.975129,
            50.445388
          ],
          [
            5.975226,
            50.445314
          ],
          [
            5.97534,
            50.445246
          ],
          [
            5.975466,
            50.445171
          ],
          [
            5.975649,
            50.445078
          ],
          [
            5.975863,
            50.444985
          ],
          [
            5.976877,
            50.444568
          ],
          [
            5.976962,
            50.44453
          ],
          [
            5.977048,
            50.444479
          ],
          [
            5.977134,
            50.444427
          ],
          [
            5.977227,
            50.444344
          ],
          [
            5.977308,
            50.444245
          ],
          [
            5.977343,
            50.444189
          ],
          [
            5.977371,
            50.444128
          ],
          [
            5.977385,
            50.444064
          ],
          [
            5.977402,
            50.443913
          ],
          [
            5.977407,
            50.443853
          ],
          [
            5.977428,
            50.443598
          ],
          [
            5.97743,
            50.443515
          ],
          [
            5.977433,
            50.443453
          ],
          [
            5.977431,
            50.443398
          ],
          [
            5.977418,
            50.443325
          ],
          [
            5.9774,
            50.443262
          ],
          [
            5.977375,
            50.4432
          ],
          [
            5.977335,
            50.443116
          ],
          [
            5.977271,
            50.443032
          ],
          [
            5.977208,
            50.442963
          ],
          [
            5.977132,
            50.442891
          ],
          [
            5.977019,
            50.442817
          ],
          [
            5.976908,
            50.442752
          ],
          [
            5.976781,
            50.44269
          ],
          [
            5.976684,
            50.442656
          ],
          [
            5.975762,
            50.442397
          ],
          [
            5.97555,
            50.442339
          ],
          [
            5.975443,
            50.442305
          ],
          [
            5.975327,
            50.442266
          ],
          [
            5.975145,
            50.442185
          ],
          [
            5.975019,
            50.442109
          ],
          [
            5.974908,
            50.442031
          ],
          [
            5.974844,
            50.441981
          ],
          [
            5.97479,
            50.441927
          ],
          [
            5.974693,
            50.441826
          ],
          [
            5.974646,
            50.44176
          ],
          [
            5.974598,
            50.441679
          ],
          [
            5.974552,
            50.441594
          ],
          [
            5.974527,
            50.441513
          ],
          [
            5.974511,
            50.44144
          ],
          [
            5.974499,
            50.441355
          ],
          [
            5.974501,
            50.441273
          ],
          [
            5.974507,
            50.441198
          ],
          [
            5.974524,
            50.441128
          ],
          [
            5.974544,
            50.441051
          ],
          [
            5.974581,
            50.440974
          ],
          [
            5.974623,
            50.440896
          ],
          [
            5.974684,
            50.440809
          ],
          [
            5.974784,
            50.440698
          ],
          [
            5.974916,
            50.440562
          ],
          [
            5.975026,
            50.440452
          ],
          [
            5.97565,
            50.439816
          ],
          [
            5.975992,
            50.439468
          ],
          [
            5.976283,
            50.43917
          ],
          [
            5.976363,
            50.439082
          ],
          [
            5.976419,
            50.439005
          ],
          [
            5.976459,
            50.43893
          ],
          [
            5.976493,
            50.438839
          ],
          [
            5.976529,
            50.4387
          ],
          [
            5.976556,
            50.438561
          ],
          [
            5.976573,
            50.438498
          ],
          [
            5.976747,
            50.437719
          ],
          [
            5.976818,
            50.437398
          ],
          [
            5.976898,
            50.437077
          ],
          [
            5.976951,
            50.436942
          ],
          [
            5.977049,
            50.436796
          ],
          [
            5.977146,
            50.436687
          ],
          [
            5.977279,
            50.436576
          ],
          [
            5.977404,
            50.436493
          ],
          [
            5.977559,
            50.436403
          ],
          [
            5.978059,
            50.43613
          ],
          [
            5.978716,
            50.435773
          ],
          [
            5.979185,
            50.435519
          ],
          [
            5.97936,
            50.435415
          ],
          [
            5.979461,
            50.435343
          ],
          [
            5.979544,
            50.435264
          ],
          [
            5.979598,
            50.435208
          ],
          [
            5.979644,
            50.435151
          ],
          [
            5.979695,
            50.435067
          ],
          [
            5.97973,
            50.434983
          ],
          [
            5.979755,
            50.434866
          ],
          [
            5.979761,
            50.434815
          ],
          [
            5.979763,
            50.434662
          ],
          [
            5.979704,
            50.433389
          ],
          [
            5.979668,
            50.432936
          ],
          [
            5.979637,
            50.432695
          ],
          [
            5.979552,
            50.432047
          ],
          [
            5.97948,
            50.431539
          ],
          [
            5.97941,
            50.431026
          ],
          [
            5.979324,
            50.43043
          ],
          [
            5.979315,
            50.430301
          ],
          [
            5.979321,
            50.430176
          ],
          [
            5.979342,
            50.43005
          ],
          [
            5.97937,
            50.429952
          ],
          [
            5.979422,
            50.429833
          ],
          [
            5.979488,
            50.429723
          ],
          [
            5.97956,
            50.429628
          ],
          [
            5.979643,
            50.429539
          ],
          [
            5.979817,
            50.429389
          ],
          [
            5.979981,
            50.429281
          ],
          [
            5.980183,
            50.42917
          ],
          [
            5.980682,
            50.428916
          ],
          [
            5.980937,
            50.428787
          ],
          [
            5.981193,
            50.428657
          ],
          [
            5.981652,
            50.428425
          ],
          [
            5.982095,
            50.428201
          ],
          [
            5.982062,
            50.428173
          ],
          [
            5.98198,
            50.428129
          ],
          [
            5.981938,
            50.428122
          ],
          [
            5.981832,
            50.428126
          ],
          [
            5.981803,
            50.428127
          ],
          [
            5.981493,
            50.428151
          ],
          [
            5.981182,
            50.428177
          ],
          [
            5.980805,
            50.428206
          ],
          [
            5.980377,
            50.428239
          ],
          [
            5.979799,
            50.428285
          ],
          [
            5.979039,
            50.428346
          ],
          [
            5.97885,
            50.428366
          ],
          [
            5.978604,
            50.428407
          ],
          [
            5.978503,
            50.428432
          ],
          [
            5.978398,
            50.428461
          ],
          [
            5.978264,
            50.428514
          ],
          [
            5.97815,
            50.428566
          ],
          [
            5.97801,
            50.428641
          ],
          [
            5.977898,
            50.42872
          ],
          [
            5.97779,
            50.428806
          ],
          [
            5.97772,
            50.428881
          ],
          [
            5.977653,
            50.428958
          ],
          [
            5.977601,
            50.429024
          ],
          [
            5.977541,
            50.429127
          ],
          [
            5.977516,
            50.429186
          ],
          [
            5.97749,
            50.429259
          ],
          [
            5.977466,
            50.42935
          ]
        ]
      },
      "properties": {
        "id": "spa-route-cologne-airport",
        "name": "Аэропорт Кёльн/Бонн → трасса",
        "distanceM": 144351,
        "routeType": "arrival",
        "travelMode": "car",
        "featureType": "route",
        "reviewStatus": "candidate",
        "durationMinutes": 99
      }
    },
    {
      "type": "Feature",
      "geometry": {
        "type": "LineString",
        "coordinates": [
          [
            4.458339,
            50.464339
          ],
          [
            4.458339,
            50.464339
          ],
          [
            4.458635,
            50.464557
          ],
          [
            4.459566,
            50.465381
          ],
          [
            4.460449,
            50.466133
          ],
          [
            4.460718,
            50.466376
          ],
          [
            4.46096,
            50.466559
          ],
          [
            4.461247,
            50.466728
          ],
          [
            4.461701,
            50.466955
          ],
          [
            4.462048,
            50.467084
          ],
          [
            4.462693,
            50.467279
          ],
          [
            4.463411,
            50.467483
          ],
          [
            4.464037,
            50.467661
          ],
          [
            4.464336,
            50.467746
          ],
          [
            4.464735,
            50.46786
          ],
          [
            4.465194,
            50.467992
          ],
          [
            4.465893,
            50.468172
          ],
          [
            4.46609,
            50.468256
          ],
          [
            4.466211,
            50.468277
          ],
          [
            4.466293,
            50.46832
          ],
          [
            4.466343,
            50.468372
          ],
          [
            4.466339,
            50.46841
          ],
          [
            4.466332,
            50.46846
          ],
          [
            4.465889,
            50.469119
          ],
          [
            4.465935,
            50.469182
          ],
          [
            4.465979,
            50.469219
          ],
          [
            4.466398,
            50.469426
          ],
          [
            4.466583,
            50.469551
          ],
          [
            4.467046,
            50.469933
          ],
          [
            4.467562,
            50.470431
          ],
          [
            4.467614,
            50.470471
          ],
          [
            4.468061,
            50.470813
          ],
          [
            4.468204,
            50.470915
          ],
          [
            4.468512,
            50.471113
          ],
          [
            4.468843,
            50.471324
          ],
          [
            4.469049,
            50.471441
          ],
          [
            4.469203,
            50.471528
          ],
          [
            4.469491,
            50.4717
          ],
          [
            4.469608,
            50.47177
          ],
          [
            4.469699,
            50.471824
          ],
          [
            4.470024,
            50.471827
          ],
          [
            4.470249,
            50.471894
          ],
          [
            4.470332,
            50.471946
          ],
          [
            4.470403,
            50.471991
          ],
          [
            4.470513,
            50.47214
          ],
          [
            4.470534,
            50.472248
          ],
          [
            4.470466,
            50.472434
          ],
          [
            4.470438,
            50.472476
          ],
          [
            4.470495,
            50.472646
          ],
          [
            4.470535,
            50.472721
          ],
          [
            4.470891,
            50.472995
          ],
          [
            4.471459,
            50.473301
          ],
          [
            4.471498,
            50.473319
          ],
          [
            4.471764,
            50.473443
          ],
          [
            4.471912,
            50.473492
          ],
          [
            4.472294,
            50.47362
          ],
          [
            4.472956,
            50.473772
          ],
          [
            4.473178,
            50.473805
          ],
          [
            4.475379,
            50.474027
          ],
          [
            4.475525,
            50.474045
          ],
          [
            4.476155,
            50.474125
          ],
          [
            4.476357,
            50.474088
          ],
          [
            4.476627,
            50.474039
          ],
          [
            4.476749,
            50.473945
          ],
          [
            4.476893,
            50.473878
          ],
          [
            4.477099,
            50.473809
          ],
          [
            4.477355,
            50.473798
          ],
          [
            4.477827,
            50.473939
          ],
          [
            4.477988,
            50.473984
          ],
          [
            4.478233,
            50.474054
          ],
          [
            4.478659,
            50.474175
          ],
          [
            4.478928,
            50.474257
          ],
          [
            4.47952,
            50.474438
          ],
          [
            4.479872,
            50.474527
          ],
          [
            4.480337,
            50.474603
          ],
          [
            4.480616,
            50.474617
          ],
          [
            4.480877,
            50.474597
          ],
          [
            4.481265,
            50.474518
          ],
          [
            4.481828,
            50.474389
          ],
          [
            4.481925,
            50.474367
          ],
          [
            4.482199,
            50.474303
          ],
          [
            4.482327,
            50.474273
          ],
          [
            4.482514,
            50.47423
          ],
          [
            4.483619,
            50.473975
          ],
          [
            4.484045,
            50.473884
          ],
          [
            4.484477,
            50.473793
          ],
          [
            4.485205,
            50.473691
          ],
          [
            4.485987,
            50.473582
          ],
          [
            4.48619,
            50.473554
          ],
          [
            4.486616,
            50.473499
          ],
          [
            4.486703,
            50.47348
          ],
          [
            4.48679,
            50.473462
          ],
          [
            4.486803,
            50.473418
          ],
          [
            4.486827,
            50.473376
          ],
          [
            4.486864,
            50.473338
          ],
          [
            4.48691,
            50.473305
          ],
          [
            4.486998,
            50.473267
          ],
          [
            4.487062,
            50.473253
          ],
          [
            4.487099,
            50.473245
          ],
          [
            4.487205,
            50.473243
          ],
          [
            4.487308,
            50.47326
          ],
          [
            4.4874,
            50.473294
          ],
          [
            4.487473,
            50.473344
          ],
          [
            4.487521,
            50.473404
          ],
          [
            4.48754,
            50.473471
          ],
          [
            4.48753,
            50.473536
          ],
          [
            4.487492,
            50.473598
          ],
          [
            4.487552,
            50.473713
          ],
          [
            4.487581,
            50.473731
          ],
          [
            4.487613,
            50.47375
          ],
          [
            4.488762,
            50.474501
          ],
          [
            4.488953,
            50.474617
          ],
          [
            4.489105,
            50.474672
          ],
          [
            4.489321,
            50.474709
          ],
          [
            4.48958,
            50.474651
          ],
          [
            4.489834,
            50.474604
          ],
          [
            4.490426,
            50.474513
          ],
          [
            4.490913,
            50.474483
          ],
          [
            4.491262,
            50.474492
          ],
          [
            4.49183,
            50.474547
          ],
          [
            4.492931,
            50.474716
          ],
          [
            4.493623,
            50.474822
          ],
          [
            4.496012,
            50.475189
          ],
          [
            4.496867,
            50.475373
          ],
          [
            4.497858,
            50.475685
          ],
          [
            4.499661,
            50.476465
          ],
          [
            4.50077,
            50.476956
          ],
          [
            4.500942,
            50.477014
          ],
          [
            4.5011,
            50.47703
          ],
          [
            4.501263,
            50.477027
          ],
          [
            4.501634,
            50.47699
          ],
          [
            4.501732,
            50.476976
          ],
          [
            4.501798,
            50.476958
          ],
          [
            4.501858,
            50.476929
          ],
          [
            4.501887,
            50.476865
          ],
          [
            4.501943,
            50.476808
          ],
          [
            4.501907,
            50.476707
          ],
          [
            4.501855,
            50.476611
          ],
          [
            4.501553,
            50.476219
          ],
          [
            4.50138,
            50.475992
          ],
          [
            4.501325,
            50.475921
          ],
          [
            4.501278,
            50.475844
          ],
          [
            4.501225,
            50.47571
          ],
          [
            4.501204,
            50.475486
          ],
          [
            4.501196,
            50.475158
          ],
          [
            4.501088,
            50.474642
          ],
          [
            4.500936,
            50.474455
          ],
          [
            4.500738,
            50.474129
          ],
          [
            4.500514,
            50.473837
          ],
          [
            4.500214,
            50.473563
          ],
          [
            4.5,
            50.473373
          ],
          [
            4.499656,
            50.473114
          ],
          [
            4.499082,
            50.472698
          ],
          [
            4.498823,
            50.472465
          ],
          [
            4.498602,
            50.472231
          ],
          [
            4.498499,
            50.472057
          ],
          [
            4.498414,
            50.471885
          ],
          [
            4.498363,
            50.471691
          ],
          [
            4.49834,
            50.471438
          ],
          [
            4.498396,
            50.471115
          ],
          [
            4.498483,
            50.470853
          ],
          [
            4.498619,
            50.470547
          ],
          [
            4.498805,
            50.470226
          ],
          [
            4.49904,
            50.469895
          ],
          [
            4.499227,
            50.469708
          ],
          [
            4.499577,
            50.469467
          ],
          [
            4.49981,
            50.469363
          ],
          [
            4.500091,
            50.469273
          ],
          [
            4.500368,
            50.469206
          ],
          [
            4.500675,
            50.469175
          ],
          [
            4.500957,
            50.469174
          ],
          [
            4.501233,
            50.469193
          ],
          [
            4.501699,
            50.469273
          ],
          [
            4.501995,
            50.469368
          ],
          [
            4.502184,
            50.469417
          ],
          [
            4.502645,
            50.46961
          ],
          [
            4.503018,
            50.469765
          ],
          [
            4.503441,
            50.46991
          ],
          [
            4.503868,
            50.470013
          ],
          [
            4.504353,
            50.470091
          ],
          [
            4.504882,
            50.470136
          ],
          [
            4.505254,
            50.470147
          ],
          [
            4.505735,
            50.470116
          ],
          [
            4.506159,
            50.470071
          ],
          [
            4.50646,
            50.470096
          ],
          [
            4.508932,
            50.469721
          ],
          [
            4.509933,
            50.469581
          ],
          [
            4.510736,
            50.469467
          ],
          [
            4.512484,
            50.469248
          ],
          [
            4.514143,
            50.469071
          ],
          [
            4.515687,
            50.468943
          ],
          [
            4.516611,
            50.46888
          ],
          [
            4.517717,
            50.468814
          ],
          [
            4.518836,
            50.468767
          ],
          [
            4.519467,
            50.468747
          ],
          [
            4.521669,
            50.46873
          ],
          [
            4.522357,
            50.468739
          ],
          [
            4.523525,
            50.468753
          ],
          [
            4.525082,
            50.468814
          ],
          [
            4.52669,
            50.468909
          ],
          [
            4.52825,
            50.469026
          ],
          [
            4.53107,
            50.469282
          ],
          [
            4.531588,
            50.469338
          ],
          [
            4.532921,
            50.469489
          ],
          [
            4.535125,
            50.469754
          ],
          [
            4.537543,
            50.470087
          ],
          [
            4.539926,
            50.470444
          ],
          [
            4.540046,
            50.470463
          ],
          [
            4.541305,
            50.470667
          ],
          [
            4.543773,
            50.471092
          ],
          [
            4.544648,
            50.471255
          ],
          [
            4.546112,
            50.47153
          ],
          [
            4.547773,
            50.471868
          ],
          [
            4.549667,
            50.472264
          ],
          [
            4.551568,
            50.472694
          ],
          [
            4.553089,
            50.473056
          ],
          [
            4.554599,
            50.473431
          ],
          [
            4.556138,
            50.473829
          ],
          [
            4.557476,
            50.474189
          ],
          [
            4.558294,
            50.474409
          ],
          [
            4.558917,
            50.474577
          ],
          [
            4.560362,
            50.474982
          ],
          [
            4.56314,
            50.475769
          ],
          [
            4.565972,
            50.476572
          ],
          [
            4.588522,
            50.482996
          ],
          [
            4.59679,
            50.485342
          ],
          [
            4.598649,
            50.48587
          ],
          [
            4.600429,
            50.486375
          ],
          [
            4.601045,
            50.486556
          ],
          [
            4.601195,
            50.486599
          ],
          [
            4.606077,
            50.487988
          ],
          [
            4.608009,
            50.48853
          ],
          [
            4.611296,
            50.489456
          ],
          [
            4.612848,
            50.489875
          ],
          [
            4.614435,
            50.49029
          ],
          [
            4.615987,
            50.490675
          ],
          [
            4.617623,
            50.491053
          ],
          [
            4.619201,
            50.491396
          ],
          [
            4.620847,
            50.491739
          ],
          [
            4.622452,
            50.492039
          ],
          [
            4.624085,
            50.492325
          ],
          [
            4.625776,
            50.492601
          ],
          [
            4.627492,
            50.492854
          ],
          [
            4.629149,
            50.493075
          ],
          [
            4.630838,
            50.493275
          ],
          [
            4.632546,
            50.493457
          ],
          [
            4.63426,
            50.493621
          ],
          [
            4.635944,
            50.49376
          ],
          [
            4.637664,
            50.493876
          ],
          [
            4.639391,
            50.493965
          ],
          [
            4.641132,
            50.494038
          ],
          [
            4.642803,
            50.494084
          ],
          [
            4.644529,
            50.49412
          ],
          [
            4.647976,
            50.49415
          ],
          [
            4.668366,
            50.494205
          ],
          [
            4.669729,
            50.494208
          ],
          [
            4.672855,
            50.494216
          ],
          [
            4.690232,
            50.494266
          ],
          [
            4.691872,
            50.494294
          ],
          [
            4.693554,
            50.494326
          ],
          [
            4.695488,
            50.49439
          ],
          [
            4.696884,
            50.494454
          ],
          [
            4.698113,
            50.494519
          ],
          [
            4.698702,
            50.494564
          ],
          [
            4.700165,
            50.494668
          ],
          [
            4.701828,
            50.494793
          ],
          [
            4.703476,
            50.494931
          ],
          [
            4.704778,
            50.495045
          ],
          [
            4.705308,
            50.495087
          ],
          [
            4.710022,
            50.495499
          ],
          [
            4.711981,
            50.495666
          ],
          [
            4.713541,
            50.495796
          ],
          [
            4.715002,
            50.495908
          ],
          [
            4.716602,
            50.49602
          ],
          [
            4.717989,
            50.496099
          ],
          [
            4.719831,
            50.496194
          ],
          [
            4.721534,
            50.496252
          ],
          [
            4.722716,
            50.496284
          ],
          [
            4.72433,
            50.496308
          ],
          [
            4.726719,
            50.496309
          ],
          [
            4.729092,
            50.496272
          ],
          [
            4.733385,
            50.496152
          ],
          [
            4.733666,
            50.496136
          ],
          [
            4.778646,
            50.49447
          ],
          [
            4.781527,
            50.494363
          ],
          [
            4.783255,
            50.494304
          ],
          [
            4.78472,
            50.494263
          ],
          [
            4.786793,
            50.494237
          ],
          [
            4.787764,
            50.494255
          ],
          [
            4.788886,
            50.494277
          ],
          [
            4.790553,
            50.49436
          ],
          [
            4.791627,
            50.494438
          ],
          [
            4.792629,
            50.494531
          ],
          [
            4.793454,
            50.494621
          ],
          [
            4.794885,
            50.494804
          ],
          [
            4.796302,
            50.495027
          ],
          [
            4.798013,
            50.495344
          ],
          [
            4.799605,
            50.495692
          ],
          [
            4.801237,
            50.496102
          ],
          [
            4.802053,
            50.496321
          ],
          [
            4.803519,
            50.49678
          ],
          [
            4.804634,
            50.497158
          ],
          [
            4.805007,
            50.497287
          ],
          [
            4.806502,
            50.497862
          ],
          [
            4.807919,
            50.498457
          ],
          [
            4.80897,
            50.498936
          ],
          [
            4.812265,
            50.500469
          ],
          [
            4.813661,
            50.501083
          ],
          [
            4.815102,
            50.501669
          ],
          [
            4.815978,
            50.502003
          ],
          [
            4.81684,
            50.502308
          ],
          [
            4.818001,
            50.502692
          ],
          [
            4.81886,
            50.502952
          ],
          [
            4.819327,
            50.50308
          ],
          [
            4.821226,
            50.503587
          ],
          [
            4.822824,
            50.503945
          ],
          [
            4.824489,
            50.504274
          ],
          [
            4.826146,
            50.504566
          ],
          [
            4.827727,
            50.504816
          ],
          [
            4.830232,
            50.505235
          ],
          [
            4.833683,
            50.505804
          ],
          [
            4.835298,
            50.506089
          ],
          [
            4.836931,
            50.506398
          ],
          [
            4.838583,
            50.506735
          ],
          [
            4.840205,
            50.507088
          ],
          [
            4.841848,
            50.50747
          ],
          [
            4.843465,
            50.507869
          ],
          [
            4.84505,
            50.50829
          ],
          [
            4.846627,
            50.508728
          ],
          [
            4.848264,
            50.509204
          ],
          [
            4.849825,
            50.509686
          ],
          [
            4.851405,
            50.510205
          ],
          [
            4.85261,
            50.510616
          ],
          [
            4.853768,
            50.511025
          ],
          [
            4.855287,
            50.51158
          ],
          [
            4.856769,
            50.512151
          ],
          [
            4.858235,
            50.512747
          ],
          [
            4.859672,
            50.513353
          ],
          [
            4.861063,
            50.513947
          ],
          [
            4.863882,
            50.515177
          ],
          [
            4.864878,
            50.515609
          ],
          [
            4.865993,
            50.516092
          ],
          [
            4.867154,
            50.516577
          ],
          [
            4.868234,
            50.517021
          ],
          [
            4.868973,
            50.517319
          ],
          [
            4.8697,
            50.517605
          ],
          [
            4.870433,
            50.517888
          ],
          [
            4.8711,
            50.518136
          ],
          [
            4.871821,
            50.5184
          ],
          [
            4.872509,
            50.518639
          ],
          [
            4.872809,
            50.518742
          ],
          [
            4.873832,
            50.519078
          ],
          [
            4.874638,
            50.519331
          ],
          [
            4.875443,
            50.519574
          ],
          [
            4.87631,
            50.519821
          ],
          [
            4.87695,
            50.519992
          ],
          [
            4.877441,
            50.520119
          ],
          [
            4.878058,
            50.520274
          ],
          [
            4.87925,
            50.52055
          ],
          [
            4.880501,
            50.52081
          ],
          [
            4.881498,
            50.520998
          ],
          [
            4.882341,
            50.521143
          ],
          [
            4.883162,
            50.521274
          ],
          [
            4.884037,
            50.521403
          ],
          [
            4.88469,
            50.52149
          ],
          [
            4.885456,
            50.521586
          ],
          [
            4.886257,
            50.521674
          ],
          [
            4.887233,
            50.52177
          ],
          [
            4.888179,
            50.52185
          ],
          [
            4.888702,
            50.521892
          ],
          [
            4.889418,
            50.521944
          ],
          [
            4.89031,
            50.522
          ],
          [
            4.891212,
            50.522049
          ],
          [
            4.891931,
            50.522083
          ],
          [
            4.89316,
            50.522134
          ],
          [
            4.894402,
            50.522175
          ],
          [
            4.895649,
            50.522208
          ],
          [
            4.896911,
            50.522233
          ],
          [
            4.89881,
            50.522264
          ],
          [
            4.900612,
            50.522291
          ],
          [
            4.906994,
            50.522381
          ],
          [
            4.907776,
            50.522395
          ],
          [
            4.908529,
            50.522415
          ],
          [
            4.909796,
            50.522451
          ],
          [
            4.910434,
            50.52248
          ],
          [
            4.911403,
            50.522536
          ],
          [
            4.912417,
            50.522613
          ],
          [
            4.913344,
            50.522699
          ],
          [
            4.913899,
            50.52276
          ],
          [
            4.91444,
            50.522821
          ],
          [
            4.915467,
            50.522957
          ],
          [
            4.916653,
            50.523135
          ],
          [
            4.917681,
            50.523312
          ],
          [
            4.918693,
            50.523505
          ],
          [
            4.919547,
            50.523685
          ],
          [
            4.920537,
            50.523912
          ],
          [
            4.92151,
            50.524155
          ],
          [
            4.922324,
            50.52438
          ],
          [
            4.923122,
            50.524608
          ],
          [
            4.923749,
            50.524797
          ],
          [
            4.924377,
            50.524999
          ],
          [
            4.925629,
            50.525431
          ],
          [
            4.926562,
            50.525779
          ],
          [
            4.92751,
            50.526155
          ],
          [
            4.928372,
            50.52652
          ],
          [
            4.929496,
            50.527016
          ],
          [
            4.930631,
            50.527529
          ],
          [
            4.93179,
            50.528046
          ],
          [
            4.93282,
            50.528479
          ],
          [
            4.93392,
            50.528914
          ],
          [
            4.935011,
            50.529312
          ],
          [
            4.936285,
            50.529739
          ],
          [
            4.936866,
            50.529916
          ],
          [
            4.937497,
            50.530104
          ],
          [
            4.938528,
            50.530389
          ],
          [
            4.939536,
            50.530647
          ],
          [
            4.940553,
            50.530882
          ],
          [
            4.941733,
            50.53113
          ],
          [
            4.94278,
            50.531323
          ],
          [
            4.943805,
            50.531497
          ],
          [
            4.944501,
            50.531599
          ],
          [
            4.945165,
            50.531692
          ],
          [
            4.94587,
            50.531782
          ],
          [
            4.946505,
            50.531854
          ],
          [
            4.947408,
            50.531942
          ],
          [
            4.948369,
            50.532021
          ],
          [
            4.948898,
            50.532059
          ],
          [
            4.949836,
            50.532109
          ],
          [
            4.950673,
            50.532145
          ],
          [
            4.951384,
            50.532166
          ],
          [
            4.95251,
            50.532178
          ],
          [
            4.953383,
            50.532174
          ],
          [
            4.954026,
            50.532158
          ],
          [
            4.95502,
            50.532127
          ],
          [
            4.955959,
            50.532083
          ],
          [
            4.956884,
            50.532021
          ],
          [
            4.95789,
            50.531935
          ],
          [
            4.958929,
            50.531825
          ],
          [
            4.959818,
            50.531717
          ],
          [
            4.960498,
            50.531632
          ],
          [
            4.961394,
            50.531508
          ],
          [
            4.962432,
            50.531352
          ],
          [
            4.963296,
            50.531214
          ],
          [
            4.964254,
            50.531053
          ],
          [
            4.966103,
            50.530731
          ],
          [
            4.966854,
            50.530594
          ],
          [
            4.967235,
            50.530525
          ],
          [
            4.968886,
            50.530222
          ],
          [
            4.969796,
            50.530061
          ],
          [
            4.971217,
            50.529809
          ],
          [
            4.972416,
            50.529599
          ],
          [
            4.973752,
            50.52938
          ],
          [
            4.975193,
            50.529152
          ],
          [
            4.97639,
            50.528979
          ],
          [
            4.977523,
            50.52883
          ],
          [
            4.978628,
            50.528717
          ],
          [
            4.979672,
            50.528612
          ],
          [
            4.980027,
            50.528582
          ],
          [
            4.980861,
            50.528516
          ],
          [
            4.981619,
            50.528459
          ],
          [
            4.982496,
            50.528406
          ],
          [
            4.984333,
            50.52833
          ],
          [
            4.985938,
            50.5283
          ],
          [
            4.987592,
            50.528301
          ],
          [
            4.988926,
            50.528331
          ],
          [
            4.990208,
            50.528382
          ],
          [
            4.991136,
            50.528422
          ],
          [
            4.991997,
            50.528483
          ],
          [
            4.992905,
            50.528549
          ],
          [
            4.993683,
            50.528618
          ],
          [
            4.994427,
            50.52869
          ],
          [
            4.995489,
            50.528806
          ],
          [
            4.996484,
            50.528924
          ],
          [
            4.997448,
            50.52905
          ],
          [
            4.999002,
            50.529269
          ],
          [
            5.000569,
            50.529504
          ],
          [
            5.001781,
            50.529692
          ],
          [
            5.003115,
            50.529899
          ],
          [
            5.007856,
            50.530644
          ],
          [
            5.009173,
            50.530854
          ],
          [
            5.01074,
            50.531096
          ],
          [
            5.011672,
            50.531236
          ],
          [
            5.01305,
            50.531446
          ],
          [
            5.014195,
            50.531604
          ],
          [
            5.014709,
            50.531669
          ],
          [
            5.016334,
            50.531848
          ],
          [
            5.017121,
            50.531921
          ],
          [
            5.017878,
            50.531978
          ],
          [
            5.0188,
            50.532041
          ],
          [
            5.019874,
            50.532096
          ],
          [
            5.021061,
            50.532134
          ],
          [
            5.022128,
            50.532155
          ],
          [
            5.023031,
            50.532156
          ],
          [
            5.023852,
            50.532149
          ],
          [
            5.024722,
            50.532129
          ],
          [
            5.026391,
            50.532057
          ],
          [
            5.053179,
            50.530819
          ],
          [
            5.05719,
            50.530622
          ],
          [
            5.058109,
            50.53058
          ],
          [
            5.062581,
            50.530371
          ],
          [
            5.065979,
            50.530214
          ],
          [
            5.082557,
            50.529452
          ],
          [
            5.085885,
            50.529316
          ],
          [
            5.087567,
            50.529261
          ],
          [
            5.089219,
            50.52923
          ],
          [
            5.090923,
            50.529227
          ],
          [
            5.092629,
            50.529252
          ],
          [
            5.094312,
            50.529318
          ],
          [
            5.095977,
            50.529437
          ],
          [
            5.097762,
            50.529608
          ],
          [
            5.099431,
            50.529826
          ],
          [
            5.101095,
            50.530089
          ],
          [
            5.102751,
            50.530414
          ],
          [
            5.104393,
            50.530794
          ],
          [
            5.105986,
            50.531222
          ],
          [
            5.10749,
            50.53167
          ],
          [
            5.109022,
            50.532209
          ],
          [
            5.110511,
            50.532775
          ],
          [
            5.111963,
            50.533388
          ],
          [
            5.113393,
            50.53404
          ],
          [
            5.114806,
            50.534737
          ],
          [
            5.117611,
            50.536217
          ],
          [
            5.119374,
            50.537185
          ],
          [
            5.126336,
            50.541105
          ],
          [
            5.127815,
            50.541939
          ],
          [
            5.128158,
            50.542134
          ],
          [
            5.1293,
            50.542775
          ],
          [
            5.132361,
            50.544493
          ],
          [
            5.134054,
            50.545448
          ],
          [
            5.134354,
            50.545616
          ],
          [
            5.137531,
            50.547398
          ],
          [
            5.140143,
            50.548869
          ],
          [
            5.142734,
            50.550318
          ],
          [
            5.145376,
            50.551797
          ],
          [
            5.147972,
            50.553256
          ],
          [
            5.150575,
            50.55472
          ],
          [
            5.153136,
            50.556165
          ],
          [
            5.155755,
            50.557631
          ],
          [
            5.158332,
            50.559085
          ],
          [
            5.160832,
            50.560487
          ],
          [
            5.162093,
            50.561182
          ],
          [
            5.163368,
            50.561865
          ],
          [
            5.1647,
            50.562524
          ],
          [
            5.165398,
            50.562862
          ],
          [
            5.166068,
            50.563161
          ],
          [
            5.1667,
            50.563437
          ],
          [
            5.167311,
            50.563689
          ],
          [
            5.167953,
            50.563951
          ],
          [
            5.169126,
            50.564393
          ],
          [
            5.176008,
            50.566695
          ],
          [
            5.187176,
            50.57041
          ],
          [
            5.188684,
            50.570941
          ],
          [
            5.19018,
            50.571486
          ],
          [
            5.191671,
            50.572057
          ],
          [
            5.193133,
            50.572638
          ],
          [
            5.194562,
            50.573235
          ],
          [
            5.195965,
            50.573847
          ],
          [
            5.198747,
            50.57512
          ],
          [
            5.201465,
            50.576402
          ],
          [
            5.203572,
            50.577399
          ],
          [
            5.205405,
            50.578265
          ],
          [
            5.206836,
            50.578942
          ],
          [
            5.209696,
            50.580289
          ],
          [
            5.211114,
            50.580956
          ],
          [
            5.211737,
            50.581241
          ],
          [
            5.213854,
            50.582229
          ],
          [
            5.215665,
            50.583038
          ],
          [
            5.217728,
            50.583909
          ],
          [
            5.219074,
            50.584447
          ],
          [
            5.220186,
            50.584866
          ],
          [
            5.221051,
            50.585182
          ],
          [
            5.221679,
            50.585395
          ],
          [
            5.223163,
            50.58588
          ],
          [
            5.22471,
            50.586346
          ],
          [
            5.226269,
            50.586764
          ],
          [
            5.227856,
            50.587158
          ],
          [
            5.229434,
            50.587508
          ],
          [
            5.231017,
            50.587824
          ],
          [
            5.232659,
            50.588109
          ],
          [
            5.234317,
            50.588363
          ],
          [
            5.23603,
            50.588585
          ],
          [
            5.237705,
            50.588767
          ],
          [
            5.2394,
            50.588925
          ],
          [
            5.241192,
            50.589063
          ],
          [
            5.243005,
            50.589189
          ],
          [
            5.244663,
            50.589291
          ],
          [
            5.248066,
            50.589476
          ],
          [
            5.254816,
            50.589842
          ],
          [
            5.258035,
            50.590009
          ],
          [
            5.26034,
            50.590138
          ],
          [
            5.262364,
            50.59024
          ],
          [
            5.272055,
            50.590765
          ],
          [
            5.275105,
            50.590928
          ],
          [
            5.295878,
            50.592042
          ],
          [
            5.298966,
            50.592229
          ],
          [
            5.30094,
            50.592398
          ],
          [
            5.302585,
            50.592551
          ],
          [
            5.305101,
            50.59285
          ],
          [
            5.307143,
            50.593154
          ],
          [
            5.30801,
            50.593308
          ],
          [
            5.309226,
            50.593532
          ],
          [
            5.31097,
            50.593894
          ],
          [
            5.311759,
            50.594071
          ],
          [
            5.312958,
            50.594369
          ],
          [
            5.31414,
            50.594673
          ],
          [
            5.315658,
            50.595105
          ],
          [
            5.317184,
            50.595565
          ],
          [
            5.318633,
            50.596039
          ],
          [
            5.320151,
            50.596552
          ],
          [
            5.3216,
            50.597059
          ],
          [
            5.327406,
            50.599142
          ],
          [
            5.334778,
            50.601784
          ],
          [
            5.341177,
            50.604081
          ],
          [
            5.342888,
            50.604697
          ],
          [
            5.34453,
            50.605287
          ],
          [
            5.345904,
            50.605784
          ],
          [
            5.347397,
            50.606309
          ],
          [
            5.348725,
            50.606765
          ],
          [
            5.350526,
            50.607333
          ],
          [
            5.352499,
            50.607922
          ],
          [
            5.35395,
            50.608321
          ],
          [
            5.355754,
            50.608773
          ],
          [
            5.357418,
            50.609164
          ],
          [
            5.358628,
            50.609431
          ],
          [
            5.380235,
            50.613749
          ],
          [
            5.38176,
            50.614026
          ],
          [
            5.383384,
            50.614263
          ],
          [
            5.384887,
            50.614433
          ],
          [
            5.385818,
            50.614517
          ],
          [
            5.390039,
            50.6149
          ],
          [
            5.39155,
            50.615035
          ],
          [
            5.393021,
            50.615165
          ],
          [
            5.399784,
            50.615776
          ],
          [
            5.401894,
            50.61599
          ],
          [
            5.402605,
            50.616073
          ],
          [
            5.403339,
            50.616165
          ],
          [
            5.404933,
            50.616411
          ],
          [
            5.406478,
            50.616692
          ],
          [
            5.408024,
            50.617025
          ],
          [
            5.409517,
            50.617392
          ],
          [
            5.411015,
            50.617813
          ],
          [
            5.412476,
            50.618272
          ],
          [
            5.413874,
            50.618766
          ],
          [
            5.415204,
            50.619291
          ],
          [
            5.417629,
            50.620315
          ],
          [
            5.419616,
            50.62117
          ],
          [
            5.422061,
            50.622221
          ],
          [
            5.432627,
            50.626756
          ],
          [
            5.435549,
            50.628012
          ],
          [
            5.445661,
            50.632367
          ],
          [
            5.449029,
            50.633816
          ],
          [
            5.449714,
            50.634132
          ],
          [
            5.450594,
            50.634545
          ],
          [
            5.451364,
            50.634935
          ],
          [
            5.452121,
            50.635336
          ],
          [
            5.453516,
            50.636123
          ],
          [
            5.455596,
            50.637379
          ],
          [
            5.458197,
            50.638949
          ],
          [
            5.460799,
            50.640533
          ],
          [
            5.462094,
            50.641312
          ],
          [
            5.462694,
            50.641675
          ],
          [
            5.463417,
            50.642075
          ],
          [
            5.464513,
            50.642668
          ],
          [
            5.467429,
            50.64415
          ],
          [
            5.46823,
            50.644565
          ],
          [
            5.469243,
            50.645085
          ],
          [
            5.470557,
            50.645753
          ],
          [
            5.471806,
            50.646397
          ],
          [
            5.473724,
            50.647375
          ],
          [
            5.477769,
            50.649468
          ],
          [
            5.479476,
            50.650328
          ],
          [
            5.481365,
            50.651287
          ],
          [
            5.4825,
            50.651877
          ],
          [
            5.483162,
            50.652239
          ],
          [
            5.483789,
            50.652623
          ],
          [
            5.484179,
            50.652892
          ],
          [
            5.48457,
            50.653178
          ],
          [
            5.484924,
            50.653462
          ],
          [
            5.485277,
            50.653778
          ],
          [
            5.485622,
            50.654117
          ],
          [
            5.485923,
            50.654449
          ],
          [
            5.486191,
            50.654781
          ],
          [
            5.486439,
            50.655114
          ],
          [
            5.486665,
            50.655464
          ],
          [
            5.486852,
            50.655803
          ],
          [
            5.487017,
            50.656154
          ],
          [
            5.487146,
            50.656504
          ],
          [
            5.48728,
            50.656886
          ],
          [
            5.487369,
            50.657224
          ],
          [
            5.487446,
            50.657597
          ],
          [
            5.487487,
            50.657966
          ],
          [
            5.487499,
            50.6583
          ],
          [
            5.48749,
            50.658615
          ],
          [
            5.48746,
            50.658938
          ],
          [
            5.487413,
            50.659253
          ],
          [
            5.487323,
            50.659833
          ],
          [
            5.487202,
            50.660524
          ],
          [
            5.487089,
            50.661248
          ],
          [
            5.487009,
            50.661717
          ],
          [
            5.486902,
            50.662385
          ],
          [
            5.486863,
            50.662686
          ],
          [
            5.486849,
            50.662985
          ],
          [
            5.486857,
            50.663279
          ],
          [
            5.48693,
            50.663723
          ],
          [
            5.487046,
            50.664113
          ],
          [
            5.487157,
            50.664247
          ],
          [
            5.487291,
            50.664525
          ],
          [
            5.487454,
            50.664792
          ],
          [
            5.487646,
            50.665067
          ],
          [
            5.487816,
            50.665274
          ],
          [
            5.488021,
            50.665483
          ],
          [
            5.488227,
            50.665685
          ],
          [
            5.488553,
            50.665955
          ],
          [
            5.488887,
            50.666205
          ],
          [
            5.489209,
            50.66641
          ],
          [
            5.489949,
            50.666837
          ],
          [
            5.490687,
            50.667242
          ],
          [
            5.491222,
            50.667507
          ],
          [
            5.491622,
            50.667689
          ],
          [
            5.492003,
            50.667846
          ],
          [
            5.492437,
            50.668022
          ],
          [
            5.493094,
            50.66825
          ],
          [
            5.493629,
            50.668412
          ],
          [
            5.494399,
            50.668637
          ],
          [
            5.495036,
            50.668774
          ],
          [
            5.495631,
            50.668892
          ],
          [
            5.496486,
            50.66903
          ],
          [
            5.496942,
            50.66909
          ],
          [
            5.497557,
            50.669159
          ],
          [
            5.49844,
            50.669218
          ],
          [
            5.498804,
            50.669272
          ],
          [
            5.500717,
            50.669302
          ],
          [
            5.502546,
            50.669342
          ],
          [
            5.504569,
            50.669402
          ],
          [
            5.504731,
            50.669387
          ],
          [
            5.508101,
            50.669601
          ],
          [
            5.509341,
            50.669676
          ],
          [
            5.51006,
            50.669728
          ],
          [
            5.51375,
            50.670006
          ],
          [
            5.521656,
            50.6706
          ],
          [
            5.525528,
            50.670891
          ],
          [
            5.528922,
            50.671145
          ],
          [
            5.533671,
            50.671498
          ],
          [
            5.534608,
            50.671568
          ],
          [
            5.535369,
            50.671625
          ],
          [
            5.537229,
            50.671764
          ],
          [
            5.539436,
            50.67193
          ],
          [
            5.542784,
            50.672182
          ],
          [
            5.543465,
            50.672231
          ],
          [
            5.545621,
            50.672409
          ],
          [
            5.547137,
            50.672561
          ],
          [
            5.547669,
            50.672615
          ],
          [
            5.548383,
            50.672694
          ],
          [
            5.550989,
            50.672985
          ],
          [
            5.553422,
            50.673251
          ],
          [
            5.557041,
            50.673641
          ],
          [
            5.55956,
            50.673917
          ],
          [
            5.560088,
            50.673975
          ],
          [
            5.560266,
            50.673994
          ],
          [
            5.563543,
            50.674353
          ],
          [
            5.566948,
            50.674729
          ],
          [
            5.568946,
            50.674951
          ],
          [
            5.57103,
            50.675197
          ],
          [
            5.572562,
            50.675411
          ],
          [
            5.574593,
            50.675766
          ],
          [
            5.575505,
            50.67593
          ],
          [
            5.576793,
            50.676197
          ],
          [
            5.57768,
            50.676391
          ],
          [
            5.578561,
            50.676589
          ],
          [
            5.581151,
            50.677267
          ],
          [
            5.582654,
            50.6777
          ],
          [
            5.584197,
            50.678192
          ],
          [
            5.585692,
            50.678678
          ],
          [
            5.602623,
            50.68434
          ],
          [
            5.604017,
            50.684801
          ],
          [
            5.60556,
            50.68532
          ],
          [
            5.609727,
            50.686711
          ],
          [
            5.610349,
            50.68692
          ],
          [
            5.610862,
            50.68708
          ],
          [
            5.611623,
            50.687322
          ],
          [
            5.612367,
            50.687545
          ],
          [
            5.613023,
            50.687722
          ],
          [
            5.614315,
            50.688042
          ],
          [
            5.615377,
            50.688281
          ],
          [
            5.616444,
            50.688476
          ],
          [
            5.617631,
            50.688664
          ],
          [
            5.619273,
            50.688867
          ],
          [
            5.620716,
            50.688989
          ],
          [
            5.621553,
            50.689046
          ],
          [
            5.622298,
            50.68908
          ],
          [
            5.623,
            50.689098
          ],
          [
            5.624082,
            50.689107
          ],
          [
            5.624497,
            50.689104
          ],
          [
            5.625086,
            50.689092
          ],
          [
            5.625686,
            50.689068
          ],
          [
            5.626281,
            50.689039
          ],
          [
            5.62728,
            50.688975
          ],
          [
            5.628294,
            50.688889
          ],
          [
            5.629012,
            50.688811
          ],
          [
            5.629747,
            50.688722
          ],
          [
            5.630945,
            50.688535
          ],
          [
            5.63211,
            50.688333
          ],
          [
            5.633399,
            50.688064
          ],
          [
            5.634508,
            50.687797
          ],
          [
            5.635687,
            50.68747
          ],
          [
            5.636748,
            50.687158
          ],
          [
            5.63959,
            50.686308
          ],
          [
            5.64002,
            50.686179
          ],
          [
            5.642007,
            50.685584
          ],
          [
            5.64328,
            50.685202
          ],
          [
            5.643829,
            50.685038
          ],
          [
            5.644322,
            50.684891
          ],
          [
            5.647312,
            50.683996
          ],
          [
            5.649127,
            50.683452
          ],
          [
            5.655674,
            50.681488
          ],
          [
            5.657461,
            50.680953
          ],
          [
            5.658155,
            50.680745
          ],
          [
            5.658586,
            50.680616
          ],
          [
            5.659386,
            50.680376
          ],
          [
            5.659799,
            50.680252
          ],
          [
            5.660472,
            50.68005
          ],
          [
            5.662876,
            50.679323
          ],
          [
            5.663762,
            50.679055
          ],
          [
            5.664476,
            50.678841
          ],
          [
            5.665628,
            50.678489
          ],
          [
            5.667623,
            50.677886
          ],
          [
            5.668244,
            50.677699
          ],
          [
            5.67195,
            50.676593
          ],
          [
            5.673565,
            50.676111
          ],
          [
            5.674537,
            50.675818
          ],
          [
            5.675318,
            50.675577
          ],
          [
            5.675657,
            50.67547
          ],
          [
            5.676218,
            50.675295
          ],
          [
            5.676752,
            50.675122
          ],
          [
            5.67722,
            50.674962
          ],
          [
            5.677697,
            50.674791
          ],
          [
            5.678265,
            50.674575
          ],
          [
            5.678728,
            50.674394
          ],
          [
            5.679709,
            50.673986
          ],
          [
            5.6807,
            50.673549
          ],
          [
            5.68161,
            50.673072
          ],
          [
            5.68251,
            50.67258
          ],
          [
            5.683378,
            50.672066
          ],
          [
            5.684224,
            50.671524
          ],
          [
            5.689083,
            50.668316
          ],
          [
            5.689471,
            50.668058
          ],
          [
            5.690662,
            50.667259
          ],
          [
            5.694778,
            50.66453
          ],
          [
            5.696662,
            50.663281
          ],
          [
            5.698216,
            50.662249
          ],
          [
            5.705953,
            50.657115
          ],
          [
            5.706642,
            50.656665
          ],
          [
            5.707316,
            50.656212
          ],
          [
            5.707854,
            50.655847
          ],
          [
            5.709792,
            50.654585
          ],
          [
            5.709956,
            50.654482
          ],
          [
            5.710668,
            50.654019
          ],
          [
            5.712455,
            50.652824
          ],
          [
            5.715185,
            50.651016
          ],
          [
            5.72407,
            50.645115
          ],
          [
            5.726127,
            50.643765
          ],
          [
            5.727278,
            50.643056
          ],
          [
            5.728666,
            50.642249
          ],
          [
            5.730377,
            50.641332
          ],
          [
            5.731984,
            50.640549
          ],
          [
            5.733118,
            50.64002
          ],
          [
            5.734309,
            50.639511
          ],
          [
            5.734712,
            50.639346
          ],
          [
            5.735879,
            50.638878
          ],
          [
            5.736422,
            50.63867
          ],
          [
            5.737242,
            50.638361
          ],
          [
            5.738529,
            50.637922
          ],
          [
            5.739953,
            50.637465
          ],
          [
            5.741304,
            50.637054
          ],
          [
            5.742699,
            50.636667
          ],
          [
            5.743722,
            50.636401
          ],
          [
            5.744568,
            50.6362
          ],
          [
            5.7452,
            50.636054
          ],
          [
            5.745667,
            50.635946
          ],
          [
            5.747726,
            50.635527
          ],
          [
            5.748607,
            50.635358
          ],
          [
            5.749876,
            50.635145
          ],
          [
            5.750454,
            50.635058
          ],
          [
            5.751089,
            50.634962
          ],
          [
            5.752446,
            50.63477
          ],
          [
            5.753973,
            50.634596
          ],
          [
            5.755512,
            50.634443
          ],
          [
            5.756505,
            50.634362
          ],
          [
            5.757491,
            50.63429
          ],
          [
            5.758676,
            50.634219
          ],
          [
            5.759078,
            50.634197
          ],
          [
            5.760867,
            50.634142
          ],
          [
            5.763128,
            50.634134
          ],
          [
            5.764736,
            50.634142
          ],
          [
            5.767924,
            50.634157
          ],
          [
            5.77397,
            50.634189
          ],
          [
            5.779892,
            50.634227
          ],
          [
            5.785507,
            50.634259
          ],
          [
            5.791125,
            50.634291
          ],
          [
            5.798071,
            50.634328
          ],
          [
            5.804486,
            50.634361
          ],
          [
            5.808101,
            50.634401
          ],
          [
            5.810924,
            50.634482
          ],
          [
            5.812877,
            50.634559
          ],
          [
            5.814492,
            50.634646
          ],
          [
            5.816845,
            50.634795
          ],
          [
            5.81772,
            50.634855
          ],
          [
            5.82002,
            50.635047
          ],
          [
            5.821869,
            50.635223
          ],
          [
            5.82459,
            50.635538
          ],
          [
            5.825132,
            50.635595
          ],
          [
            5.826095,
            50.635713
          ],
          [
            5.827285,
            50.635863
          ],
          [
            5.828842,
            50.636057
          ],
          [
            5.82929,
            50.636059
          ],
          [
            5.831005,
            50.636231
          ],
          [
            5.831404,
            50.636259
          ],
          [
            5.831792,
            50.636266
          ],
          [
            5.832288,
            50.636219
          ],
          [
            5.832563,
            50.636174
          ],
          [
            5.832874,
            50.63609
          ],
          [
            5.833124,
            50.636
          ],
          [
            5.833373,
            50.6359
          ],
          [
            5.833613,
            50.635767
          ],
          [
            5.833813,
            50.635638
          ],
          [
            5.834686,
            50.635012
          ],
          [
            5.838212,
            50.632494
          ],
          [
            5.838917,
            50.63204
          ],
          [
            5.839376,
            50.631773
          ],
          [
            5.839727,
            50.631636
          ],
          [
            5.840098,
            50.631468
          ],
          [
            5.840499,
            50.631317
          ],
          [
            5.840856,
            50.631202
          ],
          [
            5.841499,
            50.631048
          ],
          [
            5.842029,
            50.630954
          ],
          [
            5.842574,
            50.630881
          ],
          [
            5.844455,
            50.630713
          ],
          [
            5.846285,
            50.630563
          ],
          [
            5.846932,
            50.630499
          ],
          [
            5.847291,
            50.630441
          ],
          [
            5.84774,
            50.630359
          ],
          [
            5.848173,
            50.630253
          ],
          [
            5.848647,
            50.630088
          ],
          [
            5.849007,
            50.62994
          ],
          [
            5.849315,
            50.629781
          ],
          [
            5.849568,
            50.629634
          ],
          [
            5.849823,
            50.629461
          ],
          [
            5.850272,
            50.629081
          ],
          [
            5.850459,
            50.628892
          ],
          [
            5.850628,
            50.62867
          ],
          [
            5.850792,
            50.628418
          ],
          [
            5.850878,
            50.628238
          ],
          [
            5.850949,
            50.628058
          ],
          [
            5.851016,
            50.627826
          ],
          [
            5.851042,
            50.627632
          ],
          [
            5.85107,
            50.627335
          ],
          [
            5.85105,
            50.627139
          ],
          [
            5.850977,
            50.62678
          ],
          [
            5.850901,
            50.626511
          ],
          [
            5.850861,
            50.626397
          ],
          [
            5.850727,
            50.625992
          ],
          [
            5.850676,
            50.625766
          ],
          [
            5.850651,
            50.625604
          ],
          [
            5.850635,
            50.625435
          ],
          [
            5.850635,
            50.625271
          ],
          [
            5.85066,
            50.625062
          ],
          [
            5.850702,
            50.624843
          ],
          [
            5.850772,
            50.624591
          ],
          [
            5.850926,
            50.624262
          ],
          [
            5.851147,
            50.623893
          ],
          [
            5.851855,
            50.622924
          ],
          [
            5.852186,
            50.622419
          ],
          [
            5.852474,
            50.621929
          ],
          [
            5.852712,
            50.621471
          ],
          [
            5.852901,
            50.621094
          ],
          [
            5.85315,
            50.620497
          ],
          [
            5.853242,
            50.620215
          ],
          [
            5.853376,
            50.619769
          ],
          [
            5.85351,
            50.619214
          ],
          [
            5.853591,
            50.618777
          ],
          [
            5.853652,
            50.618342
          ],
          [
            5.853704,
            50.617595
          ],
          [
            5.853745,
            50.616705
          ],
          [
            5.853793,
            50.615888
          ],
          [
            5.853791,
            50.615591
          ],
          [
            5.853765,
            50.615349
          ],
          [
            5.853719,
            50.615167
          ],
          [
            5.85364,
            50.614946
          ],
          [
            5.853535,
            50.614724
          ],
          [
            5.853369,
            50.61448
          ],
          [
            5.853102,
            50.614183
          ],
          [
            5.852646,
            50.613683
          ],
          [
            5.852367,
            50.613345
          ],
          [
            5.852248,
            50.613158
          ],
          [
            5.852142,
            50.612946
          ],
          [
            5.852052,
            50.612699
          ],
          [
            5.85201,
            50.612524
          ],
          [
            5.851986,
            50.612275
          ],
          [
            5.851977,
            50.611963
          ],
          [
            5.852026,
            50.610585
          ],
          [
            5.852052,
            50.609763
          ],
          [
            5.852072,
            50.609454
          ],
          [
            5.852057,
            50.609009
          ],
          [
            5.852041,
            50.608656
          ],
          [
            5.852015,
            50.608439
          ],
          [
            5.851948,
            50.607939
          ],
          [
            5.851804,
            50.607192
          ],
          [
            5.851656,
            50.606594
          ],
          [
            5.851467,
            50.606
          ],
          [
            5.851109,
            50.605109
          ],
          [
            5.850842,
            50.60455
          ],
          [
            5.85054,
            50.603992
          ],
          [
            5.850287,
            50.603577
          ],
          [
            5.84994,
            50.603074
          ],
          [
            5.849811,
            50.602875
          ],
          [
            5.849367,
            50.602288
          ],
          [
            5.849081,
            50.601923
          ],
          [
            5.848079,
            50.600691
          ],
          [
            5.847018,
            50.59938
          ],
          [
            5.846252,
            50.598442
          ],
          [
            5.84561,
            50.597645
          ],
          [
            5.845167,
            50.597123
          ],
          [
            5.844503,
            50.596235
          ],
          [
            5.844303,
            50.595914
          ],
          [
            5.844146,
            50.595624
          ],
          [
            5.843997,
            50.595283
          ],
          [
            5.843902,
            50.595025
          ],
          [
            5.843803,
            50.59465
          ],
          [
            5.843757,
            50.594338
          ],
          [
            5.84372,
            50.593984
          ],
          [
            5.843716,
            50.59368
          ],
          [
            5.843736,
            50.593265
          ],
          [
            5.843808,
            50.592786
          ],
          [
            5.843921,
            50.59225
          ],
          [
            5.843979,
            50.591982
          ],
          [
            5.844084,
            50.59148
          ],
          [
            5.844253,
            50.590702
          ],
          [
            5.844372,
            50.590142
          ],
          [
            5.844483,
            50.589484
          ],
          [
            5.844632,
            50.588912
          ],
          [
            5.844725,
            50.588339
          ],
          [
            5.844777,
            50.587831
          ],
          [
            5.844788,
            50.587477
          ],
          [
            5.844794,
            50.586912
          ],
          [
            5.844753,
            50.58612
          ],
          [
            5.844739,
            50.585871
          ],
          [
            5.844726,
            50.585366
          ],
          [
            5.844734,
            50.585174
          ],
          [
            5.844808,
            50.584928
          ],
          [
            5.844899,
            50.584721
          ],
          [
            5.845002,
            50.584546
          ],
          [
            5.845074,
            50.584448
          ],
          [
            5.84514,
            50.58437
          ],
          [
            5.845249,
            50.584258
          ],
          [
            5.845353,
            50.584177
          ],
          [
            5.84549,
            50.584076
          ],
          [
            5.845592,
            50.584003
          ],
          [
            5.845714,
            50.583933
          ],
          [
            5.845828,
            50.583868
          ],
          [
            5.845968,
            50.583799
          ],
          [
            5.846082,
            50.583745
          ],
          [
            5.846381,
            50.583618
          ],
          [
            5.846927,
            50.583379
          ],
          [
            5.84709,
            50.583302
          ],
          [
            5.847343,
            50.583178
          ],
          [
            5.847537,
            50.583081
          ],
          [
            5.847856,
            50.582893
          ],
          [
            5.848149,
            50.582662
          ],
          [
            5.848621,
            50.582221
          ],
          [
            5.848926,
            50.581945
          ],
          [
            5.849148,
            50.581786
          ],
          [
            5.849462,
            50.581587
          ],
          [
            5.849901,
            50.581308
          ],
          [
            5.850409,
            50.580986
          ],
          [
            5.85137,
            50.580375
          ],
          [
            5.851634,
            50.580214
          ],
          [
            5.851896,
            50.580064
          ],
          [
            5.852123,
            50.579962
          ],
          [
            5.852387,
            50.579838
          ],
          [
            5.852837,
            50.579625
          ],
          [
            5.853308,
            50.579395
          ],
          [
            5.853966,
            50.579061
          ],
          [
            5.854044,
            50.579019
          ],
          [
            5.854104,
            50.578986
          ],
          [
            5.854238,
            50.578911
          ],
          [
            5.85437,
            50.578834
          ],
          [
            5.8545,
            50.578757
          ],
          [
            5.854619,
            50.578684
          ],
          [
            5.854757,
            50.578599
          ],
          [
            5.854868,
            50.578517
          ],
          [
            5.855108,
            50.578352
          ],
          [
            5.855432,
            50.578111
          ],
          [
            5.855587,
            50.577991
          ],
          [
            5.855739,
            50.577864
          ],
          [
            5.855935,
            50.577696
          ],
          [
            5.856096,
            50.577546
          ],
          [
            5.856303,
            50.577349
          ],
          [
            5.85653,
            50.57711
          ],
          [
            5.856685,
            50.576934
          ],
          [
            5.856834,
            50.57675
          ],
          [
            5.856971,
            50.576574
          ],
          [
            5.857127,
            50.576346
          ],
          [
            5.85723,
            50.576192
          ],
          [
            5.857328,
            50.576036
          ],
          [
            5.857491,
            50.575722
          ],
          [
            5.857614,
            50.575463
          ],
          [
            5.857688,
            50.575288
          ],
          [
            5.857803,
            50.574963
          ],
          [
            5.857874,
            50.574707
          ],
          [
            5.857937,
            50.574437
          ],
          [
            5.858011,
            50.573934
          ],
          [
            5.858021,
            50.573403
          ],
          [
            5.857983,
            50.572871
          ],
          [
            5.857908,
            50.572336
          ],
          [
            5.857821,
            50.571893
          ],
          [
            5.857507,
            50.5703
          ],
          [
            5.857185,
            50.56871
          ],
          [
            5.857046,
            50.567982
          ],
          [
            5.856883,
            50.567169
          ],
          [
            5.856666,
            50.566098
          ],
          [
            5.856599,
            50.565596
          ],
          [
            5.856585,
            50.565203
          ],
          [
            5.856611,
            50.564856
          ],
          [
            5.856678,
            50.564498
          ],
          [
            5.856806,
            50.564031
          ],
          [
            5.857011,
            50.563314
          ],
          [
            5.857273,
            50.562507
          ],
          [
            5.857482,
            50.561789
          ],
          [
            5.857511,
            50.561689
          ],
          [
            5.857863,
            50.560483
          ],
          [
            5.858012,
            50.559984
          ],
          [
            5.858169,
            50.559449
          ],
          [
            5.858356,
            50.558924
          ],
          [
            5.85856,
            50.558443
          ],
          [
            5.858822,
            50.557923
          ],
          [
            5.859129,
            50.557417
          ],
          [
            5.859303,
            50.557157
          ],
          [
            5.859486,
            50.556901
          ],
          [
            5.859863,
            50.556428
          ],
          [
            5.860298,
            50.555935
          ],
          [
            5.860769,
            50.555463
          ],
          [
            5.861221,
            50.555053
          ],
          [
            5.861872,
            50.554533
          ],
          [
            5.86235,
            50.55419
          ],
          [
            5.863291,
            50.553545
          ],
          [
            5.864573,
            50.552672
          ],
          [
            5.866202,
            50.551563
          ],
          [
            5.867008,
            50.551013
          ],
          [
            5.86744,
            50.550697
          ],
          [
            5.867995,
            50.550266
          ],
          [
            5.868273,
            50.550036
          ],
          [
            5.868517,
            50.549823
          ],
          [
            5.868937,
            50.549419
          ],
          [
            5.869352,
            50.54896
          ],
          [
            5.869729,
            50.54849
          ],
          [
            5.870051,
            50.548
          ],
          [
            5.870341,
            50.547489
          ],
          [
            5.870578,
            50.546995
          ],
          [
            5.870781,
            50.546482
          ],
          [
            5.870952,
            50.545983
          ],
          [
            5.87111,
            50.545467
          ],
          [
            5.871608,
            50.543814
          ],
          [
            5.872061,
            50.54235
          ],
          [
            5.872202,
            50.541922
          ],
          [
            5.872325,
            50.541588
          ],
          [
            5.872481,
            50.5412
          ],
          [
            5.872658,
            50.540809
          ],
          [
            5.872923,
            50.540275
          ],
          [
            5.873927,
            50.538445
          ],
          [
            5.875193,
            50.536176
          ],
          [
            5.875266,
            50.53605
          ],
          [
            5.877668,
            50.531741
          ],
          [
            5.877902,
            50.531293
          ],
          [
            5.878048,
            50.53105
          ],
          [
            5.87819,
            50.530824
          ],
          [
            5.878394,
            50.530521
          ],
          [
            5.878609,
            50.530222
          ],
          [
            5.879056,
            50.52967
          ],
          [
            5.879446,
            50.529257
          ],
          [
            5.879939,
            50.528808
          ],
          [
            5.880418,
            50.528411
          ],
          [
            5.880983,
            50.527996
          ],
          [
            5.881573,
            50.527612
          ],
          [
            5.881885,
            50.527431
          ],
          [
            5.88221,
            50.527245
          ],
          [
            5.882544,
            50.527075
          ],
          [
            5.882877,
            50.526904
          ],
          [
            5.883228,
            50.526745
          ],
          [
            5.883572,
            50.526596
          ],
          [
            5.883949,
            50.52644
          ],
          [
            5.884297,
            50.526309
          ],
          [
            5.885066,
            50.526049
          ],
          [
            5.88586,
            50.525813
          ],
          [
            5.886245,
            50.525711
          ],
          [
            5.886635,
            50.525621
          ],
          [
            5.887062,
            50.525528
          ],
          [
            5.887467,
            50.525448
          ],
          [
            5.888287,
            50.525311
          ],
          [
            5.888756,
            50.525251
          ],
          [
            5.889223,
            50.525199
          ],
          [
            5.889984,
            50.525137
          ],
          [
            5.890402,
            50.525114
          ],
          [
            5.890808,
            50.525099
          ],
          [
            5.891232,
            50.525091
          ],
          [
            5.89165,
            50.525092
          ],
          [
            5.892075,
            50.525101
          ],
          [
            5.892503,
            50.525117
          ],
          [
            5.892911,
            50.52514
          ],
          [
            5.893332,
            50.52517
          ],
          [
            5.894164,
            50.525261
          ],
          [
            5.894986,
            50.525376
          ],
          [
            5.895793,
            50.525518
          ],
          [
            5.897001,
            50.525736
          ],
          [
            5.899015,
            50.52612
          ],
          [
            5.900789,
            50.526494
          ],
          [
            5.904278,
            50.527161
          ],
          [
            5.904871,
            50.527275
          ],
          [
            5.90709,
            50.527699
          ],
          [
            5.908939,
            50.528036
          ],
          [
            5.909867,
            50.528182
          ],
          [
            5.910778,
            50.528304
          ],
          [
            5.911718,
            50.528408
          ],
          [
            5.912552,
            50.528473
          ],
          [
            5.913554,
            50.528513
          ],
          [
            5.914437,
            50.528512
          ],
          [
            5.914605,
            50.528507
          ],
          [
            5.914888,
            50.528496
          ],
          [
            5.914958,
            50.528493
          ],
          [
            5.915473,
            50.528465
          ],
          [
            5.915911,
            50.528432
          ],
          [
            5.916338,
            50.528388
          ],
          [
            5.916824,
            50.528327
          ],
          [
            5.917254,
            50.528265
          ],
          [
            5.917683,
            50.528196
          ],
          [
            5.918171,
            50.52811
          ],
          [
            5.919121,
            50.527915
          ],
          [
            5.919954,
            50.52771
          ],
          [
            5.920038,
            50.527689
          ],
          [
            5.920373,
            50.527606
          ],
          [
            5.920415,
            50.527596
          ],
          [
            5.921257,
            50.527366
          ],
          [
            5.922636,
            50.526974
          ],
          [
            5.923436,
            50.526736
          ],
          [
            5.927197,
            50.525614
          ],
          [
            5.933117,
            50.523848
          ],
          [
            5.933251,
            50.523807
          ],
          [
            5.935052,
            50.523268
          ],
          [
            5.935885,
            50.522998
          ],
          [
            5.936618,
            50.522748
          ],
          [
            5.93736,
            50.522467
          ],
          [
            5.93807,
            50.522173
          ],
          [
            5.938751,
            50.521864
          ],
          [
            5.939446,
            50.52152
          ],
          [
            5.940051,
            50.521193
          ],
          [
            5.940691,
            50.520821
          ],
          [
            5.941277,
            50.52046
          ],
          [
            5.941865,
            50.520057
          ],
          [
            5.942417,
            50.519648
          ],
          [
            5.942924,
            50.519244
          ],
          [
            5.943466,
            50.51878
          ],
          [
            5.943972,
            50.518288
          ],
          [
            5.944489,
            50.517737
          ],
          [
            5.945085,
            50.517032
          ],
          [
            5.945397,
            50.516607
          ],
          [
            5.945745,
            50.516075
          ],
          [
            5.946051,
            50.515568
          ],
          [
            5.946338,
            50.515039
          ],
          [
            5.946417,
            50.514862
          ],
          [
            5.946482,
            50.514715
          ],
          [
            5.946512,
            50.514646
          ],
          [
            5.94668,
            50.514225
          ],
          [
            5.946832,
            50.513782
          ],
          [
            5.946982,
            50.513273
          ],
          [
            5.947101,
            50.512747
          ],
          [
            5.947195,
            50.512211
          ],
          [
            5.947261,
            50.51167
          ],
          [
            5.947315,
            50.511098
          ],
          [
            5.947568,
            50.50789
          ],
          [
            5.947774,
            50.505215
          ],
          [
            5.947866,
            50.50409
          ],
          [
            5.947905,
            50.503545
          ],
          [
            5.947947,
            50.503003
          ],
          [
            5.947999,
            50.502011
          ],
          [
            5.948336,
            50.497763
          ],
          [
            5.948539,
            50.495064
          ],
          [
            5.948668,
            50.493434
          ],
          [
            5.948795,
            50.492383
          ],
          [
            5.948895,
            50.491809
          ],
          [
            5.94901,
            50.491275
          ],
          [
            5.94916,
            50.490733
          ],
          [
            5.949325,
            50.490207
          ],
          [
            5.949519,
            50.489683
          ],
          [
            5.949739,
            50.489155
          ],
          [
            5.949908,
            50.488787
          ],
          [
            5.949958,
            50.48868
          ],
          [
            5.949979,
            50.488641
          ],
          [
            5.950247,
            50.488122
          ],
          [
            5.950535,
            50.487616
          ],
          [
            5.95086,
            50.4871
          ],
          [
            5.9512,
            50.4866
          ],
          [
            5.951554,
            50.486126
          ],
          [
            5.951961,
            50.485616
          ],
          [
            5.952364,
            50.485149
          ],
          [
            5.952795,
            50.484685
          ],
          [
            5.953241,
            50.484228
          ],
          [
            5.953705,
            50.483784
          ],
          [
            5.954199,
            50.483347
          ],
          [
            5.954718,
            50.482912
          ],
          [
            5.955278,
            50.482476
          ],
          [
            5.956407,
            50.481667
          ],
          [
            5.957027,
            50.481258
          ],
          [
            5.957654,
            50.480863
          ],
          [
            5.958175,
            50.480546
          ],
          [
            5.958834,
            50.48018
          ],
          [
            5.959554,
            50.479808
          ],
          [
            5.959868,
            50.479599
          ],
          [
            5.960555,
            50.479226
          ],
          [
            5.961277,
            50.478831
          ],
          [
            5.962265,
            50.478254
          ],
          [
            5.963188,
            50.477699
          ],
          [
            5.963472,
            50.477531
          ],
          [
            5.963648,
            50.477325
          ],
          [
            5.963718,
            50.477171
          ],
          [
            5.963732,
            50.477035
          ],
          [
            5.963724,
            50.476876
          ],
          [
            5.963707,
            50.476699
          ],
          [
            5.963325,
            50.476206
          ],
          [
            5.963376,
            50.476158
          ],
          [
            5.963808,
            50.47585
          ],
          [
            5.964473,
            50.475379
          ],
          [
            5.964696,
            50.47517
          ],
          [
            5.964774,
            50.475064
          ],
          [
            5.964844,
            50.474936
          ],
          [
            5.96525,
            50.474074
          ],
          [
            5.965273,
            50.474031
          ],
          [
            5.966252,
            50.471955
          ],
          [
            5.966343,
            50.471752
          ],
          [
            5.967085,
            50.470171
          ],
          [
            5.967181,
            50.469965
          ],
          [
            5.967303,
            50.469787
          ],
          [
            5.967469,
            50.469604
          ],
          [
            5.968143,
            50.468982
          ],
          [
            5.968297,
            50.468813
          ],
          [
            5.968352,
            50.46874
          ],
          [
            5.968444,
            50.468612
          ],
          [
            5.968548,
            50.468431
          ],
          [
            5.968928,
            50.467765
          ],
          [
            5.968951,
            50.467723
          ],
          [
            5.969128,
            50.467376
          ],
          [
            5.969232,
            50.467199
          ],
          [
            5.969417,
            50.467062
          ],
          [
            5.970304,
            50.466419
          ],
          [
            5.970621,
            50.466149
          ],
          [
            5.970842,
            50.465945
          ],
          [
            5.971367,
            50.465414
          ],
          [
            5.97154,
            50.465342
          ],
          [
            5.971525,
            50.465221
          ],
          [
            5.971597,
            50.465107
          ],
          [
            5.971656,
            50.464913
          ],
          [
            5.971672,
            50.464722
          ],
          [
            5.971565,
            50.464018
          ],
          [
            5.971548,
            50.463899
          ],
          [
            5.971527,
            50.463734
          ],
          [
            5.971496,
            50.463444
          ],
          [
            5.971469,
            50.463275
          ],
          [
            5.971383,
            50.463105
          ],
          [
            5.971295,
            50.462985
          ],
          [
            5.971149,
            50.462853
          ],
          [
            5.970971,
            50.46274
          ],
          [
            5.97078,
            50.462641
          ],
          [
            5.969772,
            50.462285
          ],
          [
            5.969727,
            50.462233
          ],
          [
            5.969485,
            50.462069
          ],
          [
            5.969447,
            50.461945
          ],
          [
            5.969575,
            50.461706
          ],
          [
            5.969643,
            50.461443
          ],
          [
            5.969699,
            50.461355
          ],
          [
            5.96987,
            50.461316
          ],
          [
            5.970249,
            50.461271
          ],
          [
            5.970383,
            50.461221
          ],
          [
            5.970455,
            50.461146
          ],
          [
            5.970467,
            50.46104
          ],
          [
            5.970459,
            50.460836
          ],
          [
            5.970375,
            50.460698
          ],
          [
            5.970535,
            50.460638
          ],
          [
            5.971138,
            50.460456
          ],
          [
            5.970959,
            50.460337
          ],
          [
            5.970586,
            50.460204
          ],
          [
            5.970325,
            50.460111
          ],
          [
            5.970638,
            50.459786
          ],
          [
            5.970957,
            50.459594
          ],
          [
            5.971409,
            50.459304
          ],
          [
            5.971544,
            50.45922
          ],
          [
            5.971685,
            50.459173
          ],
          [
            5.971877,
            50.459159
          ],
          [
            5.97222,
            50.459185
          ],
          [
            5.973471,
            50.459277
          ],
          [
            5.973679,
            50.459282
          ],
          [
            5.97386,
            50.459248
          ],
          [
            5.974018,
            50.459164
          ],
          [
            5.974144,
            50.459042
          ],
          [
            5.974272,
            50.458901
          ],
          [
            5.974387,
            50.45867
          ],
          [
            5.974425,
            50.45852
          ],
          [
            5.974415,
            50.458319
          ],
          [
            5.97434,
            50.457888
          ],
          [
            5.974319,
            50.457754
          ],
          [
            5.974334,
            50.457585
          ],
          [
            5.974423,
            50.457067
          ],
          [
            5.974471,
            50.45683
          ],
          [
            5.974485,
            50.456761
          ],
          [
            5.974607,
            50.456411
          ],
          [
            5.975782,
            50.454092
          ],
          [
            5.975926,
            50.453784
          ],
          [
            5.975933,
            50.453631
          ],
          [
            5.975892,
            50.453473
          ],
          [
            5.975582,
            50.452942
          ],
          [
            5.974491,
            50.451069
          ],
          [
            5.973126,
            50.448728
          ],
          [
            5.973056,
            50.448623
          ],
          [
            5.972957,
            50.448504
          ],
          [
            5.972912,
            50.448478
          ],
          [
            5.972866,
            50.448449
          ],
          [
            5.97284,
            50.448448
          ],
          [
            5.97281,
            50.448444
          ],
          [
            5.972785,
            50.448438
          ],
          [
            5.972761,
            50.44843
          ],
          [
            5.97274,
            50.448421
          ],
          [
            5.97272,
            50.448408
          ],
          [
            5.972703,
            50.448395
          ],
          [
            5.972689,
            50.44838
          ],
          [
            5.972677,
            50.44836
          ],
          [
            5.972673,
            50.448348
          ],
          [
            5.972669,
            50.44833
          ],
          [
            5.97267,
            50.448312
          ],
          [
            5.972674,
            50.448297
          ],
          [
            5.972681,
            50.448284
          ],
          [
            5.972689,
            50.44827
          ],
          [
            5.972702,
            50.448256
          ],
          [
            5.972718,
            50.448244
          ],
          [
            5.972732,
            50.448234
          ],
          [
            5.972749,
            50.448226
          ],
          [
            5.972769,
            50.448217
          ],
          [
            5.972791,
            50.448211
          ],
          [
            5.972814,
            50.448206
          ],
          [
            5.972838,
            50.448203
          ],
          [
            5.972862,
            50.448202
          ],
          [
            5.972884,
            50.448203
          ],
          [
            5.972908,
            50.448205
          ],
          [
            5.972983,
            50.448204
          ],
          [
            5.973032,
            50.448194
          ],
          [
            5.973083,
            50.448175
          ],
          [
            5.973172,
            50.448146
          ],
          [
            5.973252,
            50.448092
          ],
          [
            5.97338,
            50.447999
          ],
          [
            5.973474,
            50.447917
          ],
          [
            5.973543,
            50.447842
          ],
          [
            5.973603,
            50.447766
          ],
          [
            5.973649,
            50.447702
          ],
          [
            5.973752,
            50.447526
          ],
          [
            5.973932,
            50.44721
          ],
          [
            5.974147,
            50.446811
          ],
          [
            5.974409,
            50.446349
          ],
          [
            5.974652,
            50.445913
          ],
          [
            5.974716,
            50.445814
          ],
          [
            5.974788,
            50.445711
          ],
          [
            5.974868,
            50.44562
          ],
          [
            5.974949,
            50.44554
          ],
          [
            5.97504,
            50.445458
          ],
          [
            5.975129,
            50.445388
          ],
          [
            5.975226,
            50.445314
          ],
          [
            5.97534,
            50.445246
          ],
          [
            5.975466,
            50.445171
          ],
          [
            5.975649,
            50.445078
          ],
          [
            5.975863,
            50.444985
          ],
          [
            5.976877,
            50.444568
          ],
          [
            5.976962,
            50.44453
          ],
          [
            5.977048,
            50.444479
          ],
          [
            5.977134,
            50.444427
          ],
          [
            5.977227,
            50.444344
          ],
          [
            5.977308,
            50.444245
          ],
          [
            5.977343,
            50.444189
          ],
          [
            5.977371,
            50.444128
          ],
          [
            5.977385,
            50.444064
          ],
          [
            5.977402,
            50.443913
          ],
          [
            5.977407,
            50.443853
          ],
          [
            5.977428,
            50.443598
          ],
          [
            5.97743,
            50.443515
          ],
          [
            5.977433,
            50.443453
          ],
          [
            5.977431,
            50.443398
          ],
          [
            5.977418,
            50.443325
          ],
          [
            5.9774,
            50.443262
          ],
          [
            5.977375,
            50.4432
          ],
          [
            5.977335,
            50.443116
          ],
          [
            5.977271,
            50.443032
          ],
          [
            5.977208,
            50.442963
          ],
          [
            5.977132,
            50.442891
          ],
          [
            5.977019,
            50.442817
          ],
          [
            5.976908,
            50.442752
          ],
          [
            5.976781,
            50.44269
          ],
          [
            5.976684,
            50.442656
          ],
          [
            5.975762,
            50.442397
          ],
          [
            5.97555,
            50.442339
          ],
          [
            5.975443,
            50.442305
          ],
          [
            5.975327,
            50.442266
          ],
          [
            5.975145,
            50.442185
          ],
          [
            5.975019,
            50.442109
          ],
          [
            5.974908,
            50.442031
          ],
          [
            5.974844,
            50.441981
          ],
          [
            5.97479,
            50.441927
          ],
          [
            5.974693,
            50.441826
          ],
          [
            5.974646,
            50.44176
          ],
          [
            5.974598,
            50.441679
          ],
          [
            5.974552,
            50.441594
          ],
          [
            5.974527,
            50.441513
          ],
          [
            5.974511,
            50.44144
          ],
          [
            5.974499,
            50.441355
          ],
          [
            5.974501,
            50.441273
          ],
          [
            5.974507,
            50.441198
          ],
          [
            5.974524,
            50.441128
          ],
          [
            5.974544,
            50.441051
          ],
          [
            5.974581,
            50.440974
          ],
          [
            5.974623,
            50.440896
          ],
          [
            5.974684,
            50.440809
          ],
          [
            5.974784,
            50.440698
          ],
          [
            5.974916,
            50.440562
          ],
          [
            5.975026,
            50.440452
          ],
          [
            5.97565,
            50.439816
          ],
          [
            5.975992,
            50.439468
          ],
          [
            5.976283,
            50.43917
          ],
          [
            5.976363,
            50.439082
          ],
          [
            5.976419,
            50.439005
          ],
          [
            5.976459,
            50.43893
          ],
          [
            5.976493,
            50.438839
          ],
          [
            5.976529,
            50.4387
          ],
          [
            5.976556,
            50.438561
          ],
          [
            5.976573,
            50.438498
          ],
          [
            5.976747,
            50.437719
          ],
          [
            5.976818,
            50.437398
          ],
          [
            5.976898,
            50.437077
          ],
          [
            5.976951,
            50.436942
          ],
          [
            5.977049,
            50.436796
          ],
          [
            5.977146,
            50.436687
          ],
          [
            5.977279,
            50.436576
          ],
          [
            5.977404,
            50.436493
          ],
          [
            5.977559,
            50.436403
          ],
          [
            5.978059,
            50.43613
          ],
          [
            5.978716,
            50.435773
          ],
          [
            5.979185,
            50.435519
          ],
          [
            5.97936,
            50.435415
          ],
          [
            5.979461,
            50.435343
          ],
          [
            5.979544,
            50.435264
          ],
          [
            5.979598,
            50.435208
          ],
          [
            5.979644,
            50.435151
          ],
          [
            5.979695,
            50.435067
          ],
          [
            5.97973,
            50.434983
          ],
          [
            5.979755,
            50.434866
          ],
          [
            5.979761,
            50.434815
          ],
          [
            5.979763,
            50.434662
          ],
          [
            5.979704,
            50.433389
          ],
          [
            5.979668,
            50.432936
          ],
          [
            5.979637,
            50.432695
          ],
          [
            5.979552,
            50.432047
          ],
          [
            5.97948,
            50.431539
          ],
          [
            5.97941,
            50.431026
          ],
          [
            5.979324,
            50.43043
          ],
          [
            5.979315,
            50.430301
          ],
          [
            5.979321,
            50.430176
          ],
          [
            5.979342,
            50.43005
          ],
          [
            5.97937,
            50.429952
          ],
          [
            5.979422,
            50.429833
          ],
          [
            5.979488,
            50.429723
          ],
          [
            5.97956,
            50.429628
          ],
          [
            5.979643,
            50.429539
          ],
          [
            5.979817,
            50.429389
          ],
          [
            5.979981,
            50.429281
          ],
          [
            5.980183,
            50.42917
          ],
          [
            5.980682,
            50.428916
          ],
          [
            5.980937,
            50.428787
          ],
          [
            5.981193,
            50.428657
          ],
          [
            5.981652,
            50.428425
          ],
          [
            5.982095,
            50.428201
          ],
          [
            5.982062,
            50.428173
          ],
          [
            5.98198,
            50.428129
          ],
          [
            5.981938,
            50.428122
          ],
          [
            5.981832,
            50.428126
          ],
          [
            5.981803,
            50.428127
          ],
          [
            5.981493,
            50.428151
          ],
          [
            5.981182,
            50.428177
          ],
          [
            5.980805,
            50.428206
          ],
          [
            5.980377,
            50.428239
          ],
          [
            5.979799,
            50.428285
          ],
          [
            5.979039,
            50.428346
          ],
          [
            5.97885,
            50.428366
          ],
          [
            5.978604,
            50.428407
          ],
          [
            5.978503,
            50.428432
          ],
          [
            5.978398,
            50.428461
          ],
          [
            5.978264,
            50.428514
          ],
          [
            5.97815,
            50.428566
          ],
          [
            5.97801,
            50.428641
          ],
          [
            5.977898,
            50.42872
          ],
          [
            5.97779,
            50.428806
          ],
          [
            5.97772,
            50.428881
          ],
          [
            5.977653,
            50.428958
          ],
          [
            5.977601,
            50.429024
          ],
          [
            5.977541,
            50.429127
          ],
          [
            5.977516,
            50.429186
          ],
          [
            5.97749,
            50.429259
          ],
          [
            5.977466,
            50.42935
          ]
        ]
      },
      "properties": {
        "id": "spa-route-charleroi-airport",
        "name": "Аэропорт Шарлеруа → трасса",
        "distanceM": 139373,
        "routeType": "arrival",
        "travelMode": "car",
        "featureType": "route",
        "reviewStatus": "candidate",
        "durationMinutes": 95
      }
    },
    {
      "type": "Feature",
      "geometry": {
        "type": "LineString",
        "coordinates": [
          [
            5.855085,
            50.588468
          ],
          [
            5.854884,
            50.588578
          ],
          [
            5.854988,
            50.588598
          ],
          [
            5.855075,
            50.588618
          ],
          [
            5.855114,
            50.588628
          ],
          [
            5.855181,
            50.588648
          ],
          [
            5.855249,
            50.58867
          ],
          [
            5.855329,
            50.588702
          ],
          [
            5.855408,
            50.588739
          ],
          [
            5.85547,
            50.588771
          ],
          [
            5.855543,
            50.58882
          ],
          [
            5.855577,
            50.588854
          ],
          [
            5.855654,
            50.588856
          ],
          [
            5.855708,
            50.588868
          ],
          [
            5.85575,
            50.58884
          ],
          [
            5.855808,
            50.588807
          ],
          [
            5.855824,
            50.588795
          ],
          [
            5.855929,
            50.588734
          ],
          [
            5.855956,
            50.58872
          ],
          [
            5.855991,
            50.588694
          ],
          [
            5.856022,
            50.588666
          ],
          [
            5.856047,
            50.588634
          ],
          [
            5.856052,
            50.588606
          ],
          [
            5.856047,
            50.588581
          ],
          [
            5.856034,
            50.588525
          ],
          [
            5.855987,
            50.588479
          ],
          [
            5.855786,
            50.588262
          ],
          [
            5.855349,
            50.587794
          ],
          [
            5.854845,
            50.587268
          ],
          [
            5.85471,
            50.587127
          ],
          [
            5.854671,
            50.587081
          ],
          [
            5.854655,
            50.587065
          ],
          [
            5.854234,
            50.586629
          ],
          [
            5.854177,
            50.586562
          ],
          [
            5.854102,
            50.586569
          ],
          [
            5.854047,
            50.586563
          ],
          [
            5.854006,
            50.586552
          ],
          [
            5.853973,
            50.586536
          ],
          [
            5.853928,
            50.586498
          ],
          [
            5.853888,
            50.586457
          ],
          [
            5.853846,
            50.586414
          ],
          [
            5.853818,
            50.586373
          ],
          [
            5.853813,
            50.586333
          ],
          [
            5.853822,
            50.586298
          ],
          [
            5.853841,
            50.586278
          ],
          [
            5.853872,
            50.58626
          ],
          [
            5.853809,
            50.586186
          ],
          [
            5.853572,
            50.58594
          ],
          [
            5.852553,
            50.584898
          ],
          [
            5.852277,
            50.584609
          ],
          [
            5.852188,
            50.584526
          ],
          [
            5.851346,
            50.58367
          ],
          [
            5.851092,
            50.583419
          ],
          [
            5.850949,
            50.583271
          ],
          [
            5.850876,
            50.583176
          ],
          [
            5.850821,
            50.583085
          ],
          [
            5.850782,
            50.583
          ],
          [
            5.850735,
            50.582881
          ],
          [
            5.850553,
            50.582418
          ],
          [
            5.850434,
            50.5821
          ],
          [
            5.850363,
            50.581907
          ],
          [
            5.850296,
            50.581716
          ],
          [
            5.850225,
            50.5816
          ],
          [
            5.850174,
            50.581555
          ],
          [
            5.850128,
            50.581527
          ],
          [
            5.850091,
            50.581498
          ],
          [
            5.850047,
            50.581473
          ],
          [
            5.849931,
            50.581424
          ],
          [
            5.850044,
            50.581277
          ],
          [
            5.850198,
            50.581083
          ],
          [
            5.850282,
            50.580966
          ],
          [
            5.85033,
            50.580916
          ],
          [
            5.850387,
            50.580869
          ],
          [
            5.850515,
            50.580782
          ],
          [
            5.850838,
            50.58057
          ],
          [
            5.851168,
            50.580356
          ],
          [
            5.851753,
            50.579972
          ],
          [
            5.851979,
            50.579834
          ],
          [
            5.852026,
            50.579805
          ],
          [
            5.852175,
            50.579711
          ],
          [
            5.852286,
            50.57965
          ],
          [
            5.85241,
            50.579601
          ],
          [
            5.852484,
            50.579578
          ],
          [
            5.852563,
            50.579555
          ],
          [
            5.85264,
            50.57954
          ],
          [
            5.852705,
            50.579527
          ],
          [
            5.852726,
            50.579485
          ],
          [
            5.85276,
            50.579442
          ],
          [
            5.852797,
            50.5794
          ],
          [
            5.852833,
            50.579349
          ],
          [
            5.852875,
            50.579293
          ],
          [
            5.852959,
            50.579242
          ],
          [
            5.853031,
            50.57921
          ],
          [
            5.853065,
            50.579196
          ],
          [
            5.853165,
            50.579155
          ],
          [
            5.853987,
            50.578835
          ],
          [
            5.854388,
            50.578651
          ],
          [
            5.854751,
            50.578467
          ],
          [
            5.854865,
            50.578398
          ],
          [
            5.855118,
            50.578238
          ],
          [
            5.855354,
            50.578068
          ],
          [
            5.855591,
            50.577871
          ],
          [
            5.855767,
            50.577723
          ],
          [
            5.855938,
            50.577571
          ],
          [
            5.856164,
            50.577362
          ],
          [
            5.856433,
            50.577081
          ],
          [
            5.856558,
            50.576938
          ],
          [
            5.856679,
            50.576792
          ],
          [
            5.856798,
            50.576644
          ],
          [
            5.856909,
            50.576491
          ],
          [
            5.857099,
            50.576215
          ],
          [
            5.857274,
            50.575936
          ],
          [
            5.85747,
            50.575607
          ],
          [
            5.857576,
            50.575445
          ],
          [
            5.857688,
            50.575288
          ],
          [
            5.857803,
            50.574963
          ],
          [
            5.857874,
            50.574707
          ],
          [
            5.857937,
            50.574437
          ],
          [
            5.858011,
            50.573934
          ],
          [
            5.858021,
            50.573403
          ],
          [
            5.857983,
            50.572871
          ],
          [
            5.857908,
            50.572336
          ],
          [
            5.857821,
            50.571893
          ],
          [
            5.857507,
            50.5703
          ],
          [
            5.857185,
            50.56871
          ],
          [
            5.857046,
            50.567982
          ],
          [
            5.856883,
            50.567169
          ],
          [
            5.856666,
            50.566098
          ],
          [
            5.856599,
            50.565596
          ],
          [
            5.856585,
            50.565203
          ],
          [
            5.856611,
            50.564856
          ],
          [
            5.856678,
            50.564498
          ],
          [
            5.856806,
            50.564031
          ],
          [
            5.857011,
            50.563314
          ],
          [
            5.857273,
            50.562507
          ],
          [
            5.857482,
            50.561789
          ],
          [
            5.857511,
            50.561689
          ],
          [
            5.857863,
            50.560483
          ],
          [
            5.858012,
            50.559984
          ],
          [
            5.858169,
            50.559449
          ],
          [
            5.858356,
            50.558924
          ],
          [
            5.85856,
            50.558443
          ],
          [
            5.858822,
            50.557923
          ],
          [
            5.859129,
            50.557417
          ],
          [
            5.859303,
            50.557157
          ],
          [
            5.859486,
            50.556901
          ],
          [
            5.859863,
            50.556428
          ],
          [
            5.860298,
            50.555935
          ],
          [
            5.860769,
            50.555463
          ],
          [
            5.861221,
            50.555053
          ],
          [
            5.861872,
            50.554533
          ],
          [
            5.86235,
            50.55419
          ],
          [
            5.863291,
            50.553545
          ],
          [
            5.864573,
            50.552672
          ],
          [
            5.866202,
            50.551563
          ],
          [
            5.867008,
            50.551013
          ],
          [
            5.86744,
            50.550697
          ],
          [
            5.867995,
            50.550266
          ],
          [
            5.868273,
            50.550036
          ],
          [
            5.868517,
            50.549823
          ],
          [
            5.868937,
            50.549419
          ],
          [
            5.869352,
            50.54896
          ],
          [
            5.869729,
            50.54849
          ],
          [
            5.870051,
            50.548
          ],
          [
            5.870341,
            50.547489
          ],
          [
            5.870578,
            50.546995
          ],
          [
            5.870781,
            50.546482
          ],
          [
            5.870952,
            50.545983
          ],
          [
            5.87111,
            50.545467
          ],
          [
            5.871608,
            50.543814
          ],
          [
            5.872061,
            50.54235
          ],
          [
            5.872202,
            50.541922
          ],
          [
            5.872325,
            50.541588
          ],
          [
            5.872481,
            50.5412
          ],
          [
            5.872658,
            50.540809
          ],
          [
            5.872923,
            50.540275
          ],
          [
            5.873927,
            50.538445
          ],
          [
            5.875193,
            50.536176
          ],
          [
            5.875266,
            50.53605
          ],
          [
            5.877668,
            50.531741
          ],
          [
            5.877902,
            50.531293
          ],
          [
            5.878048,
            50.53105
          ],
          [
            5.87819,
            50.530824
          ],
          [
            5.878394,
            50.530521
          ],
          [
            5.878609,
            50.530222
          ],
          [
            5.879056,
            50.52967
          ],
          [
            5.879446,
            50.529257
          ],
          [
            5.879939,
            50.528808
          ],
          [
            5.880418,
            50.528411
          ],
          [
            5.880983,
            50.527996
          ],
          [
            5.881573,
            50.527612
          ],
          [
            5.881885,
            50.527431
          ],
          [
            5.88221,
            50.527245
          ],
          [
            5.882544,
            50.527075
          ],
          [
            5.882877,
            50.526904
          ],
          [
            5.883228,
            50.526745
          ],
          [
            5.883572,
            50.526596
          ],
          [
            5.883949,
            50.52644
          ],
          [
            5.884297,
            50.526309
          ],
          [
            5.885066,
            50.526049
          ],
          [
            5.88586,
            50.525813
          ],
          [
            5.886245,
            50.525711
          ],
          [
            5.886635,
            50.525621
          ],
          [
            5.887062,
            50.525528
          ],
          [
            5.887467,
            50.525448
          ],
          [
            5.888287,
            50.525311
          ],
          [
            5.888756,
            50.525251
          ],
          [
            5.889223,
            50.525199
          ],
          [
            5.889984,
            50.525137
          ],
          [
            5.890402,
            50.525114
          ],
          [
            5.890808,
            50.525099
          ],
          [
            5.891232,
            50.525091
          ],
          [
            5.89165,
            50.525092
          ],
          [
            5.892075,
            50.525101
          ],
          [
            5.892503,
            50.525117
          ],
          [
            5.892911,
            50.52514
          ],
          [
            5.893332,
            50.52517
          ],
          [
            5.894164,
            50.525261
          ],
          [
            5.894986,
            50.525376
          ],
          [
            5.895793,
            50.525518
          ],
          [
            5.897001,
            50.525736
          ],
          [
            5.899015,
            50.52612
          ],
          [
            5.900789,
            50.526494
          ],
          [
            5.904278,
            50.527161
          ],
          [
            5.904871,
            50.527275
          ],
          [
            5.90709,
            50.527699
          ],
          [
            5.908939,
            50.528036
          ],
          [
            5.909867,
            50.528182
          ],
          [
            5.910778,
            50.528304
          ],
          [
            5.911718,
            50.528408
          ],
          [
            5.912552,
            50.528473
          ],
          [
            5.913554,
            50.528513
          ],
          [
            5.914437,
            50.528512
          ],
          [
            5.914605,
            50.528507
          ],
          [
            5.914888,
            50.528496
          ],
          [
            5.914958,
            50.528493
          ],
          [
            5.915473,
            50.528465
          ],
          [
            5.915911,
            50.528432
          ],
          [
            5.916338,
            50.528388
          ],
          [
            5.916824,
            50.528327
          ],
          [
            5.917254,
            50.528265
          ],
          [
            5.917683,
            50.528196
          ],
          [
            5.918171,
            50.52811
          ],
          [
            5.919121,
            50.527915
          ],
          [
            5.919954,
            50.52771
          ],
          [
            5.920038,
            50.527689
          ],
          [
            5.920373,
            50.527606
          ],
          [
            5.920415,
            50.527596
          ],
          [
            5.921257,
            50.527366
          ],
          [
            5.922636,
            50.526974
          ],
          [
            5.923436,
            50.526736
          ],
          [
            5.927197,
            50.525614
          ],
          [
            5.933117,
            50.523848
          ],
          [
            5.933251,
            50.523807
          ],
          [
            5.935052,
            50.523268
          ],
          [
            5.935885,
            50.522998
          ],
          [
            5.936618,
            50.522748
          ],
          [
            5.93736,
            50.522467
          ],
          [
            5.93807,
            50.522173
          ],
          [
            5.938751,
            50.521864
          ],
          [
            5.939446,
            50.52152
          ],
          [
            5.940051,
            50.521193
          ],
          [
            5.940691,
            50.520821
          ],
          [
            5.941277,
            50.52046
          ],
          [
            5.941865,
            50.520057
          ],
          [
            5.942417,
            50.519648
          ],
          [
            5.942924,
            50.519244
          ],
          [
            5.943466,
            50.51878
          ],
          [
            5.943972,
            50.518288
          ],
          [
            5.944489,
            50.517737
          ],
          [
            5.945085,
            50.517032
          ],
          [
            5.945397,
            50.516607
          ],
          [
            5.945745,
            50.516075
          ],
          [
            5.946051,
            50.515568
          ],
          [
            5.946338,
            50.515039
          ],
          [
            5.946417,
            50.514862
          ],
          [
            5.946482,
            50.514715
          ],
          [
            5.946512,
            50.514646
          ],
          [
            5.94668,
            50.514225
          ],
          [
            5.946832,
            50.513782
          ],
          [
            5.946982,
            50.513273
          ],
          [
            5.947101,
            50.512747
          ],
          [
            5.947195,
            50.512211
          ],
          [
            5.947261,
            50.51167
          ],
          [
            5.947315,
            50.511098
          ],
          [
            5.947568,
            50.50789
          ],
          [
            5.947774,
            50.505215
          ],
          [
            5.947866,
            50.50409
          ],
          [
            5.947905,
            50.503545
          ],
          [
            5.947947,
            50.503003
          ],
          [
            5.947999,
            50.502011
          ],
          [
            5.948336,
            50.497763
          ],
          [
            5.948539,
            50.495064
          ],
          [
            5.948668,
            50.493434
          ],
          [
            5.948795,
            50.492383
          ],
          [
            5.948895,
            50.491809
          ],
          [
            5.94901,
            50.491275
          ],
          [
            5.94916,
            50.490733
          ],
          [
            5.949325,
            50.490207
          ],
          [
            5.949519,
            50.489683
          ],
          [
            5.949739,
            50.489155
          ],
          [
            5.949908,
            50.488787
          ],
          [
            5.949958,
            50.48868
          ],
          [
            5.949979,
            50.488641
          ],
          [
            5.950247,
            50.488122
          ],
          [
            5.950535,
            50.487616
          ],
          [
            5.95086,
            50.4871
          ],
          [
            5.9512,
            50.4866
          ],
          [
            5.951554,
            50.486126
          ],
          [
            5.951961,
            50.485616
          ],
          [
            5.952364,
            50.485149
          ],
          [
            5.952795,
            50.484685
          ],
          [
            5.953241,
            50.484228
          ],
          [
            5.953705,
            50.483784
          ],
          [
            5.954199,
            50.483347
          ],
          [
            5.954718,
            50.482912
          ],
          [
            5.955278,
            50.482476
          ],
          [
            5.956407,
            50.481667
          ],
          [
            5.957027,
            50.481258
          ],
          [
            5.957654,
            50.480863
          ],
          [
            5.958175,
            50.480546
          ],
          [
            5.958834,
            50.48018
          ],
          [
            5.959554,
            50.479808
          ],
          [
            5.959868,
            50.479599
          ],
          [
            5.960555,
            50.479226
          ],
          [
            5.961277,
            50.478831
          ],
          [
            5.962265,
            50.478254
          ],
          [
            5.963188,
            50.477699
          ],
          [
            5.963472,
            50.477531
          ],
          [
            5.963648,
            50.477325
          ],
          [
            5.963718,
            50.477171
          ],
          [
            5.963732,
            50.477035
          ],
          [
            5.963724,
            50.476876
          ],
          [
            5.963707,
            50.476699
          ],
          [
            5.963325,
            50.476206
          ],
          [
            5.963376,
            50.476158
          ],
          [
            5.963808,
            50.47585
          ],
          [
            5.964473,
            50.475379
          ],
          [
            5.964696,
            50.47517
          ],
          [
            5.964774,
            50.475064
          ],
          [
            5.964844,
            50.474936
          ],
          [
            5.96525,
            50.474074
          ],
          [
            5.965273,
            50.474031
          ],
          [
            5.966252,
            50.471955
          ],
          [
            5.966343,
            50.471752
          ],
          [
            5.967085,
            50.470171
          ],
          [
            5.967181,
            50.469965
          ],
          [
            5.967303,
            50.469787
          ],
          [
            5.967469,
            50.469604
          ],
          [
            5.968143,
            50.468982
          ],
          [
            5.968297,
            50.468813
          ],
          [
            5.968352,
            50.46874
          ],
          [
            5.968444,
            50.468612
          ],
          [
            5.968548,
            50.468431
          ],
          [
            5.968928,
            50.467765
          ],
          [
            5.968951,
            50.467723
          ],
          [
            5.969128,
            50.467376
          ],
          [
            5.969232,
            50.467199
          ],
          [
            5.969417,
            50.467062
          ],
          [
            5.970304,
            50.466419
          ],
          [
            5.970621,
            50.466149
          ],
          [
            5.970842,
            50.465945
          ],
          [
            5.971367,
            50.465414
          ],
          [
            5.97154,
            50.465342
          ],
          [
            5.971525,
            50.465221
          ],
          [
            5.971597,
            50.465107
          ],
          [
            5.971656,
            50.464913
          ],
          [
            5.971672,
            50.464722
          ],
          [
            5.971565,
            50.464018
          ],
          [
            5.971548,
            50.463899
          ],
          [
            5.971527,
            50.463734
          ],
          [
            5.971496,
            50.463444
          ],
          [
            5.971469,
            50.463275
          ],
          [
            5.971383,
            50.463105
          ],
          [
            5.971295,
            50.462985
          ],
          [
            5.971149,
            50.462853
          ],
          [
            5.970971,
            50.46274
          ],
          [
            5.97078,
            50.462641
          ],
          [
            5.969772,
            50.462285
          ],
          [
            5.969727,
            50.462233
          ],
          [
            5.969485,
            50.462069
          ],
          [
            5.969447,
            50.461945
          ],
          [
            5.969575,
            50.461706
          ],
          [
            5.969643,
            50.461443
          ],
          [
            5.969699,
            50.461355
          ],
          [
            5.96987,
            50.461316
          ],
          [
            5.970249,
            50.461271
          ],
          [
            5.970383,
            50.461221
          ],
          [
            5.970455,
            50.461146
          ],
          [
            5.970467,
            50.46104
          ],
          [
            5.970459,
            50.460836
          ],
          [
            5.970375,
            50.460698
          ],
          [
            5.970535,
            50.460638
          ],
          [
            5.971138,
            50.460456
          ],
          [
            5.970959,
            50.460337
          ],
          [
            5.970586,
            50.460204
          ],
          [
            5.970325,
            50.460111
          ],
          [
            5.970638,
            50.459786
          ],
          [
            5.970957,
            50.459594
          ],
          [
            5.971409,
            50.459304
          ],
          [
            5.971544,
            50.45922
          ],
          [
            5.971685,
            50.459173
          ],
          [
            5.971877,
            50.459159
          ],
          [
            5.97222,
            50.459185
          ],
          [
            5.973471,
            50.459277
          ],
          [
            5.973679,
            50.459282
          ],
          [
            5.97386,
            50.459248
          ],
          [
            5.974018,
            50.459164
          ],
          [
            5.974144,
            50.459042
          ],
          [
            5.974272,
            50.458901
          ],
          [
            5.974387,
            50.45867
          ],
          [
            5.974425,
            50.45852
          ],
          [
            5.974415,
            50.458319
          ],
          [
            5.97434,
            50.457888
          ],
          [
            5.974319,
            50.457754
          ],
          [
            5.974334,
            50.457585
          ],
          [
            5.974423,
            50.457067
          ],
          [
            5.974471,
            50.45683
          ],
          [
            5.974485,
            50.456761
          ],
          [
            5.974607,
            50.456411
          ],
          [
            5.975782,
            50.454092
          ],
          [
            5.975926,
            50.453784
          ],
          [
            5.975933,
            50.453631
          ],
          [
            5.975892,
            50.453473
          ],
          [
            5.975582,
            50.452942
          ],
          [
            5.974491,
            50.451069
          ],
          [
            5.973126,
            50.448728
          ],
          [
            5.973056,
            50.448623
          ],
          [
            5.972957,
            50.448504
          ],
          [
            5.972912,
            50.448478
          ],
          [
            5.972866,
            50.448449
          ],
          [
            5.97284,
            50.448448
          ],
          [
            5.97281,
            50.448444
          ],
          [
            5.972785,
            50.448438
          ],
          [
            5.972761,
            50.44843
          ],
          [
            5.97274,
            50.448421
          ],
          [
            5.97272,
            50.448408
          ],
          [
            5.972703,
            50.448395
          ],
          [
            5.972689,
            50.44838
          ],
          [
            5.972677,
            50.44836
          ],
          [
            5.972673,
            50.448348
          ],
          [
            5.972669,
            50.44833
          ],
          [
            5.97267,
            50.448312
          ],
          [
            5.972674,
            50.448297
          ],
          [
            5.972681,
            50.448284
          ],
          [
            5.972689,
            50.44827
          ],
          [
            5.972702,
            50.448256
          ],
          [
            5.972718,
            50.448244
          ],
          [
            5.972724,
            50.448206
          ],
          [
            5.972719,
            50.448156
          ],
          [
            5.972709,
            50.448101
          ],
          [
            5.972562,
            50.447876
          ],
          [
            5.972394,
            50.447628
          ],
          [
            5.972094,
            50.447133
          ],
          [
            5.971339,
            50.445972
          ],
          [
            5.971213,
            50.445776
          ],
          [
            5.9711,
            50.445622
          ],
          [
            5.970968,
            50.445465
          ],
          [
            5.970914,
            50.445409
          ],
          [
            5.970856,
            50.445356
          ],
          [
            5.970799,
            50.445303
          ],
          [
            5.970737,
            50.445251
          ],
          [
            5.970608,
            50.445157
          ],
          [
            5.970665,
            50.445084
          ],
          [
            5.970804,
            50.44495
          ],
          [
            5.970856,
            50.4449
          ],
          [
            5.970684,
            50.44475
          ],
          [
            5.970749,
            50.444689
          ],
          [
            5.970816,
            50.444624
          ],
          [
            5.969921,
            50.443774
          ],
          [
            5.969361,
            50.444144
          ],
          [
            5.969307,
            50.444258
          ],
          [
            5.969373,
            50.444282
          ],
          [
            5.969496,
            50.44434
          ],
          [
            5.969448,
            50.444354
          ],
          [
            5.969382,
            50.444356
          ],
          [
            5.969325,
            50.444346
          ],
          [
            5.969268,
            50.444329
          ],
          [
            5.9689,
            50.444196
          ],
          [
            5.967885,
            50.443843
          ],
          [
            5.967558,
            50.443724
          ],
          [
            5.967421,
            50.443683
          ],
          [
            5.967591,
            50.443431
          ],
          [
            5.967617,
            50.44337
          ],
          [
            5.967648,
            50.443288
          ],
          [
            5.967672,
            50.443195
          ],
          [
            5.96768,
            50.443133
          ],
          [
            5.967678,
            50.44308
          ],
          [
            5.967666,
            50.443018
          ],
          [
            5.967639,
            50.442981
          ],
          [
            5.96761,
            50.442939
          ],
          [
            5.967566,
            50.442903
          ],
          [
            5.967517,
            50.442872
          ],
          [
            5.96746,
            50.442844
          ],
          [
            5.967408,
            50.442827
          ],
          [
            5.967276,
            50.442916
          ],
          [
            5.967212,
            50.442954
          ],
          [
            5.967155,
            50.442977
          ],
          [
            5.967086,
            50.442992
          ],
          [
            5.967043,
            50.442995
          ],
          [
            5.966991,
            50.442989
          ],
          [
            5.966942,
            50.443002
          ],
          [
            5.966827,
            50.442962
          ],
          [
            5.966645,
            50.442886
          ],
          [
            5.966162,
            50.442653
          ],
          [
            5.966139,
            50.44264
          ],
          [
            5.96612,
            50.442617
          ],
          [
            5.96611,
            50.442584
          ],
          [
            5.966102,
            50.442436
          ],
          [
            5.966105,
            50.442231
          ],
          [
            5.966101,
            50.442175
          ],
          [
            5.966078,
            50.44213
          ],
          [
            5.966051,
            50.442103
          ],
          [
            5.966033,
            50.442081
          ],
          [
            5.965985,
            50.442059
          ],
          [
            5.965821,
            50.442002
          ],
          [
            5.965803,
            50.441813
          ],
          [
            5.965791,
            50.441746
          ],
          [
            5.96576,
            50.441555
          ],
          [
            5.965751,
            50.441469
          ],
          [
            5.965752,
            50.441387
          ],
          [
            5.965757,
            50.441221
          ],
          [
            5.965766,
            50.441121
          ],
          [
            5.965773,
            50.441069
          ],
          [
            5.965784,
            50.441027
          ],
          [
            5.965816,
            50.44097
          ],
          [
            5.965929,
            50.440815
          ],
          [
            5.966024,
            50.440703
          ],
          [
            5.966075,
            50.440611
          ],
          [
            5.966105,
            50.440526
          ],
          [
            5.966155,
            50.440306
          ],
          [
            5.966206,
            50.439973
          ],
          [
            5.966223,
            50.439827
          ],
          [
            5.966246,
            50.439677
          ],
          [
            5.966314,
            50.439439
          ],
          [
            5.966412,
            50.439206
          ],
          [
            5.966489,
            50.439039
          ],
          [
            5.966618,
            50.438782
          ],
          [
            5.966844,
            50.43844
          ],
          [
            5.967252,
            50.437716
          ],
          [
            5.967374,
            50.437504
          ],
          [
            5.967486,
            50.4373
          ],
          [
            5.967566,
            50.43713
          ],
          [
            5.967616,
            50.436986
          ],
          [
            5.967619,
            50.436954
          ]
        ]
      },
      "properties": {
        "id": "spa-route-verviers-shuttle",
        "name": "Вервье-Центральный → трасса",
        "distanceM": 23127,
        "routeType": "event_shuttle",
        "travelMode": "shuttle",
        "featureType": "route",
        "reviewStatus": "hidden",
        "durationMinutes": 24
      }
    },
    {
      "type": "Feature",
      "geometry": {
        "type": "LineString",
        "coordinates": [
          [
            5.977466,
            50.42935
          ],
          [
            5.97749,
            50.429259
          ],
          [
            5.977516,
            50.429186
          ],
          [
            5.977541,
            50.429127
          ],
          [
            5.977601,
            50.429024
          ],
          [
            5.977653,
            50.428958
          ],
          [
            5.97772,
            50.428881
          ],
          [
            5.97779,
            50.428806
          ],
          [
            5.977898,
            50.42872
          ],
          [
            5.97801,
            50.428641
          ],
          [
            5.97815,
            50.428566
          ],
          [
            5.978264,
            50.428514
          ],
          [
            5.978398,
            50.428461
          ],
          [
            5.978503,
            50.428432
          ],
          [
            5.978604,
            50.428407
          ],
          [
            5.97885,
            50.428366
          ],
          [
            5.979039,
            50.428346
          ],
          [
            5.979799,
            50.428285
          ],
          [
            5.980377,
            50.428239
          ],
          [
            5.980805,
            50.428206
          ],
          [
            5.981182,
            50.428177
          ],
          [
            5.981493,
            50.428151
          ],
          [
            5.981803,
            50.428127
          ],
          [
            5.981832,
            50.428126
          ],
          [
            5.981938,
            50.428122
          ],
          [
            5.98198,
            50.428129
          ],
          [
            5.982062,
            50.428173
          ],
          [
            5.982095,
            50.428201
          ],
          [
            5.9822,
            50.428161
          ],
          [
            5.982284,
            50.428135
          ],
          [
            5.982371,
            50.428111
          ],
          [
            5.982468,
            50.428089
          ],
          [
            5.98255,
            50.428076
          ],
          [
            5.982633,
            50.428065
          ],
          [
            5.982904,
            50.428043
          ],
          [
            5.983452,
            50.427998
          ],
          [
            5.984044,
            50.427951
          ],
          [
            5.984813,
            50.427892
          ],
          [
            5.985077,
            50.427879
          ],
          [
            5.985353,
            50.427885
          ],
          [
            5.985555,
            50.427895
          ],
          [
            5.985741,
            50.427913
          ],
          [
            5.98588,
            50.427927
          ],
          [
            5.986015,
            50.427949
          ],
          [
            5.986143,
            50.427973
          ],
          [
            5.986268,
            50.428
          ],
          [
            5.987338,
            50.428234
          ],
          [
            5.988175,
            50.428396
          ],
          [
            5.988291,
            50.428419
          ],
          [
            5.988636,
            50.428458
          ],
          [
            5.989069,
            50.428501
          ],
          [
            5.989213,
            50.428511
          ],
          [
            5.989521,
            50.428525
          ],
          [
            5.989833,
            50.428528
          ],
          [
            5.990348,
            50.428515
          ],
          [
            5.991885,
            50.428434
          ],
          [
            5.993412,
            50.428359
          ],
          [
            5.995647,
            50.428242
          ],
          [
            5.996182,
            50.428217
          ],
          [
            5.996412,
            50.428202
          ],
          [
            5.996436,
            50.428243
          ],
          [
            5.996765,
            50.428485
          ],
          [
            5.99688,
            50.428636
          ],
          [
            5.996995,
            50.42884
          ],
          [
            5.997048,
            50.428966
          ],
          [
            5.997063,
            50.429125
          ],
          [
            5.997037,
            50.429388
          ],
          [
            5.997018,
            50.429571
          ],
          [
            5.997017,
            50.429594
          ],
          [
            5.99709,
            50.429747
          ],
          [
            5.997254,
            50.429896
          ],
          [
            5.997967,
            50.430674
          ],
          [
            5.998675,
            50.431444
          ],
          [
            5.998914,
            50.431649
          ],
          [
            6.000312,
            50.432551
          ],
          [
            6.002913,
            50.433819
          ],
          [
            6.004689,
            50.434615
          ],
          [
            6.005755,
            50.434907
          ],
          [
            6.006261,
            50.435008
          ],
          [
            6.006768,
            50.43508
          ],
          [
            6.007173,
            50.435124
          ],
          [
            6.007195,
            50.435126
          ],
          [
            6.007527,
            50.435155
          ],
          [
            6.007986,
            50.435196
          ],
          [
            6.008341,
            50.435224
          ],
          [
            6.009064,
            50.435291
          ],
          [
            6.009582,
            50.435335
          ],
          [
            6.009754,
            50.435365
          ],
          [
            6.010111,
            50.435481
          ],
          [
            6.01035,
            50.435668
          ],
          [
            6.011117,
            50.436152
          ],
          [
            6.011833,
            50.436654
          ],
          [
            6.012115,
            50.436802
          ],
          [
            6.012374,
            50.436971
          ],
          [
            6.012827,
            50.437101
          ],
          [
            6.013565,
            50.437249
          ],
          [
            6.014161,
            50.43737
          ],
          [
            6.014261,
            50.437414
          ],
          [
            6.014312,
            50.437441
          ],
          [
            6.01439,
            50.437472
          ],
          [
            6.014673,
            50.438006
          ],
          [
            6.014938,
            50.438544
          ],
          [
            6.015006,
            50.438692
          ],
          [
            6.01517,
            50.439019
          ],
          [
            6.015348,
            50.439162
          ],
          [
            6.015585,
            50.439291
          ],
          [
            6.0158,
            50.43941
          ],
          [
            6.015946,
            50.439544
          ],
          [
            6.016213,
            50.439817
          ],
          [
            6.017426,
            50.44115
          ],
          [
            6.017885,
            50.44165
          ],
          [
            6.018457,
            50.442273
          ],
          [
            6.018687,
            50.442523
          ],
          [
            6.019337,
            50.443005
          ],
          [
            6.019731,
            50.443278
          ],
          [
            6.020217,
            50.443441
          ],
          [
            6.020906,
            50.4436
          ],
          [
            6.02169,
            50.443857
          ],
          [
            6.022425,
            50.444086
          ],
          [
            6.023055,
            50.444319
          ],
          [
            6.023168,
            50.444362
          ],
          [
            6.023795,
            50.444678
          ],
          [
            6.024126,
            50.444868
          ],
          [
            6.024773,
            50.445238
          ],
          [
            6.025375,
            50.44561
          ],
          [
            6.026169,
            50.446103
          ],
          [
            6.026857,
            50.44653
          ],
          [
            6.027131,
            50.446638
          ],
          [
            6.027294,
            50.446629
          ],
          [
            6.027431,
            50.446615
          ],
          [
            6.028235,
            50.446485
          ],
          [
            6.028352,
            50.446469
          ],
          [
            6.028571,
            50.446462
          ],
          [
            6.028831,
            50.446471
          ],
          [
            6.029317,
            50.446532
          ],
          [
            6.029744,
            50.446566
          ],
          [
            6.030158,
            50.446587
          ],
          [
            6.030447,
            50.446577
          ],
          [
            6.030856,
            50.446512
          ],
          [
            6.031254,
            50.446469
          ],
          [
            6.031881,
            50.446412
          ],
          [
            6.03206,
            50.446391
          ],
          [
            6.032349,
            50.44637
          ],
          [
            6.032829,
            50.446345
          ],
          [
            6.03295,
            50.44634
          ],
          [
            6.033087,
            50.446338
          ],
          [
            6.033202,
            50.446337
          ],
          [
            6.033331,
            50.446334
          ],
          [
            6.033463,
            50.446327
          ],
          [
            6.033633,
            50.446309
          ],
          [
            6.033851,
            50.446286
          ],
          [
            6.033894,
            50.446277
          ],
          [
            6.034015,
            50.446254
          ],
          [
            6.034097,
            50.446223
          ],
          [
            6.034324,
            50.446076
          ],
          [
            6.034437,
            50.445977
          ],
          [
            6.034634,
            50.445799
          ],
          [
            6.034847,
            50.445647
          ],
          [
            6.035033,
            50.445551
          ],
          [
            6.035572,
            50.445398
          ],
          [
            6.035747,
            50.445357
          ],
          [
            6.036018,
            50.445293
          ],
          [
            6.03679,
            50.445302
          ],
          [
            6.037034,
            50.445267
          ],
          [
            6.037215,
            50.44523
          ],
          [
            6.037323,
            50.445171
          ],
          [
            6.037382,
            50.445092
          ],
          [
            6.037401,
            50.445013
          ],
          [
            6.037359,
            50.444778
          ],
          [
            6.037293,
            50.444408
          ],
          [
            6.037367,
            50.444213
          ],
          [
            6.038006,
            50.44346
          ],
          [
            6.03821,
            50.442871
          ],
          [
            6.038196,
            50.442704
          ],
          [
            6.037972,
            50.442342
          ],
          [
            6.037965,
            50.442299
          ],
          [
            6.038046,
            50.442155
          ],
          [
            6.038316,
            50.441881
          ],
          [
            6.038438,
            50.441848
          ],
          [
            6.038815,
            50.441748
          ],
          [
            6.038884,
            50.441717
          ],
          [
            6.038941,
            50.441659
          ],
          [
            6.039013,
            50.441359
          ],
          [
            6.039491,
            50.441463
          ],
          [
            6.039662,
            50.441531
          ],
          [
            6.039771,
            50.441627
          ],
          [
            6.039982,
            50.441845
          ],
          [
            6.040082,
            50.441928
          ],
          [
            6.040247,
            50.442024
          ],
          [
            6.040409,
            50.442089
          ],
          [
            6.040624,
            50.442151
          ],
          [
            6.041585,
            50.442413
          ],
          [
            6.042189,
            50.442519
          ],
          [
            6.042425,
            50.442572
          ],
          [
            6.04272,
            50.442638
          ],
          [
            6.043618,
            50.442971
          ],
          [
            6.044134,
            50.44322
          ],
          [
            6.044195,
            50.443304
          ],
          [
            6.044258,
            50.443405
          ],
          [
            6.044273,
            50.443539
          ],
          [
            6.044241,
            50.443643
          ],
          [
            6.044083,
            50.44397
          ],
          [
            6.044034,
            50.444117
          ],
          [
            6.043941,
            50.444552
          ],
          [
            6.043828,
            50.444975
          ],
          [
            6.043805,
            50.445203
          ],
          [
            6.04384,
            50.445392
          ],
          [
            6.043881,
            50.445621
          ],
          [
            6.043882,
            50.445779
          ],
          [
            6.04386,
            50.446009
          ],
          [
            6.043806,
            50.446204
          ],
          [
            6.043752,
            50.446322
          ],
          [
            6.043673,
            50.446416
          ],
          [
            6.043555,
            50.446493
          ],
          [
            6.043429,
            50.446546
          ],
          [
            6.043126,
            50.446619
          ],
          [
            6.042902,
            50.446696
          ],
          [
            6.042709,
            50.446819
          ],
          [
            6.042571,
            50.446951
          ],
          [
            6.042404,
            50.447139
          ],
          [
            6.042199,
            50.447332
          ],
          [
            6.041919,
            50.447548
          ],
          [
            6.04168,
            50.44771
          ],
          [
            6.041241,
            50.447969
          ],
          [
            6.041105,
            50.448088
          ],
          [
            6.040992,
            50.448251
          ],
          [
            6.040986,
            50.448322
          ],
          [
            6.041016,
            50.448367
          ],
          [
            6.04103,
            50.448383
          ],
          [
            6.041052,
            50.44841
          ],
          [
            6.041089,
            50.448432
          ],
          [
            6.041184,
            50.44846
          ],
          [
            6.041281,
            50.448485
          ],
          [
            6.041423,
            50.448509
          ],
          [
            6.0415,
            50.448511
          ],
          [
            6.041677,
            50.448476
          ],
          [
            6.041805,
            50.448403
          ],
          [
            6.042028,
            50.448249
          ],
          [
            6.042376,
            50.447982
          ],
          [
            6.042575,
            50.447858
          ],
          [
            6.04273,
            50.447792
          ],
          [
            6.042946,
            50.447725
          ],
          [
            6.043137,
            50.447696
          ],
          [
            6.043323,
            50.44768
          ],
          [
            6.043598,
            50.447679
          ],
          [
            6.043784,
            50.447696
          ],
          [
            6.043935,
            50.447712
          ],
          [
            6.044054,
            50.447718
          ],
          [
            6.044141,
            50.447698
          ],
          [
            6.044256,
            50.44764
          ],
          [
            6.044704,
            50.447328
          ],
          [
            6.044851,
            50.447259
          ],
          [
            6.045008,
            50.447225
          ],
          [
            6.045155,
            50.447232
          ],
          [
            6.045256,
            50.44725
          ],
          [
            6.045429,
            50.447345
          ],
          [
            6.045928,
            50.447748
          ],
          [
            6.046028,
            50.447814
          ],
          [
            6.046123,
            50.447845
          ],
          [
            6.046234,
            50.447845
          ],
          [
            6.046334,
            50.447822
          ],
          [
            6.046424,
            50.447748
          ],
          [
            6.046801,
            50.447078
          ],
          [
            6.047162,
            50.446747
          ],
          [
            6.047379,
            50.44652
          ],
          [
            6.04751,
            50.446292
          ],
          [
            6.047809,
            50.4457
          ],
          [
            6.048036,
            50.445339
          ],
          [
            6.048142,
            50.445221
          ],
          [
            6.048294,
            50.445135
          ],
          [
            6.048463,
            50.445113
          ],
          [
            6.048611,
            50.445139
          ],
          [
            6.048702,
            50.445204
          ],
          [
            6.048743,
            50.445264
          ],
          [
            6.048753,
            50.445346
          ],
          [
            6.048638,
            50.445502
          ],
          [
            6.048228,
            50.445959
          ],
          [
            6.048113,
            50.446112
          ],
          [
            6.048058,
            50.446253
          ],
          [
            6.048048,
            50.446353
          ],
          [
            6.048105,
            50.446478
          ],
          [
            6.048229,
            50.446631
          ],
          [
            6.048752,
            50.447187
          ],
          [
            6.048969,
            50.447376
          ],
          [
            6.049513,
            50.447788
          ],
          [
            6.049702,
            50.447946
          ],
          [
            6.049841,
            50.44809
          ],
          [
            6.049923,
            50.448237
          ],
          [
            6.050229,
            50.448911
          ],
          [
            6.050294,
            50.449154
          ],
          [
            6.050371,
            50.449411
          ],
          [
            6.050566,
            50.449916
          ],
          [
            6.050615,
            50.45008
          ],
          [
            6.050752,
            50.450226
          ],
          [
            6.051037,
            50.450535
          ],
          [
            6.051186,
            50.450612
          ],
          [
            6.051636,
            50.45078
          ],
          [
            6.05172,
            50.450785
          ],
          [
            6.051784,
            50.450772
          ],
          [
            6.051866,
            50.450745
          ],
          [
            6.051905,
            50.450729
          ],
          [
            6.051942,
            50.45071
          ],
          [
            6.052001,
            50.450636
          ],
          [
            6.052029,
            50.450584
          ],
          [
            6.052045,
            50.450528
          ],
          [
            6.052083,
            50.450177
          ],
          [
            6.052151,
            50.449992
          ],
          [
            6.05234,
            50.449865
          ],
          [
            6.052635,
            50.449747
          ],
          [
            6.052965,
            50.449702
          ],
          [
            6.053349,
            50.44971
          ],
          [
            6.053601,
            50.449701
          ],
          [
            6.053813,
            50.449633
          ],
          [
            6.054092,
            50.449495
          ],
          [
            6.054294,
            50.449445
          ],
          [
            6.054577,
            50.449465
          ],
          [
            6.055027,
            50.449559
          ],
          [
            6.055589,
            50.449647
          ],
          [
            6.055873,
            50.449731
          ],
          [
            6.056106,
            50.449868
          ],
          [
            6.056292,
            50.450101
          ],
          [
            6.056397,
            50.45028
          ],
          [
            6.056477,
            50.450417
          ],
          [
            6.056526,
            50.450482
          ],
          [
            6.056571,
            50.450535
          ],
          [
            6.056674,
            50.45065
          ],
          [
            6.056737,
            50.450709
          ],
          [
            6.056887,
            50.450795
          ],
          [
            6.057047,
            50.450859
          ],
          [
            6.057525,
            50.45105
          ],
          [
            6.057684,
            50.451138
          ],
          [
            6.057803,
            50.451248
          ],
          [
            6.057867,
            50.451362
          ],
          [
            6.057913,
            50.451491
          ],
          [
            6.05793,
            50.451657
          ],
          [
            6.057894,
            50.451756
          ],
          [
            6.057831,
            50.451861
          ],
          [
            6.057734,
            50.451952
          ],
          [
            6.057523,
            50.452115
          ],
          [
            6.05715,
            50.452386
          ],
          [
            6.056818,
            50.452643
          ],
          [
            6.05655,
            50.452892
          ],
          [
            6.056375,
            50.453019
          ],
          [
            6.056217,
            50.453116
          ],
          [
            6.056146,
            50.453146
          ],
          [
            6.056024,
            50.45319
          ],
          [
            6.055853,
            50.453229
          ],
          [
            6.055569,
            50.453269
          ],
          [
            6.055181,
            50.453302
          ],
          [
            6.054777,
            50.453327
          ],
          [
            6.054631,
            50.453346
          ],
          [
            6.054216,
            50.453502
          ],
          [
            6.054038,
            50.45363
          ],
          [
            6.053874,
            50.453776
          ],
          [
            6.053798,
            50.454035
          ],
          [
            6.053944,
            50.454327
          ],
          [
            6.05398,
            50.454385
          ],
          [
            6.054595,
            50.455394
          ],
          [
            6.054637,
            50.455552
          ],
          [
            6.054598,
            50.455672
          ],
          [
            6.054567,
            50.455728
          ],
          [
            6.05451,
            50.455791
          ],
          [
            6.05438,
            50.455897
          ],
          [
            6.05429,
            50.455996
          ],
          [
            6.054261,
            50.456044
          ],
          [
            6.054247,
            50.456128
          ],
          [
            6.054252,
            50.45618
          ],
          [
            6.054279,
            50.456216
          ],
          [
            6.054365,
            50.45633
          ],
          [
            6.054916,
            50.456834
          ],
          [
            6.055144,
            50.456983
          ],
          [
            6.055369,
            50.45711
          ],
          [
            6.055614,
            50.457238
          ],
          [
            6.056103,
            50.457559
          ],
          [
            6.056297,
            50.457674
          ],
          [
            6.056472,
            50.457756
          ],
          [
            6.056708,
            50.457895
          ],
          [
            6.05692,
            50.458074
          ],
          [
            6.056972,
            50.458141
          ],
          [
            6.057079,
            50.45828
          ],
          [
            6.057176,
            50.458499
          ],
          [
            6.057247,
            50.458768
          ],
          [
            6.057257,
            50.458967
          ],
          [
            6.057225,
            50.459295
          ],
          [
            6.057141,
            50.459576
          ],
          [
            6.057018,
            50.45982
          ],
          [
            6.05677,
            50.460441
          ],
          [
            6.056598,
            50.460997
          ],
          [
            6.056553,
            50.461143
          ],
          [
            6.056549,
            50.461165
          ],
          [
            6.056531,
            50.46125
          ],
          [
            6.056097,
            50.462752
          ],
          [
            6.055628,
            50.464343
          ],
          [
            6.055541,
            50.464599
          ],
          [
            6.055524,
            50.464651
          ],
          [
            6.055102,
            50.465992
          ],
          [
            6.054698,
            50.467504
          ],
          [
            6.054173,
            50.469451
          ],
          [
            6.053872,
            50.470467
          ],
          [
            6.053584,
            50.471476
          ],
          [
            6.053562,
            50.471567
          ],
          [
            6.05313,
            50.473083
          ],
          [
            6.052857,
            50.474055
          ],
          [
            6.052554,
            50.475151
          ],
          [
            6.052365,
            50.475795
          ],
          [
            6.05215,
            50.476623
          ],
          [
            6.052052,
            50.477042
          ],
          [
            6.052004,
            50.477358
          ],
          [
            6.05201,
            50.477588
          ],
          [
            6.052035,
            50.47781
          ],
          [
            6.052211,
            50.478408
          ],
          [
            6.052369,
            50.478827
          ],
          [
            6.052653,
            50.479315
          ],
          [
            6.053094,
            50.47992
          ],
          [
            6.055833,
            50.483481
          ],
          [
            6.056645,
            50.484576
          ],
          [
            6.056936,
            50.485003
          ],
          [
            6.057222,
            50.485319
          ],
          [
            6.057576,
            50.485655
          ],
          [
            6.058369,
            50.486355
          ],
          [
            6.059355,
            50.487262
          ],
          [
            6.060289,
            50.488122
          ],
          [
            6.061562,
            50.4893
          ],
          [
            6.062534,
            50.490202
          ],
          [
            6.062797,
            50.490422
          ],
          [
            6.063088,
            50.490651
          ],
          [
            6.064326,
            50.491607
          ],
          [
            6.06569,
            50.492632
          ],
          [
            6.066323,
            50.493116
          ],
          [
            6.066904,
            50.493559
          ],
          [
            6.067797,
            50.494233
          ],
          [
            6.068677,
            50.494885
          ],
          [
            6.068902,
            50.495053
          ],
          [
            6.069633,
            50.495598
          ],
          [
            6.070362,
            50.496141
          ],
          [
            6.070734,
            50.49645
          ],
          [
            6.071038,
            50.496748
          ],
          [
            6.071294,
            50.497036
          ],
          [
            6.071827,
            50.49771
          ],
          [
            6.072521,
            50.498574
          ],
          [
            6.073948,
            50.500383
          ],
          [
            6.075336,
            50.502158
          ],
          [
            6.076954,
            50.504236
          ],
          [
            6.078279,
            50.505995
          ],
          [
            6.078688,
            50.506629
          ],
          [
            6.078821,
            50.506841
          ],
          [
            6.078923,
            50.507017
          ],
          [
            6.078984,
            50.507134
          ],
          [
            6.079039,
            50.507262
          ],
          [
            6.079087,
            50.507416
          ],
          [
            6.079115,
            50.50754
          ],
          [
            6.079129,
            50.507682
          ],
          [
            6.079133,
            50.507811
          ],
          [
            6.079123,
            50.507943
          ],
          [
            6.079101,
            50.508078
          ],
          [
            6.079056,
            50.508232
          ],
          [
            6.079,
            50.508369
          ],
          [
            6.078919,
            50.508531
          ],
          [
            6.078808,
            50.508706
          ],
          [
            6.077904,
            50.509939
          ],
          [
            6.077714,
            50.510194
          ],
          [
            6.077638,
            50.510323
          ],
          [
            6.077602,
            50.510417
          ],
          [
            6.077658,
            50.510428
          ],
          [
            6.077706,
            50.51045
          ],
          [
            6.077741,
            50.510479
          ],
          [
            6.07776,
            50.510515
          ],
          [
            6.077761,
            50.510552
          ],
          [
            6.077941,
            50.510532
          ],
          [
            6.078042,
            50.510512
          ],
          [
            6.080217,
            50.509808
          ],
          [
            6.083518,
            50.508769
          ],
          [
            6.083823,
            50.508666
          ],
          [
            6.084063,
            50.508569
          ],
          [
            6.084255,
            50.508485
          ],
          [
            6.084417,
            50.508404
          ],
          [
            6.084558,
            50.508327
          ],
          [
            6.084727,
            50.508227
          ],
          [
            6.084983,
            50.50805
          ],
          [
            6.08711,
            50.506512
          ],
          [
            6.087538,
            50.506203
          ],
          [
            6.090898,
            50.503789
          ],
          [
            6.091489,
            50.503356
          ],
          [
            6.092104,
            50.502912
          ],
          [
            6.09232,
            50.502756
          ],
          [
            6.092388,
            50.502664
          ],
          [
            6.092469,
            50.502568
          ],
          [
            6.092514,
            50.502506
          ],
          [
            6.092576,
            50.502458
          ],
          [
            6.092612,
            50.502428
          ],
          [
            6.092758,
            50.50232
          ],
          [
            6.093264,
            50.501958
          ],
          [
            6.093517,
            50.501775
          ],
          [
            6.093552,
            50.501751
          ],
          [
            6.093553,
            50.501712
          ],
          [
            6.093612,
            50.501646
          ],
          [
            6.093797,
            50.501508
          ],
          [
            6.093872,
            50.501458
          ],
          [
            6.093937,
            50.501444
          ],
          [
            6.093973,
            50.501438
          ],
          [
            6.094126,
            50.501402
          ],
          [
            6.094251,
            50.501366
          ],
          [
            6.09445,
            50.501219
          ],
          [
            6.095074,
            50.500763
          ],
          [
            6.095665,
            50.500338
          ],
          [
            6.095989,
            50.500105
          ],
          [
            6.096485,
            50.499741
          ],
          [
            6.096703,
            50.499563
          ],
          [
            6.096919,
            50.499354
          ],
          [
            6.097403,
            50.498891
          ],
          [
            6.099101,
            50.497265
          ],
          [
            6.100916,
            50.495527
          ],
          [
            6.10137,
            50.495087
          ],
          [
            6.102228,
            50.494259
          ],
          [
            6.102335,
            50.494116
          ],
          [
            6.102356,
            50.494095
          ],
          [
            6.102596,
            50.493856
          ],
          [
            6.10282,
            50.49369
          ],
          [
            6.102736,
            50.493671
          ],
          [
            6.101511,
            50.493389
          ],
          [
            6.101005,
            50.49328
          ],
          [
            6.100863,
            50.493248
          ],
          [
            6.10063,
            50.493201
          ],
          [
            6.100424,
            50.49315
          ],
          [
            6.100044,
            50.493013
          ],
          [
            6.09966,
            50.492869
          ],
          [
            6.099566,
            50.492973
          ],
          [
            6.099465,
            50.49308
          ],
          [
            6.099444,
            50.493103
          ],
          [
            6.099772,
            50.493224
          ],
          [
            6.09988,
            50.493264
          ],
          [
            6.100122,
            50.493352
          ],
          [
            6.100186,
            50.493353
          ],
          [
            6.100214,
            50.493343
          ],
          [
            6.100241,
            50.493326
          ],
          [
            6.100332,
            50.493249
          ],
          [
            6.10041,
            50.493182
          ],
          [
            6.100424,
            50.49315
          ],
          [
            6.10063,
            50.493201
          ],
          [
            6.100863,
            50.493248
          ],
          [
            6.101005,
            50.49328
          ],
          [
            6.101511,
            50.493389
          ],
          [
            6.102736,
            50.493671
          ],
          [
            6.10282,
            50.49369
          ],
          [
            6.102679,
            50.493879
          ],
          [
            6.102422,
            50.49412
          ],
          [
            6.102392,
            50.494143
          ],
          [
            6.102228,
            50.494259
          ],
          [
            6.10137,
            50.495087
          ],
          [
            6.100916,
            50.495527
          ],
          [
            6.099101,
            50.497265
          ],
          [
            6.097403,
            50.498891
          ],
          [
            6.096919,
            50.499354
          ],
          [
            6.096703,
            50.499563
          ],
          [
            6.096485,
            50.499741
          ],
          [
            6.095989,
            50.500105
          ],
          [
            6.095665,
            50.500338
          ],
          [
            6.095074,
            50.500763
          ],
          [
            6.09445,
            50.501219
          ],
          [
            6.094251,
            50.501366
          ],
          [
            6.094084,
            50.501522
          ],
          [
            6.094015,
            50.501599
          ],
          [
            6.093931,
            50.501668
          ],
          [
            6.093817,
            50.501747
          ],
          [
            6.093756,
            50.501788
          ],
          [
            6.093711,
            50.501802
          ],
          [
            6.093671,
            50.501806
          ],
          [
            6.093636,
            50.501801
          ],
          [
            6.093602,
            50.501791
          ],
          [
            6.093575,
            50.501774
          ],
          [
            6.093552,
            50.501751
          ],
          [
            6.093553,
            50.501712
          ],
          [
            6.093524,
            50.501662
          ],
          [
            6.09351,
            50.501636
          ],
          [
            6.093452,
            50.501602
          ],
          [
            6.093385,
            50.50156
          ],
          [
            6.093189,
            50.501454
          ],
          [
            6.092896,
            50.501682
          ],
          [
            6.092896,
            50.501682
          ],
          [
            6.093083,
            50.501778
          ],
          [
            6.093385,
            50.50156
          ],
          [
            6.093189,
            50.501454
          ],
          [
            6.092993,
            50.501343
          ],
          [
            6.093582,
            50.500901
          ],
          [
            6.093804,
            50.501022
          ],
          [
            6.093994,
            50.501126
          ],
          [
            6.093677,
            50.501348
          ],
          [
            6.093754,
            50.501392
          ],
          [
            6.093837,
            50.501439
          ],
          [
            6.093872,
            50.501458
          ],
          [
            6.093937,
            50.501444
          ],
          [
            6.093973,
            50.501438
          ],
          [
            6.094126,
            50.501402
          ],
          [
            6.094251,
            50.501366
          ],
          [
            6.09445,
            50.501219
          ],
          [
            6.095074,
            50.500763
          ],
          [
            6.095665,
            50.500338
          ],
          [
            6.095989,
            50.500105
          ],
          [
            6.096485,
            50.499741
          ],
          [
            6.096703,
            50.499563
          ],
          [
            6.096919,
            50.499354
          ],
          [
            6.097403,
            50.498891
          ],
          [
            6.099101,
            50.497265
          ],
          [
            6.100916,
            50.495527
          ],
          [
            6.10137,
            50.495087
          ],
          [
            6.102228,
            50.494259
          ],
          [
            6.102335,
            50.494116
          ],
          [
            6.102356,
            50.494095
          ],
          [
            6.102596,
            50.493856
          ],
          [
            6.10282,
            50.49369
          ],
          [
            6.10324,
            50.493291
          ],
          [
            6.103814,
            50.492744
          ],
          [
            6.104358,
            50.492223
          ],
          [
            6.104709,
            50.491896
          ],
          [
            6.106139,
            50.49051
          ],
          [
            6.107237,
            50.489447
          ],
          [
            6.107688,
            50.489008
          ],
          [
            6.108462,
            50.488243
          ],
          [
            6.108677,
            50.488027
          ],
          [
            6.109002,
            50.487701
          ],
          [
            6.109061,
            50.487626
          ],
          [
            6.109177,
            50.487478
          ],
          [
            6.109305,
            50.487315
          ],
          [
            6.109373,
            50.487213
          ],
          [
            6.109535,
            50.48697
          ],
          [
            6.109685,
            50.486686
          ],
          [
            6.109759,
            50.486485
          ],
          [
            6.109802,
            50.486287
          ],
          [
            6.109807,
            50.48626
          ],
          [
            6.109864,
            50.48596
          ],
          [
            6.109892,
            50.485822
          ],
          [
            6.110022,
            50.485128
          ],
          [
            6.11017,
            50.484371
          ],
          [
            6.110478,
            50.482954
          ],
          [
            6.110709,
            50.481888
          ],
          [
            6.111324,
            50.4802
          ],
          [
            6.111376,
            50.480056
          ],
          [
            6.111406,
            50.479973
          ],
          [
            6.111631,
            50.479248
          ],
          [
            6.11176,
            50.478918
          ],
          [
            6.111696,
            50.478902
          ],
          [
            6.111478,
            50.478844
          ],
          [
            6.11145,
            50.478836
          ],
          [
            6.111131,
            50.478748
          ],
          [
            6.110943,
            50.478696
          ],
          [
            6.110627,
            50.478617
          ],
          [
            6.110576,
            50.478591
          ],
          [
            6.110555,
            50.478567
          ],
          [
            6.11053,
            50.478531
          ],
          [
            6.110493,
            50.478431
          ],
          [
            6.11043,
            50.478132
          ],
          [
            6.110338,
            50.477548
          ],
          [
            6.110261,
            50.477119
          ],
          [
            6.110112,
            50.476312
          ],
          [
            6.110072,
            50.476061
          ],
          [
            6.110044,
            50.475917
          ],
          [
            6.109946,
            50.475299
          ],
          [
            6.109919,
            50.474845
          ],
          [
            6.109925,
            50.474441
          ],
          [
            6.10992,
            50.474121
          ],
          [
            6.109907,
            50.473896
          ],
          [
            6.10988,
            50.473765
          ],
          [
            6.109772,
            50.473385
          ],
          [
            6.109603,
            50.472797
          ],
          [
            6.109426,
            50.47222
          ],
          [
            6.10924,
            50.471577
          ],
          [
            6.109076,
            50.47111
          ],
          [
            6.108838,
            50.470713
          ],
          [
            6.10876,
            50.470569
          ],
          [
            6.10856,
            50.470403
          ],
          [
            6.108039,
            50.469933
          ],
          [
            6.107802,
            50.469747
          ],
          [
            6.10766,
            50.469617
          ],
          [
            6.106896,
            50.468903
          ],
          [
            6.106477,
            50.468522
          ],
          [
            6.106332,
            50.468383
          ],
          [
            6.106241,
            50.468272
          ],
          [
            6.106181,
            50.468143
          ],
          [
            6.106192,
            50.467896
          ],
          [
            6.106209,
            50.467736
          ],
          [
            6.106232,
            50.467613
          ],
          [
            6.106405,
            50.466995
          ],
          [
            6.106542,
            50.466567
          ],
          [
            6.106678,
            50.466436
          ],
          [
            6.10657,
            50.466313
          ],
          [
            6.106728,
            50.466077
          ],
          [
            6.106839,
            50.465895
          ],
          [
            6.106995,
            50.465686
          ],
          [
            6.107239,
            50.46524
          ],
          [
            6.107278,
            50.464989
          ],
          [
            6.107308,
            50.464738
          ],
          [
            6.107308,
            50.464654
          ],
          [
            6.107299,
            50.464196
          ],
          [
            6.107324,
            50.464003
          ],
          [
            6.107387,
            50.463821
          ],
          [
            6.107529,
            50.463718
          ],
          [
            6.107721,
            50.463627
          ],
          [
            6.108165,
            50.46344
          ],
          [
            6.108443,
            50.463258
          ],
          [
            6.108637,
            50.463036
          ],
          [
            6.108028,
            50.462891
          ],
          [
            6.107501,
            50.462754
          ],
          [
            6.106682,
            50.46245
          ],
          [
            6.106293,
            50.462284
          ],
          [
            6.105839,
            50.462085
          ],
          [
            6.105673,
            50.461966
          ],
          [
            6.105613,
            50.461813
          ],
          [
            6.105582,
            50.46166
          ],
          [
            6.10555,
            50.461487
          ],
          [
            6.105544,
            50.461443
          ],
          [
            6.105542,
            50.461389
          ],
          [
            6.105551,
            50.461344
          ],
          [
            6.105605,
            50.461203
          ],
          [
            6.105604,
            50.461163
          ],
          [
            6.105593,
            50.461126
          ],
          [
            6.105571,
            50.461088
          ],
          [
            6.105538,
            50.461057
          ],
          [
            6.105444,
            50.460984
          ],
          [
            6.104902,
            50.460629
          ],
          [
            6.104714,
            50.460502
          ],
          [
            6.10466,
            50.460465
          ],
          [
            6.104623,
            50.460416
          ],
          [
            6.104601,
            50.460373
          ],
          [
            6.104586,
            50.460321
          ],
          [
            6.104577,
            50.460282
          ],
          [
            6.104578,
            50.460254
          ],
          [
            6.104585,
            50.460228
          ],
          [
            6.104596,
            50.4602
          ],
          [
            6.104621,
            50.460166
          ],
          [
            6.10482,
            50.459942
          ],
          [
            6.104995,
            50.459726
          ],
          [
            6.105074,
            50.459615
          ],
          [
            6.10509,
            50.459557
          ],
          [
            6.105038,
            50.459433
          ],
          [
            6.104979,
            50.459327
          ],
          [
            6.104962,
            50.459245
          ],
          [
            6.104959,
            50.459172
          ],
          [
            6.104951,
            50.459096
          ],
          [
            6.10495,
            50.459008
          ],
          [
            6.104959,
            50.458955
          ],
          [
            6.104988,
            50.458913
          ],
          [
            6.105052,
            50.458875
          ],
          [
            6.105208,
            50.458778
          ],
          [
            6.105266,
            50.458718
          ],
          [
            6.105312,
            50.458641
          ],
          [
            6.105372,
            50.458369
          ],
          [
            6.105375,
            50.458196
          ],
          [
            6.105373,
            50.458117
          ],
          [
            6.105344,
            50.458032
          ],
          [
            6.105306,
            50.457986
          ],
          [
            6.105246,
            50.457944
          ],
          [
            6.105106,
            50.457851
          ],
          [
            6.105054,
            50.45777
          ],
          [
            6.105029,
            50.457691
          ],
          [
            6.105039,
            50.457572
          ],
          [
            6.105125,
            50.457357
          ],
          [
            6.105148,
            50.457275
          ],
          [
            6.105136,
            50.45719
          ],
          [
            6.104905,
            50.45667
          ],
          [
            6.10481,
            50.456396
          ],
          [
            6.104729,
            50.456176
          ],
          [
            6.104718,
            50.456123
          ],
          [
            6.104717,
            50.456079
          ],
          [
            6.104734,
            50.456019
          ],
          [
            6.104771,
            50.455918
          ],
          [
            6.104792,
            50.455796
          ],
          [
            6.104775,
            50.455697
          ],
          [
            6.104605,
            50.455486
          ],
          [
            6.10436,
            50.455256
          ],
          [
            6.104273,
            50.455166
          ],
          [
            6.104194,
            50.455064
          ],
          [
            6.103945,
            50.454731
          ],
          [
            6.103897,
            50.454645
          ],
          [
            6.10385,
            50.454561
          ],
          [
            6.103773,
            50.454386
          ],
          [
            6.103728,
            50.454256
          ],
          [
            6.1037,
            50.454185
          ],
          [
            6.103661,
            50.454123
          ],
          [
            6.103625,
            50.454076
          ],
          [
            6.103565,
            50.454008
          ],
          [
            6.103546,
            50.453979
          ],
          [
            6.103505,
            50.453923
          ],
          [
            6.103484,
            50.453887
          ],
          [
            6.103471,
            50.453848
          ],
          [
            6.103427,
            50.453715
          ],
          [
            6.103351,
            50.453585
          ],
          [
            6.103341,
            50.453562
          ],
          [
            6.103195,
            50.453309
          ],
          [
            6.103081,
            50.453177
          ],
          [
            6.103005,
            50.453098
          ],
          [
            6.102967,
            50.453065
          ],
          [
            6.102949,
            50.453047
          ],
          [
            6.102949,
            50.453047
          ],
          [
            6.102967,
            50.453065
          ],
          [
            6.103005,
            50.453098
          ],
          [
            6.103081,
            50.453177
          ],
          [
            6.103195,
            50.453309
          ],
          [
            6.103341,
            50.453562
          ],
          [
            6.103351,
            50.453585
          ],
          [
            6.103427,
            50.453715
          ],
          [
            6.103471,
            50.453848
          ],
          [
            6.103484,
            50.453887
          ],
          [
            6.103505,
            50.453923
          ],
          [
            6.103546,
            50.453979
          ],
          [
            6.103565,
            50.454008
          ],
          [
            6.103625,
            50.454076
          ],
          [
            6.103661,
            50.454123
          ],
          [
            6.1037,
            50.454185
          ],
          [
            6.103728,
            50.454256
          ],
          [
            6.103773,
            50.454386
          ],
          [
            6.10385,
            50.454561
          ],
          [
            6.103897,
            50.454645
          ],
          [
            6.103945,
            50.454731
          ],
          [
            6.104194,
            50.455064
          ],
          [
            6.104273,
            50.455166
          ],
          [
            6.10436,
            50.455256
          ],
          [
            6.104605,
            50.455486
          ],
          [
            6.104775,
            50.455697
          ],
          [
            6.104792,
            50.455796
          ],
          [
            6.104771,
            50.455918
          ],
          [
            6.104734,
            50.456019
          ],
          [
            6.104717,
            50.456079
          ],
          [
            6.104718,
            50.456123
          ],
          [
            6.104729,
            50.456176
          ],
          [
            6.10481,
            50.456396
          ],
          [
            6.104905,
            50.45667
          ],
          [
            6.105136,
            50.45719
          ],
          [
            6.105148,
            50.457275
          ],
          [
            6.105125,
            50.457357
          ],
          [
            6.105039,
            50.457572
          ],
          [
            6.105029,
            50.457691
          ],
          [
            6.105054,
            50.45777
          ],
          [
            6.105106,
            50.457851
          ],
          [
            6.105246,
            50.457944
          ],
          [
            6.105306,
            50.457986
          ],
          [
            6.105344,
            50.458032
          ],
          [
            6.105373,
            50.458117
          ],
          [
            6.105375,
            50.458196
          ],
          [
            6.105372,
            50.458369
          ],
          [
            6.105312,
            50.458641
          ],
          [
            6.105266,
            50.458718
          ],
          [
            6.105208,
            50.458778
          ],
          [
            6.105052,
            50.458875
          ],
          [
            6.104988,
            50.458913
          ],
          [
            6.104959,
            50.458955
          ],
          [
            6.10495,
            50.459008
          ],
          [
            6.104951,
            50.459096
          ],
          [
            6.104959,
            50.459172
          ],
          [
            6.104962,
            50.459245
          ],
          [
            6.104979,
            50.459327
          ],
          [
            6.105038,
            50.459433
          ],
          [
            6.10509,
            50.459557
          ],
          [
            6.105074,
            50.459615
          ],
          [
            6.104995,
            50.459726
          ],
          [
            6.10482,
            50.459942
          ],
          [
            6.104621,
            50.460166
          ],
          [
            6.104596,
            50.4602
          ],
          [
            6.104585,
            50.460228
          ],
          [
            6.104578,
            50.460254
          ],
          [
            6.104577,
            50.460282
          ],
          [
            6.104586,
            50.460321
          ],
          [
            6.104601,
            50.460373
          ],
          [
            6.104623,
            50.460416
          ],
          [
            6.10466,
            50.460465
          ],
          [
            6.104714,
            50.460502
          ],
          [
            6.104902,
            50.460629
          ],
          [
            6.105444,
            50.460984
          ],
          [
            6.105538,
            50.461057
          ],
          [
            6.105571,
            50.461088
          ],
          [
            6.105593,
            50.461126
          ],
          [
            6.105604,
            50.461163
          ],
          [
            6.105605,
            50.461203
          ],
          [
            6.105551,
            50.461344
          ],
          [
            6.105542,
            50.461389
          ],
          [
            6.105544,
            50.461443
          ],
          [
            6.10555,
            50.461487
          ],
          [
            6.105582,
            50.46166
          ],
          [
            6.105613,
            50.461813
          ],
          [
            6.105673,
            50.461966
          ],
          [
            6.105839,
            50.462085
          ],
          [
            6.105788,
            50.462202
          ],
          [
            6.105553,
            50.462864
          ],
          [
            6.105429,
            50.463174
          ],
          [
            6.105072,
            50.464118
          ],
          [
            6.10498,
            50.464347
          ],
          [
            6.104745,
            50.464602
          ],
          [
            6.104097,
            50.46508
          ],
          [
            6.103596,
            50.465526
          ],
          [
            6.10336,
            50.465793
          ],
          [
            6.102493,
            50.46567
          ],
          [
            6.101416,
            50.465628
          ],
          [
            6.101317,
            50.465605
          ],
          [
            6.101056,
            50.465537
          ],
          [
            6.100865,
            50.465469
          ],
          [
            6.100245,
            50.465269
          ],
          [
            6.099886,
            50.465177
          ],
          [
            6.09965,
            50.465145
          ],
          [
            6.09923,
            50.465115
          ],
          [
            6.098927,
            50.465098
          ],
          [
            6.098848,
            50.465095
          ],
          [
            6.09801,
            50.465058
          ],
          [
            6.097628,
            50.465063
          ],
          [
            6.097251,
            50.465101
          ],
          [
            6.096796,
            50.465174
          ],
          [
            6.096477,
            50.465245
          ],
          [
            6.096215,
            50.465324
          ],
          [
            6.096005,
            50.465399
          ],
          [
            6.095761,
            50.465478
          ],
          [
            6.095317,
            50.465631
          ],
          [
            6.095214,
            50.465661
          ],
          [
            6.095109,
            50.465685
          ],
          [
            6.094982,
            50.465704
          ],
          [
            6.094837,
            50.465719
          ],
          [
            6.094676,
            50.46572
          ],
          [
            6.094485,
            50.465715
          ],
          [
            6.093292,
            50.465612
          ],
          [
            6.092616,
            50.465479
          ],
          [
            6.092379,
            50.465461
          ],
          [
            6.092188,
            50.465541
          ],
          [
            6.092099,
            50.465705
          ],
          [
            6.092103,
            50.465827
          ],
          [
            6.092223,
            50.465939
          ],
          [
            6.0924,
            50.46599
          ],
          [
            6.093167,
            50.466075
          ],
          [
            6.09333,
            50.466117
          ],
          [
            6.093564,
            50.466212
          ],
          [
            6.093724,
            50.466325
          ],
          [
            6.093787,
            50.466408
          ],
          [
            6.093794,
            50.466435
          ],
          [
            6.093796,
            50.466532
          ],
          [
            6.093734,
            50.466627
          ],
          [
            6.093632,
            50.466697
          ],
          [
            6.093481,
            50.46674
          ],
          [
            6.093326,
            50.466765
          ],
          [
            6.092316,
            50.466937
          ],
          [
            6.091971,
            50.467074
          ],
          [
            6.091824,
            50.467175
          ],
          [
            6.091759,
            50.467292
          ],
          [
            6.09175,
            50.46739
          ],
          [
            6.091773,
            50.467535
          ],
          [
            6.091816,
            50.467742
          ],
          [
            6.091843,
            50.467852
          ],
          [
            6.09185,
            50.467968
          ],
          [
            6.09184,
            50.468047
          ],
          [
            6.091823,
            50.468089
          ],
          [
            6.091787,
            50.468122
          ],
          [
            6.091751,
            50.468135
          ],
          [
            6.091634,
            50.468155
          ],
          [
            6.091533,
            50.468135
          ],
          [
            6.091275,
            50.467993
          ],
          [
            6.09071,
            50.467454
          ],
          [
            6.090451,
            50.467246
          ],
          [
            6.090159,
            50.467083
          ],
          [
            6.08966,
            50.46671
          ],
          [
            6.089497,
            50.466586
          ],
          [
            6.089321,
            50.466485
          ],
          [
            6.089176,
            50.46643
          ],
          [
            6.089108,
            50.466409
          ],
          [
            6.089054,
            50.466392
          ],
          [
            6.088727,
            50.466303
          ],
          [
            6.088561,
            50.466273
          ],
          [
            6.088438,
            50.466257
          ],
          [
            6.088337,
            50.466257
          ],
          [
            6.088253,
            50.466274
          ],
          [
            6.08817,
            50.466322
          ],
          [
            6.088114,
            50.46637
          ],
          [
            6.088085,
            50.466438
          ],
          [
            6.08808,
            50.466513
          ],
          [
            6.088103,
            50.466594
          ],
          [
            6.088176,
            50.466847
          ],
          [
            6.088103,
            50.467004
          ],
          [
            6.087947,
            50.467102
          ],
          [
            6.087473,
            50.467172
          ],
          [
            6.086792,
            50.467302
          ],
          [
            6.086567,
            50.467355
          ],
          [
            6.086362,
            50.467413
          ],
          [
            6.086249,
            50.467486
          ],
          [
            6.086173,
            50.467571
          ],
          [
            6.086142,
            50.467656
          ],
          [
            6.086129,
            50.467796
          ],
          [
            6.086127,
            50.467838
          ],
          [
            6.086119,
            50.467999
          ],
          [
            6.086097,
            50.468481
          ],
          [
            6.085963,
            50.468726
          ],
          [
            6.085709,
            50.468937
          ],
          [
            6.085106,
            50.46955
          ],
          [
            6.085049,
            50.469608
          ],
          [
            6.085027,
            50.46963
          ],
          [
            6.085002,
            50.469656
          ],
          [
            6.084821,
            50.46984
          ],
          [
            6.084713,
            50.470036
          ],
          [
            6.084581,
            50.470192
          ],
          [
            6.084371,
            50.470325
          ],
          [
            6.084238,
            50.470378
          ],
          [
            6.084163,
            50.470397
          ],
          [
            6.083938,
            50.470429
          ],
          [
            6.083639,
            50.470485
          ],
          [
            6.083189,
            50.470609
          ],
          [
            6.082841,
            50.470729
          ],
          [
            6.082557,
            50.470838
          ],
          [
            6.082411,
            50.470896
          ],
          [
            6.082267,
            50.470976
          ],
          [
            6.082161,
            50.471072
          ],
          [
            6.082078,
            50.471178
          ],
          [
            6.081892,
            50.471504
          ],
          [
            6.081749,
            50.471741
          ],
          [
            6.081679,
            50.471827
          ],
          [
            6.081539,
            50.471882
          ],
          [
            6.08141,
            50.471911
          ],
          [
            6.081267,
            50.471922
          ],
          [
            6.080762,
            50.471914
          ],
          [
            6.080607,
            50.471923
          ],
          [
            6.080428,
            50.471931
          ],
          [
            6.080322,
            50.471928
          ],
          [
            6.080136,
            50.471898
          ],
          [
            6.080055,
            50.471882
          ],
          [
            6.079865,
            50.471827
          ],
          [
            6.079652,
            50.471755
          ],
          [
            6.079447,
            50.47167
          ],
          [
            6.07925,
            50.471555
          ],
          [
            6.079001,
            50.471386
          ],
          [
            6.078754,
            50.471237
          ],
          [
            6.078514,
            50.471112
          ],
          [
            6.078308,
            50.471037
          ],
          [
            6.078055,
            50.470967
          ],
          [
            6.076773,
            50.470637
          ],
          [
            6.076496,
            50.470541
          ],
          [
            6.07602,
            50.470376
          ],
          [
            6.075573,
            50.470221
          ],
          [
            6.075432,
            50.470172
          ],
          [
            6.074877,
            50.469981
          ],
          [
            6.072838,
            50.469278
          ],
          [
            6.072573,
            50.469132
          ],
          [
            6.072334,
            50.468946
          ],
          [
            6.072012,
            50.468655
          ],
          [
            6.071901,
            50.468515
          ],
          [
            6.071816,
            50.46836
          ],
          [
            6.071719,
            50.468054
          ],
          [
            6.071529,
            50.467435
          ],
          [
            6.071431,
            50.467132
          ],
          [
            6.071304,
            50.466965
          ],
          [
            6.07111,
            50.466869
          ],
          [
            6.070957,
            50.466813
          ],
          [
            6.070759,
            50.466803
          ],
          [
            6.070522,
            50.46682
          ],
          [
            6.070257,
            50.466865
          ],
          [
            6.070099,
            50.466919
          ],
          [
            6.069978,
            50.46701
          ],
          [
            6.069902,
            50.46714
          ],
          [
            6.069864,
            50.467332
          ],
          [
            6.069785,
            50.467496
          ],
          [
            6.069626,
            50.467605
          ],
          [
            6.069499,
            50.467638
          ],
          [
            6.069379,
            50.467649
          ],
          [
            6.069089,
            50.467628
          ],
          [
            6.068639,
            50.467584
          ],
          [
            6.068295,
            50.467547
          ],
          [
            6.068051,
            50.467501
          ],
          [
            6.067926,
            50.467456
          ],
          [
            6.067818,
            50.4674
          ],
          [
            6.067692,
            50.467274
          ],
          [
            6.067639,
            50.467087
          ],
          [
            6.067718,
            50.466935
          ],
          [
            6.067953,
            50.46668
          ],
          [
            6.068371,
            50.466498
          ],
          [
            6.068702,
            50.466335
          ],
          [
            6.068939,
            50.466081
          ],
          [
            6.069138,
            50.465724
          ],
          [
            6.069408,
            50.465366
          ],
          [
            6.069504,
            50.465206
          ],
          [
            6.069464,
            50.465023
          ],
          [
            6.069327,
            50.4648
          ],
          [
            6.069276,
            50.464715
          ],
          [
            6.069243,
            50.464594
          ],
          [
            6.069241,
            50.464512
          ],
          [
            6.069235,
            50.464435
          ],
          [
            6.069227,
            50.46439
          ],
          [
            6.069185,
            50.464239
          ],
          [
            6.068947,
            50.463993
          ],
          [
            6.068715,
            50.463808
          ],
          [
            6.068555,
            50.46367
          ],
          [
            6.068381,
            50.463547
          ],
          [
            6.067994,
            50.463351
          ],
          [
            6.06714,
            50.462942
          ],
          [
            6.067472,
            50.462719
          ],
          [
            6.068045,
            50.46237
          ],
          [
            6.068172,
            50.462279
          ],
          [
            6.068286,
            50.462189
          ],
          [
            6.06852,
            50.461845
          ],
          [
            6.068623,
            50.461694
          ],
          [
            6.069184,
            50.4608
          ],
          [
            6.069101,
            50.460751
          ],
          [
            6.069024,
            50.46069
          ],
          [
            6.068954,
            50.460602
          ],
          [
            6.068886,
            50.460477
          ],
          [
            6.068737,
            50.460204
          ],
          [
            6.068674,
            50.45995
          ],
          [
            6.068664,
            50.459844
          ],
          [
            6.068661,
            50.459656
          ],
          [
            6.068668,
            50.459594
          ],
          [
            6.068691,
            50.4594
          ],
          [
            6.068714,
            50.459255
          ],
          [
            6.068733,
            50.459153
          ],
          [
            6.068748,
            50.459003
          ],
          [
            6.068754,
            50.458837
          ],
          [
            6.068752,
            50.458681
          ],
          [
            6.068774,
            50.458551
          ],
          [
            6.068636,
            50.458375
          ],
          [
            6.068403,
            50.45804
          ],
          [
            6.068359,
            50.457951
          ],
          [
            6.068043,
            50.457993
          ],
          [
            6.066906,
            50.458168
          ],
          [
            6.066767,
            50.458176
          ],
          [
            6.066415,
            50.45819
          ],
          [
            6.06567,
            50.45819
          ],
          [
            6.065088,
            50.458213
          ],
          [
            6.064838,
            50.45822
          ],
          [
            6.06458,
            50.458188
          ],
          [
            6.064476,
            50.458167
          ],
          [
            6.063388,
            50.457967
          ],
          [
            6.062717,
            50.45784
          ],
          [
            6.062377,
            50.457761
          ],
          [
            6.061639,
            50.457594
          ],
          [
            6.061204,
            50.457496
          ],
          [
            6.061063,
            50.457468
          ],
          [
            6.059138,
            50.456786
          ],
          [
            6.057136,
            50.455987
          ],
          [
            6.056631,
            50.455795
          ],
          [
            6.056406,
            50.455632
          ],
          [
            6.056235,
            50.455458
          ],
          [
            6.055989,
            50.455262
          ],
          [
            6.055586,
            50.455017
          ],
          [
            6.055177,
            50.454787
          ],
          [
            6.055003,
            50.454656
          ],
          [
            6.054954,
            50.45462
          ],
          [
            6.054791,
            50.454497
          ],
          [
            6.054638,
            50.454327
          ],
          [
            6.054562,
            50.454192
          ],
          [
            6.054516,
            50.454034
          ],
          [
            6.054522,
            50.453925
          ],
          [
            6.054551,
            50.453814
          ],
          [
            6.054615,
            50.453712
          ],
          [
            6.054707,
            50.453609
          ],
          [
            6.054802,
            50.453529
          ],
          [
            6.054875,
            50.453481
          ],
          [
            6.055126,
            50.453373
          ],
          [
            6.055181,
            50.453302
          ],
          [
            6.055569,
            50.453269
          ],
          [
            6.055853,
            50.453229
          ],
          [
            6.056024,
            50.45319
          ],
          [
            6.056146,
            50.453146
          ],
          [
            6.056217,
            50.453116
          ],
          [
            6.056375,
            50.453019
          ],
          [
            6.05655,
            50.452892
          ],
          [
            6.056818,
            50.452643
          ],
          [
            6.05715,
            50.452386
          ],
          [
            6.057523,
            50.452115
          ],
          [
            6.057734,
            50.451952
          ],
          [
            6.057831,
            50.451861
          ],
          [
            6.057894,
            50.451756
          ],
          [
            6.05793,
            50.451657
          ],
          [
            6.057913,
            50.451491
          ],
          [
            6.057867,
            50.451362
          ],
          [
            6.057803,
            50.451248
          ],
          [
            6.057684,
            50.451138
          ],
          [
            6.057525,
            50.45105
          ],
          [
            6.057047,
            50.450859
          ],
          [
            6.056887,
            50.450795
          ],
          [
            6.056737,
            50.450709
          ],
          [
            6.056674,
            50.45065
          ],
          [
            6.056571,
            50.450535
          ],
          [
            6.056526,
            50.450482
          ],
          [
            6.056477,
            50.450417
          ],
          [
            6.056397,
            50.45028
          ],
          [
            6.056292,
            50.450101
          ],
          [
            6.056106,
            50.449868
          ],
          [
            6.055873,
            50.449731
          ],
          [
            6.055589,
            50.449647
          ],
          [
            6.055027,
            50.449559
          ],
          [
            6.054577,
            50.449465
          ],
          [
            6.054294,
            50.449445
          ],
          [
            6.054092,
            50.449495
          ],
          [
            6.053813,
            50.449633
          ],
          [
            6.053601,
            50.449701
          ],
          [
            6.053349,
            50.44971
          ],
          [
            6.052965,
            50.449702
          ],
          [
            6.052635,
            50.449747
          ],
          [
            6.05234,
            50.449865
          ],
          [
            6.052151,
            50.449992
          ],
          [
            6.052083,
            50.450177
          ],
          [
            6.052045,
            50.450528
          ],
          [
            6.052029,
            50.450584
          ],
          [
            6.052001,
            50.450636
          ],
          [
            6.051942,
            50.45071
          ],
          [
            6.051905,
            50.450729
          ],
          [
            6.051866,
            50.450745
          ],
          [
            6.051784,
            50.450772
          ],
          [
            6.05172,
            50.450785
          ],
          [
            6.051636,
            50.45078
          ],
          [
            6.051186,
            50.450612
          ],
          [
            6.051037,
            50.450535
          ],
          [
            6.050752,
            50.450226
          ],
          [
            6.050615,
            50.45008
          ],
          [
            6.050566,
            50.449916
          ],
          [
            6.050371,
            50.449411
          ],
          [
            6.050294,
            50.449154
          ],
          [
            6.050229,
            50.448911
          ],
          [
            6.049923,
            50.448237
          ],
          [
            6.049841,
            50.44809
          ],
          [
            6.049702,
            50.447946
          ],
          [
            6.049513,
            50.447788
          ],
          [
            6.048969,
            50.447376
          ],
          [
            6.048752,
            50.447187
          ],
          [
            6.048229,
            50.446631
          ],
          [
            6.048105,
            50.446478
          ],
          [
            6.048048,
            50.446353
          ],
          [
            6.048058,
            50.446253
          ],
          [
            6.048113,
            50.446112
          ],
          [
            6.048228,
            50.445959
          ],
          [
            6.048638,
            50.445502
          ],
          [
            6.048753,
            50.445346
          ],
          [
            6.048743,
            50.445264
          ],
          [
            6.048702,
            50.445204
          ],
          [
            6.048611,
            50.445139
          ],
          [
            6.048463,
            50.445113
          ],
          [
            6.048294,
            50.445135
          ],
          [
            6.048142,
            50.445221
          ],
          [
            6.048036,
            50.445339
          ],
          [
            6.047809,
            50.4457
          ],
          [
            6.04751,
            50.446292
          ],
          [
            6.047379,
            50.44652
          ],
          [
            6.047162,
            50.446747
          ],
          [
            6.046801,
            50.447078
          ],
          [
            6.046424,
            50.447748
          ],
          [
            6.046334,
            50.447822
          ],
          [
            6.046234,
            50.447845
          ],
          [
            6.046123,
            50.447845
          ],
          [
            6.046028,
            50.447814
          ],
          [
            6.045928,
            50.447748
          ],
          [
            6.045429,
            50.447345
          ],
          [
            6.045256,
            50.44725
          ],
          [
            6.045155,
            50.447232
          ],
          [
            6.045008,
            50.447225
          ],
          [
            6.044851,
            50.447259
          ],
          [
            6.044704,
            50.447328
          ],
          [
            6.044256,
            50.44764
          ],
          [
            6.044141,
            50.447698
          ],
          [
            6.044054,
            50.447718
          ],
          [
            6.043935,
            50.447712
          ],
          [
            6.043784,
            50.447696
          ],
          [
            6.043598,
            50.447679
          ],
          [
            6.043323,
            50.44768
          ],
          [
            6.043137,
            50.447696
          ],
          [
            6.042946,
            50.447725
          ],
          [
            6.04273,
            50.447792
          ],
          [
            6.042575,
            50.447858
          ],
          [
            6.042376,
            50.447982
          ],
          [
            6.042028,
            50.448249
          ],
          [
            6.041805,
            50.448403
          ],
          [
            6.041677,
            50.448476
          ],
          [
            6.0415,
            50.448511
          ],
          [
            6.041423,
            50.448509
          ],
          [
            6.041281,
            50.448485
          ],
          [
            6.041184,
            50.44846
          ],
          [
            6.041089,
            50.448432
          ],
          [
            6.041052,
            50.44841
          ],
          [
            6.04103,
            50.448383
          ],
          [
            6.041016,
            50.448367
          ],
          [
            6.040986,
            50.448322
          ],
          [
            6.040992,
            50.448251
          ],
          [
            6.041105,
            50.448088
          ],
          [
            6.041241,
            50.447969
          ],
          [
            6.04168,
            50.44771
          ],
          [
            6.041919,
            50.447548
          ],
          [
            6.042199,
            50.447332
          ],
          [
            6.042404,
            50.447139
          ],
          [
            6.042571,
            50.446951
          ],
          [
            6.042709,
            50.446819
          ],
          [
            6.042902,
            50.446696
          ],
          [
            6.043126,
            50.446619
          ],
          [
            6.043429,
            50.446546
          ],
          [
            6.043555,
            50.446493
          ],
          [
            6.043673,
            50.446416
          ],
          [
            6.043752,
            50.446322
          ],
          [
            6.043806,
            50.446204
          ],
          [
            6.04386,
            50.446009
          ],
          [
            6.043882,
            50.445779
          ],
          [
            6.043881,
            50.445621
          ],
          [
            6.04384,
            50.445392
          ],
          [
            6.043805,
            50.445203
          ],
          [
            6.043828,
            50.444975
          ],
          [
            6.043941,
            50.444552
          ],
          [
            6.044034,
            50.444117
          ],
          [
            6.044083,
            50.44397
          ],
          [
            6.044241,
            50.443643
          ],
          [
            6.044273,
            50.443539
          ],
          [
            6.044258,
            50.443405
          ],
          [
            6.044195,
            50.443304
          ],
          [
            6.044134,
            50.44322
          ],
          [
            6.043618,
            50.442971
          ],
          [
            6.04272,
            50.442638
          ],
          [
            6.042425,
            50.442572
          ],
          [
            6.042189,
            50.442519
          ],
          [
            6.041585,
            50.442413
          ],
          [
            6.040624,
            50.442151
          ],
          [
            6.040409,
            50.442089
          ],
          [
            6.040247,
            50.442024
          ],
          [
            6.040082,
            50.441928
          ],
          [
            6.039982,
            50.441845
          ],
          [
            6.039771,
            50.441627
          ],
          [
            6.039662,
            50.441531
          ],
          [
            6.039491,
            50.441463
          ],
          [
            6.039013,
            50.441359
          ],
          [
            6.038941,
            50.441659
          ],
          [
            6.038884,
            50.441717
          ],
          [
            6.038815,
            50.441748
          ],
          [
            6.038438,
            50.441848
          ],
          [
            6.038316,
            50.441881
          ],
          [
            6.038046,
            50.442155
          ],
          [
            6.037965,
            50.442299
          ],
          [
            6.037972,
            50.442342
          ],
          [
            6.038196,
            50.442704
          ],
          [
            6.03821,
            50.442871
          ],
          [
            6.038006,
            50.44346
          ],
          [
            6.037367,
            50.444213
          ],
          [
            6.037293,
            50.444408
          ],
          [
            6.037359,
            50.444778
          ],
          [
            6.037401,
            50.445013
          ],
          [
            6.037382,
            50.445092
          ],
          [
            6.037323,
            50.445171
          ],
          [
            6.037215,
            50.44523
          ],
          [
            6.037034,
            50.445267
          ],
          [
            6.03679,
            50.445302
          ],
          [
            6.036018,
            50.445293
          ],
          [
            6.035747,
            50.445357
          ],
          [
            6.035572,
            50.445398
          ],
          [
            6.035033,
            50.445551
          ],
          [
            6.034847,
            50.445647
          ],
          [
            6.034634,
            50.445799
          ],
          [
            6.034437,
            50.445977
          ],
          [
            6.034324,
            50.446076
          ],
          [
            6.034097,
            50.446223
          ],
          [
            6.034015,
            50.446254
          ],
          [
            6.033894,
            50.446277
          ],
          [
            6.033851,
            50.446286
          ],
          [
            6.033633,
            50.446309
          ],
          [
            6.033463,
            50.446327
          ],
          [
            6.033331,
            50.446334
          ],
          [
            6.033202,
            50.446337
          ],
          [
            6.033087,
            50.446338
          ],
          [
            6.03295,
            50.44634
          ],
          [
            6.032829,
            50.446345
          ],
          [
            6.032349,
            50.44637
          ],
          [
            6.03206,
            50.446391
          ],
          [
            6.031881,
            50.446412
          ],
          [
            6.031254,
            50.446469
          ],
          [
            6.030856,
            50.446512
          ],
          [
            6.030447,
            50.446577
          ],
          [
            6.030158,
            50.446587
          ],
          [
            6.029744,
            50.446566
          ],
          [
            6.029317,
            50.446532
          ],
          [
            6.028831,
            50.446471
          ],
          [
            6.028571,
            50.446462
          ],
          [
            6.028352,
            50.446469
          ],
          [
            6.028235,
            50.446485
          ],
          [
            6.027431,
            50.446615
          ],
          [
            6.027294,
            50.446629
          ],
          [
            6.027131,
            50.446638
          ],
          [
            6.026857,
            50.44653
          ],
          [
            6.026169,
            50.446103
          ],
          [
            6.025375,
            50.44561
          ],
          [
            6.024773,
            50.445238
          ],
          [
            6.024126,
            50.444868
          ],
          [
            6.023795,
            50.444678
          ],
          [
            6.023168,
            50.444362
          ],
          [
            6.023055,
            50.444319
          ],
          [
            6.022425,
            50.444086
          ],
          [
            6.02169,
            50.443857
          ],
          [
            6.020906,
            50.4436
          ],
          [
            6.020217,
            50.443441
          ],
          [
            6.019731,
            50.443278
          ],
          [
            6.019337,
            50.443005
          ],
          [
            6.018687,
            50.442523
          ],
          [
            6.018457,
            50.442273
          ],
          [
            6.017885,
            50.44165
          ],
          [
            6.017426,
            50.44115
          ],
          [
            6.016213,
            50.439817
          ],
          [
            6.015946,
            50.439544
          ],
          [
            6.0158,
            50.43941
          ],
          [
            6.015585,
            50.439291
          ],
          [
            6.015348,
            50.439162
          ],
          [
            6.01517,
            50.439019
          ],
          [
            6.015006,
            50.438692
          ],
          [
            6.014938,
            50.438544
          ],
          [
            6.014673,
            50.438006
          ],
          [
            6.01439,
            50.437472
          ],
          [
            6.014312,
            50.437441
          ],
          [
            6.014261,
            50.437414
          ],
          [
            6.014161,
            50.43737
          ],
          [
            6.013565,
            50.437249
          ],
          [
            6.012827,
            50.437101
          ],
          [
            6.012374,
            50.436971
          ],
          [
            6.012115,
            50.436802
          ],
          [
            6.011833,
            50.436654
          ],
          [
            6.011117,
            50.436152
          ],
          [
            6.01035,
            50.435668
          ],
          [
            6.010111,
            50.435481
          ],
          [
            6.009754,
            50.435365
          ],
          [
            6.009582,
            50.435335
          ],
          [
            6.009064,
            50.435291
          ],
          [
            6.008341,
            50.435224
          ],
          [
            6.007986,
            50.435196
          ],
          [
            6.007527,
            50.435155
          ],
          [
            6.007195,
            50.435126
          ],
          [
            6.007173,
            50.435124
          ],
          [
            6.006768,
            50.43508
          ],
          [
            6.006261,
            50.435008
          ],
          [
            6.005755,
            50.434907
          ],
          [
            6.004689,
            50.434615
          ],
          [
            6.002913,
            50.433819
          ],
          [
            6.000312,
            50.432551
          ],
          [
            5.998914,
            50.431649
          ],
          [
            5.998675,
            50.431444
          ],
          [
            5.997967,
            50.430674
          ],
          [
            5.997254,
            50.429896
          ],
          [
            5.99709,
            50.429747
          ],
          [
            5.997017,
            50.429594
          ],
          [
            5.997018,
            50.429571
          ],
          [
            5.997037,
            50.429388
          ],
          [
            5.997063,
            50.429125
          ],
          [
            5.997048,
            50.428966
          ],
          [
            5.996995,
            50.42884
          ],
          [
            5.99688,
            50.428636
          ],
          [
            5.996765,
            50.428485
          ],
          [
            5.996436,
            50.428243
          ],
          [
            5.996412,
            50.428202
          ],
          [
            5.996182,
            50.428217
          ],
          [
            5.995647,
            50.428242
          ],
          [
            5.993412,
            50.428359
          ],
          [
            5.991885,
            50.428434
          ],
          [
            5.990348,
            50.428515
          ],
          [
            5.989833,
            50.428528
          ],
          [
            5.989521,
            50.428525
          ],
          [
            5.989213,
            50.428511
          ],
          [
            5.989069,
            50.428501
          ],
          [
            5.988636,
            50.428458
          ],
          [
            5.988291,
            50.428419
          ],
          [
            5.988175,
            50.428396
          ],
          [
            5.987338,
            50.428234
          ],
          [
            5.986268,
            50.428
          ],
          [
            5.986143,
            50.427973
          ],
          [
            5.986015,
            50.427949
          ],
          [
            5.98588,
            50.427927
          ],
          [
            5.985741,
            50.427913
          ],
          [
            5.985555,
            50.427895
          ],
          [
            5.985353,
            50.427885
          ],
          [
            5.985077,
            50.427879
          ],
          [
            5.984813,
            50.427892
          ],
          [
            5.984044,
            50.427951
          ],
          [
            5.983452,
            50.427998
          ],
          [
            5.982904,
            50.428043
          ],
          [
            5.982633,
            50.428065
          ],
          [
            5.98255,
            50.428076
          ],
          [
            5.982468,
            50.428089
          ],
          [
            5.982371,
            50.428111
          ],
          [
            5.982284,
            50.428135
          ],
          [
            5.9822,
            50.428161
          ],
          [
            5.982095,
            50.428201
          ],
          [
            5.982062,
            50.428173
          ],
          [
            5.98198,
            50.428129
          ],
          [
            5.981938,
            50.428122
          ],
          [
            5.981832,
            50.428126
          ],
          [
            5.981803,
            50.428127
          ],
          [
            5.981493,
            50.428151
          ],
          [
            5.981182,
            50.428177
          ],
          [
            5.980805,
            50.428206
          ],
          [
            5.980377,
            50.428239
          ],
          [
            5.979799,
            50.428285
          ],
          [
            5.979039,
            50.428346
          ],
          [
            5.97885,
            50.428366
          ],
          [
            5.978604,
            50.428407
          ],
          [
            5.978503,
            50.428432
          ],
          [
            5.978398,
            50.428461
          ],
          [
            5.978264,
            50.428514
          ],
          [
            5.97815,
            50.428566
          ],
          [
            5.97801,
            50.428641
          ],
          [
            5.977898,
            50.42872
          ],
          [
            5.97779,
            50.428806
          ],
          [
            5.97772,
            50.428881
          ],
          [
            5.977653,
            50.428958
          ],
          [
            5.977601,
            50.429024
          ],
          [
            5.977541,
            50.429127
          ],
          [
            5.977516,
            50.429186
          ],
          [
            5.97749,
            50.429259
          ],
          [
            5.977466,
            50.42935
          ]
        ]
      },
      "properties": {
        "id": "spa-route-high-fens",
        "name": "Высокие Фены и замок Рейнхардштайн",
        "distanceM": 44582,
        "routeType": "tourist_full_day",
        "travelMode": "car",
        "featureType": "route",
        "reviewStatus": "candidate",
        "durationMinutes": 55
      }
    },
    {
      "type": "Feature",
      "geometry": {
        "type": "LineString",
        "coordinates": [
          [
            5.567043,
            50.625331
          ],
          [
            5.566906,
            50.625332
          ],
          [
            5.566844,
            50.62534
          ],
          [
            5.56677,
            50.625359
          ],
          [
            5.566672,
            50.625405
          ],
          [
            5.566456,
            50.625561
          ],
          [
            5.566252,
            50.625721
          ],
          [
            5.566103,
            50.625837
          ],
          [
            5.565988,
            50.62598
          ],
          [
            5.565929,
            50.626045
          ],
          [
            5.565968,
            50.626065
          ],
          [
            5.565995,
            50.626091
          ],
          [
            5.56601,
            50.626121
          ],
          [
            5.56601,
            50.626152
          ],
          [
            5.565995,
            50.626182
          ],
          [
            5.565967,
            50.626208
          ],
          [
            5.566034,
            50.626245
          ],
          [
            5.566104,
            50.626284
          ],
          [
            5.566429,
            50.626795
          ],
          [
            5.566672,
            50.627175
          ],
          [
            5.56674,
            50.627283
          ],
          [
            5.566815,
            50.627399
          ],
          [
            5.56692,
            50.627565
          ],
          [
            5.567652,
            50.628713
          ],
          [
            5.567705,
            50.628796
          ],
          [
            5.567737,
            50.628846
          ],
          [
            5.56796,
            50.629197
          ],
          [
            5.56834,
            50.629771
          ],
          [
            5.568519,
            50.630056
          ],
          [
            5.568592,
            50.630155
          ],
          [
            5.568691,
            50.630194
          ],
          [
            5.568726,
            50.63021
          ],
          [
            5.568768,
            50.630228
          ],
          [
            5.568947,
            50.630318
          ],
          [
            5.569001,
            50.63035
          ],
          [
            5.569041,
            50.630387
          ],
          [
            5.569054,
            50.63042
          ],
          [
            5.569058,
            50.630448
          ],
          [
            5.569042,
            50.630494
          ],
          [
            5.569026,
            50.630514
          ],
          [
            5.569008,
            50.63055
          ],
          [
            5.568995,
            50.630589
          ],
          [
            5.568988,
            50.630624
          ],
          [
            5.568988,
            50.630664
          ],
          [
            5.568988,
            50.630703
          ],
          [
            5.569049,
            50.630897
          ],
          [
            5.569139,
            50.63103
          ],
          [
            5.569376,
            50.631445
          ],
          [
            5.569494,
            50.631714
          ],
          [
            5.569533,
            50.631832
          ],
          [
            5.569602,
            50.632021
          ],
          [
            5.569665,
            50.632222
          ],
          [
            5.5697,
            50.632381
          ],
          [
            5.569722,
            50.632578
          ],
          [
            5.569734,
            50.632795
          ],
          [
            5.569736,
            50.632832
          ],
          [
            5.569765,
            50.633073
          ],
          [
            5.569747,
            50.633418
          ],
          [
            5.569716,
            50.633644
          ],
          [
            5.569707,
            50.633733
          ],
          [
            5.56969,
            50.633827
          ],
          [
            5.569649,
            50.634007
          ],
          [
            5.56961,
            50.634169
          ],
          [
            5.56955,
            50.634338
          ],
          [
            5.569518,
            50.634426
          ],
          [
            5.569447,
            50.634605
          ],
          [
            5.569346,
            50.634841
          ],
          [
            5.569227,
            50.635106
          ],
          [
            5.569205,
            50.635159
          ],
          [
            5.569171,
            50.635241
          ],
          [
            5.569278,
            50.635259
          ],
          [
            5.570164,
            50.635426
          ],
          [
            5.570238,
            50.63544
          ],
          [
            5.570867,
            50.635559
          ],
          [
            5.571321,
            50.635645
          ],
          [
            5.571601,
            50.635698
          ],
          [
            5.57222,
            50.635815
          ],
          [
            5.5723,
            50.635832
          ],
          [
            5.572397,
            50.635855
          ],
          [
            5.572697,
            50.635914
          ],
          [
            5.572798,
            50.635931
          ],
          [
            5.572839,
            50.635934
          ],
          [
            5.572869,
            50.63593
          ],
          [
            5.572931,
            50.635914
          ],
          [
            5.57306,
            50.635881
          ],
          [
            5.573084,
            50.635914
          ],
          [
            5.573109,
            50.635943
          ],
          [
            5.573141,
            50.635978
          ],
          [
            5.573192,
            50.636028
          ],
          [
            5.573257,
            50.636089
          ],
          [
            5.57334,
            50.636159
          ],
          [
            5.573412,
            50.636214
          ],
          [
            5.573466,
            50.636249
          ],
          [
            5.57359,
            50.636329
          ],
          [
            5.573656,
            50.636368
          ],
          [
            5.573721,
            50.636402
          ],
          [
            5.573792,
            50.636437
          ],
          [
            5.573863,
            50.636469
          ],
          [
            5.574004,
            50.636526
          ],
          [
            5.57417,
            50.636586
          ],
          [
            5.574466,
            50.63669
          ],
          [
            5.57456,
            50.636726
          ],
          [
            5.574622,
            50.636748
          ],
          [
            5.57471,
            50.636792
          ],
          [
            5.574798,
            50.636854
          ],
          [
            5.574849,
            50.6369
          ],
          [
            5.574893,
            50.636945
          ],
          [
            5.574938,
            50.636998
          ],
          [
            5.574989,
            50.637064
          ],
          [
            5.575033,
            50.63712
          ],
          [
            5.57507,
            50.637162
          ],
          [
            5.575094,
            50.637168
          ],
          [
            5.575133,
            50.637182
          ],
          [
            5.575163,
            50.637199
          ],
          [
            5.575188,
            50.637219
          ],
          [
            5.575208,
            50.637241
          ],
          [
            5.57522,
            50.637265
          ],
          [
            5.575227,
            50.637291
          ],
          [
            5.575238,
            50.63735
          ],
          [
            5.575245,
            50.637383
          ],
          [
            5.575252,
            50.63742
          ],
          [
            5.575272,
            50.637456
          ],
          [
            5.575297,
            50.637486
          ],
          [
            5.575385,
            50.637572
          ],
          [
            5.57545,
            50.637682
          ],
          [
            5.575481,
            50.637715
          ],
          [
            5.575507,
            50.637752
          ],
          [
            5.575553,
            50.637811
          ],
          [
            5.575655,
            50.637963
          ],
          [
            5.575798,
            50.638178
          ],
          [
            5.575972,
            50.63844
          ],
          [
            5.576148,
            50.638703
          ],
          [
            5.576273,
            50.63889
          ],
          [
            5.576323,
            50.638947
          ],
          [
            5.576384,
            50.639032
          ],
          [
            5.576448,
            50.63913
          ],
          [
            5.576496,
            50.639215
          ],
          [
            5.576549,
            50.639318
          ],
          [
            5.576592,
            50.639409
          ],
          [
            5.576629,
            50.639488
          ],
          [
            5.576653,
            50.639545
          ],
          [
            5.576691,
            50.63964
          ],
          [
            5.576737,
            50.639769
          ],
          [
            5.576917,
            50.640374
          ],
          [
            5.576971,
            50.640552
          ],
          [
            5.577005,
            50.640666
          ],
          [
            5.577025,
            50.640733
          ],
          [
            5.577051,
            50.64082
          ],
          [
            5.577066,
            50.640866
          ],
          [
            5.577085,
            50.640926
          ],
          [
            5.577099,
            50.641005
          ],
          [
            5.577107,
            50.641082
          ],
          [
            5.577114,
            50.641122
          ],
          [
            5.577124,
            50.641177
          ],
          [
            5.577133,
            50.641227
          ],
          [
            5.577139,
            50.641277
          ],
          [
            5.577156,
            50.64139
          ],
          [
            5.577189,
            50.641502
          ],
          [
            5.577232,
            50.641667
          ],
          [
            5.57735,
            50.642174
          ],
          [
            5.577383,
            50.642309
          ],
          [
            5.577417,
            50.642435
          ],
          [
            5.577446,
            50.642524
          ],
          [
            5.577492,
            50.642654
          ],
          [
            5.577547,
            50.642794
          ],
          [
            5.577578,
            50.642883
          ],
          [
            5.577622,
            50.642981
          ],
          [
            5.577714,
            50.643168
          ],
          [
            5.577728,
            50.643197
          ],
          [
            5.57778,
            50.6433
          ],
          [
            5.577825,
            50.643389
          ],
          [
            5.577856,
            50.643453
          ],
          [
            5.577893,
            50.643524
          ],
          [
            5.577955,
            50.64363
          ],
          [
            5.578012,
            50.643715
          ],
          [
            5.578065,
            50.643788
          ],
          [
            5.57813,
            50.643876
          ],
          [
            5.578185,
            50.643951
          ],
          [
            5.578254,
            50.644044
          ],
          [
            5.578304,
            50.644112
          ],
          [
            5.578415,
            50.644217
          ],
          [
            5.57852,
            50.644321
          ],
          [
            5.578597,
            50.644411
          ],
          [
            5.578677,
            50.644515
          ],
          [
            5.578719,
            50.644561
          ],
          [
            5.57876,
            50.644598
          ],
          [
            5.578815,
            50.644634
          ],
          [
            5.578855,
            50.644645
          ],
          [
            5.578889,
            50.644663
          ],
          [
            5.578914,
            50.644685
          ],
          [
            5.578928,
            50.644711
          ],
          [
            5.578931,
            50.644739
          ],
          [
            5.578951,
            50.644766
          ],
          [
            5.578974,
            50.6448
          ],
          [
            5.579004,
            50.644838
          ],
          [
            5.579048,
            50.644876
          ],
          [
            5.579063,
            50.644901
          ],
          [
            5.579117,
            50.644931
          ],
          [
            5.579161,
            50.644955
          ],
          [
            5.579372,
            50.645073
          ],
          [
            5.579424,
            50.645104
          ],
          [
            5.579515,
            50.645153
          ],
          [
            5.579601,
            50.645203
          ],
          [
            5.580077,
            50.645467
          ],
          [
            5.580134,
            50.645497
          ],
          [
            5.580192,
            50.645528
          ],
          [
            5.580332,
            50.645598
          ],
          [
            5.580449,
            50.645645
          ],
          [
            5.580529,
            50.645676
          ],
          [
            5.58059,
            50.6457
          ],
          [
            5.581214,
            50.645958
          ],
          [
            5.581767,
            50.646186
          ],
          [
            5.582025,
            50.646264
          ],
          [
            5.582193,
            50.646323
          ],
          [
            5.582252,
            50.646338
          ],
          [
            5.582296,
            50.646334
          ],
          [
            5.58234,
            50.646339
          ],
          [
            5.582379,
            50.646353
          ],
          [
            5.582407,
            50.646373
          ],
          [
            5.582488,
            50.646397
          ],
          [
            5.582607,
            50.646424
          ],
          [
            5.582734,
            50.646458
          ],
          [
            5.583344,
            50.646564
          ],
          [
            5.583974,
            50.646667
          ],
          [
            5.584605,
            50.646786
          ],
          [
            5.58473,
            50.646809
          ],
          [
            5.58479,
            50.64682
          ],
          [
            5.584853,
            50.64683
          ],
          [
            5.58502,
            50.646854
          ],
          [
            5.585163,
            50.64687
          ],
          [
            5.585226,
            50.646879
          ],
          [
            5.585541,
            50.646923
          ],
          [
            5.585902,
            50.646971
          ],
          [
            5.585965,
            50.646978
          ],
          [
            5.586033,
            50.646987
          ],
          [
            5.586192,
            50.647007
          ],
          [
            5.58627,
            50.647018
          ],
          [
            5.586413,
            50.647037
          ],
          [
            5.586579,
            50.647057
          ],
          [
            5.586798,
            50.647087
          ],
          [
            5.586861,
            50.647099
          ],
          [
            5.587609,
            50.647243
          ],
          [
            5.588396,
            50.647398
          ],
          [
            5.589338,
            50.647584
          ],
          [
            5.589705,
            50.647656
          ],
          [
            5.590622,
            50.647835
          ],
          [
            5.590711,
            50.647853
          ],
          [
            5.590934,
            50.647906
          ],
          [
            5.59138,
            50.648029
          ],
          [
            5.591437,
            50.648043
          ],
          [
            5.591533,
            50.648066
          ],
          [
            5.591633,
            50.64809
          ],
          [
            5.59167,
            50.648099
          ],
          [
            5.591728,
            50.648113
          ],
          [
            5.591912,
            50.648161
          ],
          [
            5.592158,
            50.648217
          ],
          [
            5.593261,
            50.648441
          ],
          [
            5.593319,
            50.648453
          ],
          [
            5.593351,
            50.648458
          ],
          [
            5.593512,
            50.648493
          ],
          [
            5.593672,
            50.648527
          ],
          [
            5.593736,
            50.648538
          ],
          [
            5.594747,
            50.648745
          ],
          [
            5.594805,
            50.648757
          ],
          [
            5.594837,
            50.648764
          ],
          [
            5.594974,
            50.648792
          ],
          [
            5.595117,
            50.64882
          ],
          [
            5.595145,
            50.648826
          ],
          [
            5.595207,
            50.648839
          ],
          [
            5.596396,
            50.649082
          ],
          [
            5.596472,
            50.649098
          ],
          [
            5.596504,
            50.649103
          ],
          [
            5.596668,
            50.649135
          ],
          [
            5.596795,
            50.649161
          ],
          [
            5.596826,
            50.649167
          ],
          [
            5.596886,
            50.649181
          ],
          [
            5.597038,
            50.649211
          ],
          [
            5.597485,
            50.649305
          ],
          [
            5.597839,
            50.649376
          ],
          [
            5.597883,
            50.649385
          ],
          [
            5.597941,
            50.649396
          ],
          [
            5.597977,
            50.649404
          ],
          [
            5.598112,
            50.649395
          ],
          [
            5.598179,
            50.649396
          ],
          [
            5.598221,
            50.649394
          ],
          [
            5.598276,
            50.649389
          ],
          [
            5.598299,
            50.649386
          ],
          [
            5.598329,
            50.649378
          ],
          [
            5.59836,
            50.649364
          ],
          [
            5.598382,
            50.649358
          ],
          [
            5.598429,
            50.649346
          ],
          [
            5.598534,
            50.649343
          ],
          [
            5.598689,
            50.649376
          ],
          [
            5.598806,
            50.649405
          ],
          [
            5.598884,
            50.649428
          ],
          [
            5.599044,
            50.649479
          ],
          [
            5.599262,
            50.649553
          ],
          [
            5.59957,
            50.64965
          ],
          [
            5.599701,
            50.649695
          ],
          [
            5.599793,
            50.649728
          ],
          [
            5.599908,
            50.649774
          ],
          [
            5.600029,
            50.649832
          ],
          [
            5.600173,
            50.64991
          ],
          [
            5.600609,
            50.650155
          ],
          [
            5.60075,
            50.650225
          ],
          [
            5.600807,
            50.650249
          ],
          [
            5.600843,
            50.650262
          ],
          [
            5.600901,
            50.650275
          ],
          [
            5.600976,
            50.650285
          ],
          [
            5.601036,
            50.650285
          ],
          [
            5.601085,
            50.65028
          ],
          [
            5.601125,
            50.650271
          ],
          [
            5.601167,
            50.65026
          ],
          [
            5.601219,
            50.650238
          ],
          [
            5.601255,
            50.650219
          ],
          [
            5.601292,
            50.650193
          ],
          [
            5.601433,
            50.650071
          ],
          [
            5.601473,
            50.650031
          ],
          [
            5.601509,
            50.64999
          ],
          [
            5.601543,
            50.649946
          ],
          [
            5.601566,
            50.649911
          ],
          [
            5.601592,
            50.649866
          ],
          [
            5.601682,
            50.649677
          ],
          [
            5.601859,
            50.649293
          ],
          [
            5.602139,
            50.648688
          ],
          [
            5.602166,
            50.648632
          ],
          [
            5.602199,
            50.648578
          ],
          [
            5.602243,
            50.648514
          ],
          [
            5.602281,
            50.648466
          ],
          [
            5.602741,
            50.647909
          ],
          [
            5.602774,
            50.647868
          ],
          [
            5.602786,
            50.647847
          ],
          [
            5.602799,
            50.647825
          ],
          [
            5.602802,
            50.647805
          ],
          [
            5.602802,
            50.647776
          ],
          [
            5.602791,
            50.647752
          ],
          [
            5.602787,
            50.64773
          ],
          [
            5.602789,
            50.647704
          ],
          [
            5.6028,
            50.647676
          ],
          [
            5.60288,
            50.647577
          ],
          [
            5.60294,
            50.647505
          ],
          [
            5.602999,
            50.647439
          ],
          [
            5.603036,
            50.647405
          ],
          [
            5.60308,
            50.64738
          ],
          [
            5.603125,
            50.647368
          ],
          [
            5.603204,
            50.647364
          ],
          [
            5.603227,
            50.647366
          ],
          [
            5.603275,
            50.647377
          ],
          [
            5.603293,
            50.647386
          ],
          [
            5.603306,
            50.647393
          ],
          [
            5.603343,
            50.64742
          ],
          [
            5.603366,
            50.647451
          ],
          [
            5.603374,
            50.647485
          ],
          [
            5.603372,
            50.647517
          ],
          [
            5.603301,
            50.647604
          ],
          [
            5.603352,
            50.647652
          ],
          [
            5.603413,
            50.64769
          ],
          [
            5.603494,
            50.647725
          ],
          [
            5.603564,
            50.647752
          ],
          [
            5.60364,
            50.647781
          ],
          [
            5.603965,
            50.647898
          ],
          [
            5.60479,
            50.648195
          ],
          [
            5.605012,
            50.648291
          ],
          [
            5.605293,
            50.648391
          ],
          [
            5.605713,
            50.648559
          ],
          [
            5.606041,
            50.648672
          ],
          [
            5.606353,
            50.648773
          ],
          [
            5.606637,
            50.648862
          ],
          [
            5.606918,
            50.648946
          ],
          [
            5.607444,
            50.649104
          ],
          [
            5.607797,
            50.649207
          ],
          [
            5.608054,
            50.649277
          ],
          [
            5.608161,
            50.649306
          ],
          [
            5.608353,
            50.649333
          ],
          [
            5.608721,
            50.649434
          ],
          [
            5.609184,
            50.649559
          ],
          [
            5.609296,
            50.649588
          ],
          [
            5.609374,
            50.649612
          ],
          [
            5.609527,
            50.649674
          ],
          [
            5.609685,
            50.649713
          ],
          [
            5.609809,
            50.649743
          ],
          [
            5.610095,
            50.649811
          ],
          [
            5.61025,
            50.649863
          ],
          [
            5.611958,
            50.650267
          ],
          [
            5.612137,
            50.650293
          ],
          [
            5.612886,
            50.65047
          ],
          [
            5.613374,
            50.650585
          ],
          [
            5.613426,
            50.650598
          ],
          [
            5.613614,
            50.650642
          ],
          [
            5.614028,
            50.65074
          ],
          [
            5.614232,
            50.650788
          ],
          [
            5.61459,
            50.650871
          ],
          [
            5.614868,
            50.650934
          ],
          [
            5.614956,
            50.650954
          ],
          [
            5.615379,
            50.651039
          ],
          [
            5.61571,
            50.6511
          ],
          [
            5.615969,
            50.651146
          ],
          [
            5.61623,
            50.651188
          ],
          [
            5.616604,
            50.651244
          ],
          [
            5.617099,
            50.651308
          ],
          [
            5.617456,
            50.65135
          ],
          [
            5.617621,
            50.65137
          ],
          [
            5.617802,
            50.651391
          ],
          [
            5.618051,
            50.651391
          ],
          [
            5.618292,
            50.651408
          ],
          [
            5.618614,
            50.65143
          ],
          [
            5.618863,
            50.651445
          ],
          [
            5.619087,
            50.651455
          ],
          [
            5.619427,
            50.651448
          ],
          [
            5.619497,
            50.65145
          ],
          [
            5.619662,
            50.651455
          ],
          [
            5.619873,
            50.65146
          ],
          [
            5.620089,
            50.651463
          ],
          [
            5.620403,
            50.651464
          ],
          [
            5.620687,
            50.65146
          ],
          [
            5.62109,
            50.651453
          ],
          [
            5.621139,
            50.651451
          ],
          [
            5.621341,
            50.651446
          ],
          [
            5.621454,
            50.651441
          ],
          [
            5.621578,
            50.651436
          ],
          [
            5.621794,
            50.651425
          ],
          [
            5.621992,
            50.651413
          ],
          [
            5.622009,
            50.651412
          ],
          [
            5.622122,
            50.651404
          ],
          [
            5.622445,
            50.651379
          ],
          [
            5.622658,
            50.65136
          ],
          [
            5.622872,
            50.651339
          ],
          [
            5.623007,
            50.651324
          ],
          [
            5.623361,
            50.651283
          ],
          [
            5.623515,
            50.651265
          ],
          [
            5.623751,
            50.651251
          ],
          [
            5.624064,
            50.651215
          ],
          [
            5.624201,
            50.651202
          ],
          [
            5.624321,
            50.651192
          ],
          [
            5.624612,
            50.65117
          ],
          [
            5.624792,
            50.651153
          ],
          [
            5.625119,
            50.651134
          ],
          [
            5.625513,
            50.651084
          ],
          [
            5.625921,
            50.651031
          ],
          [
            5.626344,
            50.650969
          ],
          [
            5.626844,
            50.650898
          ],
          [
            5.627571,
            50.650791
          ],
          [
            5.627791,
            50.650758
          ],
          [
            5.628221,
            50.650693
          ],
          [
            5.628461,
            50.650653
          ],
          [
            5.629378,
            50.650515
          ],
          [
            5.629757,
            50.650458
          ],
          [
            5.629967,
            50.650428
          ],
          [
            5.630112,
            50.650409
          ],
          [
            5.630254,
            50.650392
          ],
          [
            5.63068,
            50.650349
          ],
          [
            5.631135,
            50.650315
          ],
          [
            5.63157,
            50.650293
          ],
          [
            5.632208,
            50.650269
          ],
          [
            5.632536,
            50.650267
          ],
          [
            5.632858,
            50.650266
          ],
          [
            5.633184,
            50.650272
          ],
          [
            5.633498,
            50.650283
          ],
          [
            5.633877,
            50.650303
          ],
          [
            5.634226,
            50.650331
          ],
          [
            5.634752,
            50.650377
          ],
          [
            5.635151,
            50.650415
          ],
          [
            5.635513,
            50.650456
          ],
          [
            5.635774,
            50.650489
          ],
          [
            5.636023,
            50.650524
          ],
          [
            5.636338,
            50.650571
          ],
          [
            5.636637,
            50.650622
          ],
          [
            5.637242,
            50.650736
          ],
          [
            5.637826,
            50.650857
          ],
          [
            5.638456,
            50.650991
          ],
          [
            5.638744,
            50.651061
          ],
          [
            5.639018,
            50.651132
          ],
          [
            5.639592,
            50.651296
          ],
          [
            5.640186,
            50.651493
          ],
          [
            5.640476,
            50.651595
          ],
          [
            5.640756,
            50.651701
          ],
          [
            5.641298,
            50.651918
          ],
          [
            5.641484,
            50.652005
          ],
          [
            5.641812,
            50.652152
          ],
          [
            5.642331,
            50.652414
          ],
          [
            5.642813,
            50.652665
          ],
          [
            5.643297,
            50.652957
          ],
          [
            5.644075,
            50.653457
          ],
          [
            5.644619,
            50.653843
          ],
          [
            5.645259,
            50.654363
          ],
          [
            5.645776,
            50.654853
          ],
          [
            5.646255,
            50.655375
          ],
          [
            5.646669,
            50.655971
          ],
          [
            5.646896,
            50.656355
          ],
          [
            5.647091,
            50.656753
          ],
          [
            5.64727,
            50.657138
          ],
          [
            5.647433,
            50.657533
          ],
          [
            5.647574,
            50.657929
          ],
          [
            5.647692,
            50.65833
          ],
          [
            5.647815,
            50.658937
          ],
          [
            5.647904,
            50.659562
          ],
          [
            5.647932,
            50.660121
          ],
          [
            5.647889,
            50.660785
          ],
          [
            5.647784,
            50.661372
          ],
          [
            5.647621,
            50.661934
          ],
          [
            5.647415,
            50.662531
          ],
          [
            5.647191,
            50.663089
          ],
          [
            5.646885,
            50.663725
          ],
          [
            5.64662,
            50.664259
          ],
          [
            5.64642,
            50.664664
          ],
          [
            5.646243,
            50.665046
          ],
          [
            5.646104,
            50.665434
          ],
          [
            5.646017,
            50.66585
          ],
          [
            5.645995,
            50.666243
          ],
          [
            5.646014,
            50.666521
          ],
          [
            5.646098,
            50.666879
          ],
          [
            5.646285,
            50.66751
          ],
          [
            5.646649,
            50.668644
          ],
          [
            5.647029,
            50.669849
          ],
          [
            5.647346,
            50.670858
          ],
          [
            5.647598,
            50.671663
          ],
          [
            5.647697,
            50.671966
          ],
          [
            5.647737,
            50.672081
          ],
          [
            5.647798,
            50.672234
          ],
          [
            5.64787,
            50.672394
          ],
          [
            5.647983,
            50.672636
          ],
          [
            5.648065,
            50.672792
          ],
          [
            5.648154,
            50.672953
          ],
          [
            5.648291,
            50.673178
          ],
          [
            5.648479,
            50.673457
          ],
          [
            5.648657,
            50.673699
          ],
          [
            5.64878,
            50.673856
          ],
          [
            5.648903,
            50.674003
          ],
          [
            5.649022,
            50.674141
          ],
          [
            5.649151,
            50.674282
          ],
          [
            5.649378,
            50.674522
          ],
          [
            5.64954,
            50.674681
          ],
          [
            5.649722,
            50.674836
          ],
          [
            5.649948,
            50.675029
          ],
          [
            5.650193,
            50.675219
          ],
          [
            5.650375,
            50.675357
          ],
          [
            5.650566,
            50.675499
          ],
          [
            5.650801,
            50.675665
          ],
          [
            5.651172,
            50.675902
          ],
          [
            5.651638,
            50.676179
          ],
          [
            5.652176,
            50.676467
          ],
          [
            5.652865,
            50.676797
          ],
          [
            5.653516,
            50.677083
          ],
          [
            5.654546,
            50.677525
          ],
          [
            5.654775,
            50.677627
          ],
          [
            5.654797,
            50.677638
          ],
          [
            5.655326,
            50.677809
          ],
          [
            5.655673,
            50.677942
          ],
          [
            5.656322,
            50.678172
          ],
          [
            5.656564,
            50.678263
          ],
          [
            5.656858,
            50.678357
          ],
          [
            5.657117,
            50.678469
          ],
          [
            5.657387,
            50.678588
          ],
          [
            5.657932,
            50.678816
          ],
          [
            5.658384,
            50.678996
          ],
          [
            5.658828,
            50.679173
          ],
          [
            5.659077,
            50.67927
          ],
          [
            5.659325,
            50.679371
          ],
          [
            5.65963,
            50.679487
          ],
          [
            5.659848,
            50.679548
          ],
          [
            5.66003,
            50.679585
          ],
          [
            5.660226,
            50.679614
          ],
          [
            5.660389,
            50.679632
          ],
          [
            5.66081,
            50.679651
          ],
          [
            5.660897,
            50.679649
          ],
          [
            5.661003,
            50.679645
          ],
          [
            5.661092,
            50.679637
          ],
          [
            5.661179,
            50.679628
          ],
          [
            5.661445,
            50.679596
          ],
          [
            5.66162,
            50.679572
          ],
          [
            5.661752,
            50.679551
          ],
          [
            5.661905,
            50.679523
          ],
          [
            5.662121,
            50.679474
          ],
          [
            5.662876,
            50.679323
          ],
          [
            5.663762,
            50.679055
          ],
          [
            5.664476,
            50.678841
          ],
          [
            5.665628,
            50.678489
          ],
          [
            5.667623,
            50.677886
          ],
          [
            5.668244,
            50.677699
          ],
          [
            5.67195,
            50.676593
          ],
          [
            5.673565,
            50.676111
          ],
          [
            5.674537,
            50.675818
          ],
          [
            5.675318,
            50.675577
          ],
          [
            5.675657,
            50.67547
          ],
          [
            5.676218,
            50.675295
          ],
          [
            5.676752,
            50.675122
          ],
          [
            5.67722,
            50.674962
          ],
          [
            5.677697,
            50.674791
          ],
          [
            5.678265,
            50.674575
          ],
          [
            5.678728,
            50.674394
          ],
          [
            5.679709,
            50.673986
          ],
          [
            5.6807,
            50.673549
          ],
          [
            5.68161,
            50.673072
          ],
          [
            5.68251,
            50.67258
          ],
          [
            5.683378,
            50.672066
          ],
          [
            5.684224,
            50.671524
          ],
          [
            5.689083,
            50.668316
          ],
          [
            5.689471,
            50.668058
          ],
          [
            5.690662,
            50.667259
          ],
          [
            5.694778,
            50.66453
          ],
          [
            5.696662,
            50.663281
          ],
          [
            5.698216,
            50.662249
          ],
          [
            5.705953,
            50.657115
          ],
          [
            5.706642,
            50.656665
          ],
          [
            5.707316,
            50.656212
          ],
          [
            5.707854,
            50.655847
          ],
          [
            5.709792,
            50.654585
          ],
          [
            5.709956,
            50.654482
          ],
          [
            5.710668,
            50.654019
          ],
          [
            5.712455,
            50.652824
          ],
          [
            5.715185,
            50.651016
          ],
          [
            5.72407,
            50.645115
          ],
          [
            5.726127,
            50.643765
          ],
          [
            5.727278,
            50.643056
          ],
          [
            5.728666,
            50.642249
          ],
          [
            5.730377,
            50.641332
          ],
          [
            5.731984,
            50.640549
          ],
          [
            5.733118,
            50.64002
          ],
          [
            5.734309,
            50.639511
          ],
          [
            5.734712,
            50.639346
          ],
          [
            5.735879,
            50.638878
          ],
          [
            5.736422,
            50.63867
          ],
          [
            5.737242,
            50.638361
          ],
          [
            5.738529,
            50.637922
          ],
          [
            5.739953,
            50.637465
          ],
          [
            5.741304,
            50.637054
          ],
          [
            5.742699,
            50.636667
          ],
          [
            5.743722,
            50.636401
          ],
          [
            5.744568,
            50.6362
          ],
          [
            5.7452,
            50.636054
          ],
          [
            5.745667,
            50.635946
          ],
          [
            5.747726,
            50.635527
          ],
          [
            5.748607,
            50.635358
          ],
          [
            5.749876,
            50.635145
          ],
          [
            5.750454,
            50.635058
          ],
          [
            5.751089,
            50.634962
          ],
          [
            5.752446,
            50.63477
          ],
          [
            5.753973,
            50.634596
          ],
          [
            5.755512,
            50.634443
          ],
          [
            5.756505,
            50.634362
          ],
          [
            5.757491,
            50.63429
          ],
          [
            5.758676,
            50.634219
          ],
          [
            5.759078,
            50.634197
          ],
          [
            5.760867,
            50.634142
          ],
          [
            5.763128,
            50.634134
          ],
          [
            5.764736,
            50.634142
          ],
          [
            5.767924,
            50.634157
          ],
          [
            5.77397,
            50.634189
          ],
          [
            5.779892,
            50.634227
          ],
          [
            5.785507,
            50.634259
          ],
          [
            5.791125,
            50.634291
          ],
          [
            5.798071,
            50.634328
          ],
          [
            5.804486,
            50.634361
          ],
          [
            5.808101,
            50.634401
          ],
          [
            5.810924,
            50.634482
          ],
          [
            5.812877,
            50.634559
          ],
          [
            5.814492,
            50.634646
          ],
          [
            5.816845,
            50.634795
          ],
          [
            5.81772,
            50.634855
          ],
          [
            5.82002,
            50.635047
          ],
          [
            5.821869,
            50.635223
          ],
          [
            5.82459,
            50.635538
          ],
          [
            5.825132,
            50.635595
          ],
          [
            5.826095,
            50.635713
          ],
          [
            5.827285,
            50.635863
          ],
          [
            5.828842,
            50.636057
          ],
          [
            5.82929,
            50.636059
          ],
          [
            5.831005,
            50.636231
          ],
          [
            5.831404,
            50.636259
          ],
          [
            5.831792,
            50.636266
          ],
          [
            5.832288,
            50.636219
          ],
          [
            5.832563,
            50.636174
          ],
          [
            5.832874,
            50.63609
          ],
          [
            5.833124,
            50.636
          ],
          [
            5.833373,
            50.6359
          ],
          [
            5.833613,
            50.635767
          ],
          [
            5.833813,
            50.635638
          ],
          [
            5.834686,
            50.635012
          ],
          [
            5.838212,
            50.632494
          ],
          [
            5.838917,
            50.63204
          ],
          [
            5.839376,
            50.631773
          ],
          [
            5.839727,
            50.631636
          ],
          [
            5.840098,
            50.631468
          ],
          [
            5.840499,
            50.631317
          ],
          [
            5.840856,
            50.631202
          ],
          [
            5.841499,
            50.631048
          ],
          [
            5.842029,
            50.630954
          ],
          [
            5.842574,
            50.630881
          ],
          [
            5.844455,
            50.630713
          ],
          [
            5.846285,
            50.630563
          ],
          [
            5.846932,
            50.630499
          ],
          [
            5.847291,
            50.630441
          ],
          [
            5.84774,
            50.630359
          ],
          [
            5.848173,
            50.630253
          ],
          [
            5.848647,
            50.630088
          ],
          [
            5.849007,
            50.62994
          ],
          [
            5.849315,
            50.629781
          ],
          [
            5.849568,
            50.629634
          ],
          [
            5.849823,
            50.629461
          ],
          [
            5.850272,
            50.629081
          ],
          [
            5.850459,
            50.628892
          ],
          [
            5.850628,
            50.62867
          ],
          [
            5.850792,
            50.628418
          ],
          [
            5.850878,
            50.628238
          ],
          [
            5.850949,
            50.628058
          ],
          [
            5.851016,
            50.627826
          ],
          [
            5.851042,
            50.627632
          ],
          [
            5.85107,
            50.627335
          ],
          [
            5.85105,
            50.627139
          ],
          [
            5.850977,
            50.62678
          ],
          [
            5.850901,
            50.626511
          ],
          [
            5.850861,
            50.626397
          ],
          [
            5.850727,
            50.625992
          ],
          [
            5.850676,
            50.625766
          ],
          [
            5.850651,
            50.625604
          ],
          [
            5.850635,
            50.625435
          ],
          [
            5.850635,
            50.625271
          ],
          [
            5.85066,
            50.625062
          ],
          [
            5.850702,
            50.624843
          ],
          [
            5.850772,
            50.624591
          ],
          [
            5.850926,
            50.624262
          ],
          [
            5.851147,
            50.623893
          ],
          [
            5.851855,
            50.622924
          ],
          [
            5.852186,
            50.622419
          ],
          [
            5.852474,
            50.621929
          ],
          [
            5.852712,
            50.621471
          ],
          [
            5.852901,
            50.621094
          ],
          [
            5.85315,
            50.620497
          ],
          [
            5.853242,
            50.620215
          ],
          [
            5.853376,
            50.619769
          ],
          [
            5.85351,
            50.619214
          ],
          [
            5.853591,
            50.618777
          ],
          [
            5.853652,
            50.618342
          ],
          [
            5.853704,
            50.617595
          ],
          [
            5.853745,
            50.616705
          ],
          [
            5.853793,
            50.615888
          ],
          [
            5.853791,
            50.615591
          ],
          [
            5.853765,
            50.615349
          ],
          [
            5.853719,
            50.615167
          ],
          [
            5.85364,
            50.614946
          ],
          [
            5.853535,
            50.614724
          ],
          [
            5.853369,
            50.61448
          ],
          [
            5.853102,
            50.614183
          ],
          [
            5.852646,
            50.613683
          ],
          [
            5.852367,
            50.613345
          ],
          [
            5.852248,
            50.613158
          ],
          [
            5.852142,
            50.612946
          ],
          [
            5.852052,
            50.612699
          ],
          [
            5.85201,
            50.612524
          ],
          [
            5.851986,
            50.612275
          ],
          [
            5.851977,
            50.611963
          ],
          [
            5.852026,
            50.610585
          ],
          [
            5.852052,
            50.609763
          ],
          [
            5.852072,
            50.609454
          ],
          [
            5.852057,
            50.609009
          ],
          [
            5.852041,
            50.608656
          ],
          [
            5.852015,
            50.608439
          ],
          [
            5.851948,
            50.607939
          ],
          [
            5.851804,
            50.607192
          ],
          [
            5.851656,
            50.606594
          ],
          [
            5.851467,
            50.606
          ],
          [
            5.851109,
            50.605109
          ],
          [
            5.850842,
            50.60455
          ],
          [
            5.85054,
            50.603992
          ],
          [
            5.850287,
            50.603577
          ],
          [
            5.84994,
            50.603074
          ],
          [
            5.849811,
            50.602875
          ],
          [
            5.849367,
            50.602288
          ],
          [
            5.849081,
            50.601923
          ],
          [
            5.848079,
            50.600691
          ],
          [
            5.847018,
            50.59938
          ],
          [
            5.846252,
            50.598442
          ],
          [
            5.84561,
            50.597645
          ],
          [
            5.845167,
            50.597123
          ],
          [
            5.844503,
            50.596235
          ],
          [
            5.844303,
            50.595914
          ],
          [
            5.844146,
            50.595624
          ],
          [
            5.843997,
            50.595283
          ],
          [
            5.843902,
            50.595025
          ],
          [
            5.843803,
            50.59465
          ],
          [
            5.843757,
            50.594338
          ],
          [
            5.84372,
            50.593984
          ],
          [
            5.843716,
            50.59368
          ],
          [
            5.843736,
            50.593265
          ],
          [
            5.843808,
            50.592786
          ],
          [
            5.843921,
            50.59225
          ],
          [
            5.843979,
            50.591982
          ],
          [
            5.844084,
            50.59148
          ],
          [
            5.844253,
            50.590702
          ],
          [
            5.844372,
            50.590142
          ],
          [
            5.844483,
            50.589484
          ],
          [
            5.844632,
            50.588912
          ],
          [
            5.844725,
            50.588339
          ],
          [
            5.844777,
            50.587831
          ],
          [
            5.844788,
            50.587477
          ],
          [
            5.844794,
            50.586912
          ],
          [
            5.844753,
            50.58612
          ],
          [
            5.844739,
            50.585871
          ],
          [
            5.844726,
            50.585366
          ],
          [
            5.844734,
            50.585174
          ],
          [
            5.844808,
            50.584928
          ],
          [
            5.844899,
            50.584721
          ],
          [
            5.845002,
            50.584546
          ],
          [
            5.845074,
            50.584448
          ],
          [
            5.84514,
            50.58437
          ],
          [
            5.845249,
            50.584258
          ],
          [
            5.845353,
            50.584177
          ],
          [
            5.84549,
            50.584076
          ],
          [
            5.845592,
            50.584003
          ],
          [
            5.845714,
            50.583933
          ],
          [
            5.845828,
            50.583868
          ],
          [
            5.845968,
            50.583799
          ],
          [
            5.846082,
            50.583745
          ],
          [
            5.846381,
            50.583618
          ],
          [
            5.846927,
            50.583379
          ],
          [
            5.84709,
            50.583302
          ],
          [
            5.847343,
            50.583178
          ],
          [
            5.847537,
            50.583081
          ],
          [
            5.847856,
            50.582893
          ],
          [
            5.848149,
            50.582662
          ],
          [
            5.848621,
            50.582221
          ],
          [
            5.848926,
            50.581945
          ],
          [
            5.849148,
            50.581786
          ],
          [
            5.849462,
            50.581587
          ],
          [
            5.849901,
            50.581308
          ],
          [
            5.850409,
            50.580986
          ],
          [
            5.85137,
            50.580375
          ],
          [
            5.851634,
            50.580214
          ],
          [
            5.851896,
            50.580064
          ],
          [
            5.852123,
            50.579962
          ],
          [
            5.852387,
            50.579838
          ],
          [
            5.852837,
            50.579625
          ],
          [
            5.853308,
            50.579395
          ],
          [
            5.853966,
            50.579061
          ],
          [
            5.854044,
            50.579019
          ],
          [
            5.854104,
            50.578986
          ],
          [
            5.854238,
            50.578911
          ],
          [
            5.85437,
            50.578834
          ],
          [
            5.8545,
            50.578757
          ],
          [
            5.854619,
            50.578684
          ],
          [
            5.854757,
            50.578599
          ],
          [
            5.854868,
            50.578517
          ],
          [
            5.855108,
            50.578352
          ],
          [
            5.855432,
            50.578111
          ],
          [
            5.855587,
            50.577991
          ],
          [
            5.855739,
            50.577864
          ],
          [
            5.855935,
            50.577696
          ],
          [
            5.856096,
            50.577546
          ],
          [
            5.856303,
            50.577349
          ],
          [
            5.85653,
            50.57711
          ],
          [
            5.856685,
            50.576934
          ],
          [
            5.856834,
            50.57675
          ],
          [
            5.856971,
            50.576574
          ],
          [
            5.857127,
            50.576346
          ],
          [
            5.85723,
            50.576192
          ],
          [
            5.857328,
            50.576036
          ],
          [
            5.857491,
            50.575722
          ],
          [
            5.857614,
            50.575463
          ],
          [
            5.857688,
            50.575288
          ],
          [
            5.857803,
            50.574963
          ],
          [
            5.857874,
            50.574707
          ],
          [
            5.857937,
            50.574437
          ],
          [
            5.858011,
            50.573934
          ],
          [
            5.858021,
            50.573403
          ],
          [
            5.857983,
            50.572871
          ],
          [
            5.857908,
            50.572336
          ],
          [
            5.857821,
            50.571893
          ],
          [
            5.857507,
            50.5703
          ],
          [
            5.857185,
            50.56871
          ],
          [
            5.857046,
            50.567982
          ],
          [
            5.856883,
            50.567169
          ],
          [
            5.856666,
            50.566098
          ],
          [
            5.856599,
            50.565596
          ],
          [
            5.856585,
            50.565203
          ],
          [
            5.856611,
            50.564856
          ],
          [
            5.856678,
            50.564498
          ],
          [
            5.856806,
            50.564031
          ],
          [
            5.857011,
            50.563314
          ],
          [
            5.857273,
            50.562507
          ],
          [
            5.857482,
            50.561789
          ],
          [
            5.857511,
            50.561689
          ],
          [
            5.857863,
            50.560483
          ],
          [
            5.858012,
            50.559984
          ],
          [
            5.858169,
            50.559449
          ],
          [
            5.858356,
            50.558924
          ],
          [
            5.85856,
            50.558443
          ],
          [
            5.858822,
            50.557923
          ],
          [
            5.859129,
            50.557417
          ],
          [
            5.859303,
            50.557157
          ],
          [
            5.859486,
            50.556901
          ],
          [
            5.859863,
            50.556428
          ],
          [
            5.860298,
            50.555935
          ],
          [
            5.860769,
            50.555463
          ],
          [
            5.861221,
            50.555053
          ],
          [
            5.861872,
            50.554533
          ],
          [
            5.86235,
            50.55419
          ],
          [
            5.863291,
            50.553545
          ],
          [
            5.864573,
            50.552672
          ],
          [
            5.866202,
            50.551563
          ],
          [
            5.867008,
            50.551013
          ],
          [
            5.86744,
            50.550697
          ],
          [
            5.867995,
            50.550266
          ],
          [
            5.868273,
            50.550036
          ],
          [
            5.868517,
            50.549823
          ],
          [
            5.868937,
            50.549419
          ],
          [
            5.869352,
            50.54896
          ],
          [
            5.869729,
            50.54849
          ],
          [
            5.870051,
            50.548
          ],
          [
            5.870341,
            50.547489
          ],
          [
            5.870578,
            50.546995
          ],
          [
            5.870781,
            50.546482
          ],
          [
            5.870952,
            50.545983
          ],
          [
            5.87111,
            50.545467
          ],
          [
            5.871608,
            50.543814
          ],
          [
            5.872061,
            50.54235
          ],
          [
            5.872202,
            50.541922
          ],
          [
            5.872325,
            50.541588
          ],
          [
            5.872481,
            50.5412
          ],
          [
            5.872658,
            50.540809
          ],
          [
            5.872923,
            50.540275
          ],
          [
            5.873927,
            50.538445
          ],
          [
            5.875193,
            50.536176
          ],
          [
            5.875266,
            50.53605
          ],
          [
            5.877668,
            50.531741
          ],
          [
            5.877902,
            50.531293
          ],
          [
            5.878048,
            50.53105
          ],
          [
            5.87819,
            50.530824
          ],
          [
            5.878394,
            50.530521
          ],
          [
            5.878609,
            50.530222
          ],
          [
            5.879056,
            50.52967
          ],
          [
            5.879446,
            50.529257
          ],
          [
            5.879939,
            50.528808
          ],
          [
            5.880418,
            50.528411
          ],
          [
            5.880983,
            50.527996
          ],
          [
            5.881573,
            50.527612
          ],
          [
            5.881885,
            50.527431
          ],
          [
            5.88221,
            50.527245
          ],
          [
            5.882544,
            50.527075
          ],
          [
            5.882877,
            50.526904
          ],
          [
            5.883228,
            50.526745
          ],
          [
            5.883572,
            50.526596
          ],
          [
            5.883949,
            50.52644
          ],
          [
            5.884297,
            50.526309
          ],
          [
            5.885066,
            50.526049
          ],
          [
            5.88586,
            50.525813
          ],
          [
            5.886245,
            50.525711
          ],
          [
            5.886635,
            50.525621
          ],
          [
            5.887062,
            50.525528
          ],
          [
            5.887467,
            50.525448
          ],
          [
            5.888287,
            50.525311
          ],
          [
            5.888756,
            50.525251
          ],
          [
            5.889223,
            50.525199
          ],
          [
            5.889984,
            50.525137
          ],
          [
            5.890402,
            50.525114
          ],
          [
            5.890808,
            50.525099
          ],
          [
            5.891232,
            50.525091
          ],
          [
            5.89165,
            50.525092
          ],
          [
            5.892075,
            50.525101
          ],
          [
            5.892503,
            50.525117
          ],
          [
            5.892911,
            50.52514
          ],
          [
            5.893332,
            50.52517
          ],
          [
            5.894164,
            50.525261
          ],
          [
            5.894986,
            50.525376
          ],
          [
            5.895793,
            50.525518
          ],
          [
            5.897001,
            50.525736
          ],
          [
            5.899015,
            50.52612
          ],
          [
            5.900789,
            50.526494
          ],
          [
            5.904278,
            50.527161
          ],
          [
            5.904871,
            50.527275
          ],
          [
            5.90709,
            50.527699
          ],
          [
            5.908939,
            50.528036
          ],
          [
            5.909867,
            50.528182
          ],
          [
            5.910778,
            50.528304
          ],
          [
            5.911718,
            50.528408
          ],
          [
            5.912552,
            50.528473
          ],
          [
            5.913554,
            50.528513
          ],
          [
            5.914437,
            50.528512
          ],
          [
            5.914605,
            50.528507
          ],
          [
            5.914888,
            50.528496
          ],
          [
            5.914958,
            50.528493
          ],
          [
            5.915473,
            50.528465
          ],
          [
            5.915911,
            50.528432
          ],
          [
            5.916338,
            50.528388
          ],
          [
            5.916824,
            50.528327
          ],
          [
            5.917254,
            50.528265
          ],
          [
            5.917683,
            50.528196
          ],
          [
            5.918171,
            50.52811
          ],
          [
            5.919121,
            50.527915
          ],
          [
            5.919954,
            50.52771
          ],
          [
            5.920038,
            50.527689
          ],
          [
            5.920373,
            50.527606
          ],
          [
            5.920415,
            50.527596
          ],
          [
            5.921257,
            50.527366
          ],
          [
            5.922636,
            50.526974
          ],
          [
            5.923436,
            50.526736
          ],
          [
            5.927197,
            50.525614
          ],
          [
            5.933117,
            50.523848
          ],
          [
            5.933251,
            50.523807
          ],
          [
            5.935052,
            50.523268
          ],
          [
            5.935885,
            50.522998
          ],
          [
            5.936618,
            50.522748
          ],
          [
            5.93736,
            50.522467
          ],
          [
            5.93807,
            50.522173
          ],
          [
            5.938751,
            50.521864
          ],
          [
            5.939446,
            50.52152
          ],
          [
            5.940051,
            50.521193
          ],
          [
            5.940691,
            50.520821
          ],
          [
            5.941277,
            50.52046
          ],
          [
            5.941865,
            50.520057
          ],
          [
            5.942417,
            50.519648
          ],
          [
            5.942924,
            50.519244
          ],
          [
            5.943466,
            50.51878
          ],
          [
            5.943972,
            50.518288
          ],
          [
            5.944489,
            50.517737
          ],
          [
            5.945085,
            50.517032
          ],
          [
            5.945397,
            50.516607
          ],
          [
            5.945745,
            50.516075
          ],
          [
            5.946051,
            50.515568
          ],
          [
            5.946338,
            50.515039
          ],
          [
            5.946417,
            50.514862
          ],
          [
            5.946482,
            50.514715
          ],
          [
            5.946512,
            50.514646
          ],
          [
            5.94668,
            50.514225
          ],
          [
            5.946832,
            50.513782
          ],
          [
            5.946982,
            50.513273
          ],
          [
            5.947101,
            50.512747
          ],
          [
            5.947195,
            50.512211
          ],
          [
            5.947261,
            50.51167
          ],
          [
            5.947315,
            50.511098
          ],
          [
            5.947568,
            50.50789
          ],
          [
            5.947774,
            50.505215
          ],
          [
            5.947866,
            50.50409
          ],
          [
            5.947905,
            50.503545
          ],
          [
            5.947947,
            50.503003
          ],
          [
            5.947999,
            50.502011
          ],
          [
            5.948336,
            50.497763
          ],
          [
            5.948539,
            50.495064
          ],
          [
            5.948668,
            50.493434
          ],
          [
            5.948795,
            50.492383
          ],
          [
            5.948895,
            50.491809
          ],
          [
            5.94901,
            50.491275
          ],
          [
            5.94916,
            50.490733
          ],
          [
            5.949325,
            50.490207
          ],
          [
            5.949519,
            50.489683
          ],
          [
            5.949739,
            50.489155
          ],
          [
            5.949908,
            50.488787
          ],
          [
            5.949958,
            50.48868
          ],
          [
            5.949979,
            50.488641
          ],
          [
            5.950247,
            50.488122
          ],
          [
            5.950535,
            50.487616
          ],
          [
            5.95086,
            50.4871
          ],
          [
            5.9512,
            50.4866
          ],
          [
            5.951554,
            50.486126
          ],
          [
            5.951961,
            50.485616
          ],
          [
            5.952364,
            50.485149
          ],
          [
            5.952795,
            50.484685
          ],
          [
            5.953241,
            50.484228
          ],
          [
            5.953705,
            50.483784
          ],
          [
            5.954199,
            50.483347
          ],
          [
            5.954718,
            50.482912
          ],
          [
            5.955278,
            50.482476
          ],
          [
            5.956407,
            50.481667
          ],
          [
            5.957027,
            50.481258
          ],
          [
            5.957654,
            50.480863
          ],
          [
            5.958175,
            50.480546
          ],
          [
            5.958834,
            50.48018
          ],
          [
            5.959554,
            50.479808
          ],
          [
            5.959868,
            50.479599
          ],
          [
            5.960555,
            50.479226
          ],
          [
            5.961277,
            50.478831
          ],
          [
            5.962265,
            50.478254
          ],
          [
            5.963188,
            50.477699
          ],
          [
            5.963472,
            50.477531
          ],
          [
            5.963648,
            50.477325
          ],
          [
            5.963718,
            50.477171
          ],
          [
            5.963732,
            50.477035
          ],
          [
            5.963724,
            50.476876
          ],
          [
            5.963707,
            50.476699
          ],
          [
            5.963325,
            50.476206
          ],
          [
            5.963376,
            50.476158
          ],
          [
            5.963808,
            50.47585
          ],
          [
            5.964473,
            50.475379
          ],
          [
            5.964696,
            50.47517
          ],
          [
            5.964774,
            50.475064
          ],
          [
            5.964844,
            50.474936
          ],
          [
            5.96525,
            50.474074
          ],
          [
            5.965273,
            50.474031
          ],
          [
            5.966252,
            50.471955
          ],
          [
            5.966343,
            50.471752
          ],
          [
            5.967085,
            50.470171
          ],
          [
            5.967181,
            50.469965
          ],
          [
            5.967303,
            50.469787
          ],
          [
            5.967469,
            50.469604
          ],
          [
            5.968143,
            50.468982
          ],
          [
            5.968297,
            50.468813
          ],
          [
            5.968352,
            50.46874
          ],
          [
            5.968444,
            50.468612
          ],
          [
            5.968548,
            50.468431
          ],
          [
            5.968928,
            50.467765
          ],
          [
            5.968951,
            50.467723
          ],
          [
            5.969128,
            50.467376
          ],
          [
            5.969232,
            50.467199
          ],
          [
            5.969417,
            50.467062
          ],
          [
            5.970304,
            50.466419
          ],
          [
            5.970621,
            50.466149
          ],
          [
            5.970842,
            50.465945
          ],
          [
            5.971367,
            50.465414
          ],
          [
            5.97154,
            50.465342
          ],
          [
            5.971525,
            50.465221
          ],
          [
            5.971597,
            50.465107
          ],
          [
            5.971656,
            50.464913
          ],
          [
            5.971672,
            50.464722
          ],
          [
            5.971565,
            50.464018
          ],
          [
            5.971548,
            50.463899
          ],
          [
            5.971527,
            50.463734
          ],
          [
            5.971496,
            50.463444
          ],
          [
            5.971469,
            50.463275
          ],
          [
            5.971383,
            50.463105
          ],
          [
            5.971295,
            50.462985
          ],
          [
            5.971149,
            50.462853
          ],
          [
            5.970971,
            50.46274
          ],
          [
            5.97078,
            50.462641
          ],
          [
            5.969772,
            50.462285
          ],
          [
            5.969727,
            50.462233
          ],
          [
            5.969485,
            50.462069
          ],
          [
            5.969447,
            50.461945
          ],
          [
            5.969575,
            50.461706
          ],
          [
            5.969643,
            50.461443
          ],
          [
            5.969699,
            50.461355
          ],
          [
            5.96987,
            50.461316
          ],
          [
            5.970249,
            50.461271
          ],
          [
            5.970383,
            50.461221
          ],
          [
            5.970455,
            50.461146
          ],
          [
            5.970467,
            50.46104
          ],
          [
            5.970459,
            50.460836
          ],
          [
            5.970375,
            50.460698
          ],
          [
            5.970535,
            50.460638
          ],
          [
            5.971138,
            50.460456
          ],
          [
            5.970959,
            50.460337
          ],
          [
            5.970586,
            50.460204
          ],
          [
            5.970325,
            50.460111
          ],
          [
            5.970638,
            50.459786
          ],
          [
            5.970957,
            50.459594
          ],
          [
            5.971409,
            50.459304
          ],
          [
            5.971544,
            50.45922
          ],
          [
            5.971685,
            50.459173
          ],
          [
            5.971877,
            50.459159
          ],
          [
            5.97222,
            50.459185
          ],
          [
            5.973471,
            50.459277
          ],
          [
            5.973679,
            50.459282
          ],
          [
            5.97386,
            50.459248
          ],
          [
            5.974018,
            50.459164
          ],
          [
            5.974144,
            50.459042
          ],
          [
            5.974272,
            50.458901
          ],
          [
            5.974387,
            50.45867
          ],
          [
            5.974425,
            50.45852
          ],
          [
            5.974415,
            50.458319
          ],
          [
            5.97434,
            50.457888
          ],
          [
            5.974319,
            50.457754
          ],
          [
            5.974334,
            50.457585
          ],
          [
            5.974423,
            50.457067
          ],
          [
            5.974471,
            50.45683
          ],
          [
            5.974485,
            50.456761
          ],
          [
            5.974607,
            50.456411
          ],
          [
            5.975782,
            50.454092
          ],
          [
            5.975926,
            50.453784
          ],
          [
            5.975933,
            50.453631
          ],
          [
            5.975892,
            50.453473
          ],
          [
            5.975582,
            50.452942
          ],
          [
            5.974491,
            50.451069
          ],
          [
            5.973126,
            50.448728
          ],
          [
            5.973056,
            50.448623
          ],
          [
            5.972957,
            50.448504
          ],
          [
            5.972912,
            50.448478
          ],
          [
            5.972866,
            50.448449
          ],
          [
            5.97284,
            50.448448
          ],
          [
            5.97281,
            50.448444
          ],
          [
            5.972785,
            50.448438
          ],
          [
            5.972761,
            50.44843
          ],
          [
            5.97274,
            50.448421
          ],
          [
            5.97272,
            50.448408
          ],
          [
            5.972703,
            50.448395
          ],
          [
            5.972689,
            50.44838
          ],
          [
            5.972677,
            50.44836
          ],
          [
            5.972673,
            50.448348
          ],
          [
            5.972669,
            50.44833
          ],
          [
            5.97267,
            50.448312
          ],
          [
            5.972674,
            50.448297
          ],
          [
            5.972681,
            50.448284
          ],
          [
            5.972689,
            50.44827
          ],
          [
            5.972702,
            50.448256
          ],
          [
            5.972718,
            50.448244
          ],
          [
            5.972732,
            50.448234
          ],
          [
            5.972749,
            50.448226
          ],
          [
            5.972769,
            50.448217
          ],
          [
            5.972791,
            50.448211
          ],
          [
            5.972814,
            50.448206
          ],
          [
            5.972838,
            50.448203
          ],
          [
            5.972862,
            50.448202
          ],
          [
            5.972884,
            50.448203
          ],
          [
            5.972908,
            50.448205
          ],
          [
            5.972983,
            50.448204
          ],
          [
            5.973032,
            50.448194
          ],
          [
            5.973083,
            50.448175
          ],
          [
            5.973172,
            50.448146
          ],
          [
            5.973252,
            50.448092
          ],
          [
            5.97338,
            50.447999
          ],
          [
            5.973474,
            50.447917
          ],
          [
            5.973543,
            50.447842
          ],
          [
            5.973603,
            50.447766
          ],
          [
            5.973649,
            50.447702
          ],
          [
            5.973752,
            50.447526
          ],
          [
            5.973932,
            50.44721
          ],
          [
            5.974147,
            50.446811
          ],
          [
            5.974409,
            50.446349
          ],
          [
            5.974652,
            50.445913
          ],
          [
            5.974716,
            50.445814
          ],
          [
            5.974788,
            50.445711
          ],
          [
            5.974868,
            50.44562
          ],
          [
            5.974949,
            50.44554
          ],
          [
            5.97504,
            50.445458
          ],
          [
            5.975129,
            50.445388
          ],
          [
            5.975226,
            50.445314
          ],
          [
            5.97534,
            50.445246
          ],
          [
            5.975466,
            50.445171
          ],
          [
            5.975649,
            50.445078
          ],
          [
            5.975863,
            50.444985
          ],
          [
            5.976877,
            50.444568
          ],
          [
            5.976962,
            50.44453
          ],
          [
            5.977048,
            50.444479
          ],
          [
            5.977134,
            50.444427
          ],
          [
            5.977227,
            50.444344
          ],
          [
            5.977308,
            50.444245
          ],
          [
            5.977343,
            50.444189
          ],
          [
            5.977371,
            50.444128
          ],
          [
            5.977385,
            50.444064
          ],
          [
            5.977402,
            50.443913
          ],
          [
            5.977407,
            50.443853
          ],
          [
            5.977428,
            50.443598
          ],
          [
            5.97743,
            50.443515
          ],
          [
            5.977433,
            50.443453
          ],
          [
            5.977431,
            50.443398
          ],
          [
            5.977418,
            50.443325
          ],
          [
            5.9774,
            50.443262
          ],
          [
            5.977375,
            50.4432
          ],
          [
            5.977335,
            50.443116
          ],
          [
            5.977271,
            50.443032
          ],
          [
            5.977208,
            50.442963
          ],
          [
            5.977132,
            50.442891
          ],
          [
            5.977019,
            50.442817
          ],
          [
            5.976908,
            50.442752
          ],
          [
            5.976781,
            50.44269
          ],
          [
            5.976684,
            50.442656
          ],
          [
            5.975762,
            50.442397
          ],
          [
            5.97555,
            50.442339
          ],
          [
            5.975443,
            50.442305
          ],
          [
            5.975327,
            50.442266
          ],
          [
            5.975145,
            50.442185
          ],
          [
            5.975019,
            50.442109
          ],
          [
            5.974908,
            50.442031
          ],
          [
            5.974844,
            50.441981
          ],
          [
            5.97479,
            50.441927
          ],
          [
            5.974693,
            50.441826
          ],
          [
            5.974646,
            50.44176
          ],
          [
            5.974598,
            50.441679
          ],
          [
            5.974552,
            50.441594
          ],
          [
            5.974527,
            50.441513
          ],
          [
            5.974511,
            50.44144
          ],
          [
            5.974499,
            50.441355
          ],
          [
            5.974501,
            50.441273
          ],
          [
            5.974507,
            50.441198
          ],
          [
            5.974524,
            50.441128
          ],
          [
            5.974544,
            50.441051
          ],
          [
            5.974581,
            50.440974
          ],
          [
            5.974623,
            50.440896
          ],
          [
            5.974684,
            50.440809
          ],
          [
            5.974784,
            50.440698
          ],
          [
            5.974916,
            50.440562
          ],
          [
            5.975026,
            50.440452
          ],
          [
            5.97565,
            50.439816
          ],
          [
            5.975992,
            50.439468
          ],
          [
            5.976283,
            50.43917
          ],
          [
            5.976363,
            50.439082
          ],
          [
            5.976419,
            50.439005
          ],
          [
            5.976459,
            50.43893
          ],
          [
            5.976493,
            50.438839
          ],
          [
            5.976529,
            50.4387
          ],
          [
            5.976556,
            50.438561
          ],
          [
            5.976573,
            50.438498
          ],
          [
            5.976747,
            50.437719
          ],
          [
            5.976818,
            50.437398
          ],
          [
            5.976898,
            50.437077
          ],
          [
            5.976951,
            50.436942
          ],
          [
            5.977049,
            50.436796
          ],
          [
            5.977146,
            50.436687
          ],
          [
            5.977279,
            50.436576
          ],
          [
            5.977404,
            50.436493
          ],
          [
            5.977559,
            50.436403
          ],
          [
            5.978059,
            50.43613
          ],
          [
            5.978716,
            50.435773
          ],
          [
            5.979185,
            50.435519
          ],
          [
            5.97936,
            50.435415
          ],
          [
            5.979461,
            50.435343
          ],
          [
            5.979544,
            50.435264
          ],
          [
            5.979598,
            50.435208
          ],
          [
            5.979644,
            50.435151
          ],
          [
            5.979695,
            50.435067
          ],
          [
            5.97973,
            50.434983
          ],
          [
            5.979755,
            50.434866
          ],
          [
            5.979761,
            50.434815
          ],
          [
            5.979763,
            50.434662
          ],
          [
            5.979704,
            50.433389
          ],
          [
            5.979668,
            50.432936
          ],
          [
            5.979637,
            50.432695
          ],
          [
            5.979552,
            50.432047
          ],
          [
            5.97948,
            50.431539
          ],
          [
            5.97941,
            50.431026
          ],
          [
            5.979324,
            50.43043
          ],
          [
            5.979315,
            50.430301
          ],
          [
            5.979321,
            50.430176
          ],
          [
            5.979342,
            50.43005
          ],
          [
            5.97937,
            50.429952
          ],
          [
            5.979422,
            50.429833
          ],
          [
            5.979488,
            50.429723
          ],
          [
            5.97956,
            50.429628
          ],
          [
            5.979643,
            50.429539
          ],
          [
            5.979817,
            50.429389
          ],
          [
            5.979981,
            50.429281
          ],
          [
            5.980183,
            50.42917
          ],
          [
            5.980682,
            50.428916
          ],
          [
            5.980937,
            50.428787
          ],
          [
            5.981193,
            50.428657
          ],
          [
            5.981652,
            50.428425
          ],
          [
            5.982095,
            50.428201
          ],
          [
            5.982062,
            50.428173
          ],
          [
            5.98198,
            50.428129
          ],
          [
            5.981938,
            50.428122
          ],
          [
            5.981832,
            50.428126
          ],
          [
            5.981803,
            50.428127
          ],
          [
            5.981493,
            50.428151
          ],
          [
            5.981182,
            50.428177
          ],
          [
            5.980805,
            50.428206
          ],
          [
            5.980377,
            50.428239
          ],
          [
            5.979799,
            50.428285
          ],
          [
            5.979039,
            50.428346
          ],
          [
            5.97885,
            50.428366
          ],
          [
            5.978604,
            50.428407
          ],
          [
            5.978503,
            50.428432
          ],
          [
            5.978398,
            50.428461
          ],
          [
            5.978264,
            50.428514
          ],
          [
            5.97815,
            50.428566
          ],
          [
            5.97801,
            50.428641
          ],
          [
            5.977898,
            50.42872
          ],
          [
            5.97779,
            50.428806
          ],
          [
            5.97772,
            50.428881
          ],
          [
            5.977653,
            50.428958
          ],
          [
            5.977601,
            50.429024
          ],
          [
            5.977541,
            50.429127
          ],
          [
            5.977516,
            50.429186
          ],
          [
            5.97749,
            50.429259
          ],
          [
            5.977466,
            50.42935
          ]
        ]
      },
      "properties": {
        "id": "spa-route-liege-arrival",
        "name": "Льеж → трасса",
        "distanceM": 55934,
        "routeType": "arrival",
        "travelMode": "car",
        "featureType": "route",
        "reviewStatus": "candidate",
        "durationMinutes": 46
      }
    },
    {
      "type": "Feature",
      "geometry": {
        "type": "LineString",
        "coordinates": [
          [
            5.931193,
            50.394258
          ],
          [
            5.93132,
            50.394298
          ],
          [
            5.931492,
            50.394353
          ],
          [
            5.931798,
            50.394507
          ],
          [
            5.931653,
            50.394718
          ],
          [
            5.931839,
            50.394781
          ],
          [
            5.931945,
            50.39485
          ],
          [
            5.931984,
            50.394955
          ],
          [
            5.932196,
            50.395043
          ],
          [
            5.932614,
            50.395279
          ],
          [
            5.932669,
            50.395307
          ],
          [
            5.933361,
            50.395664
          ],
          [
            5.934039,
            50.395951
          ],
          [
            5.934229,
            50.396033
          ],
          [
            5.934321,
            50.396076
          ],
          [
            5.934378,
            50.396112
          ],
          [
            5.934479,
            50.396169
          ],
          [
            5.934544,
            50.396203
          ],
          [
            5.934598,
            50.396211
          ],
          [
            5.934646,
            50.396229
          ],
          [
            5.934685,
            50.396253
          ],
          [
            5.934722,
            50.396308
          ],
          [
            5.93476,
            50.396324
          ],
          [
            5.934814,
            50.396354
          ],
          [
            5.934862,
            50.396372
          ],
          [
            5.934914,
            50.396402
          ],
          [
            5.935286,
            50.396459
          ],
          [
            5.935749,
            50.396555
          ],
          [
            5.936082,
            50.396637
          ],
          [
            5.936514,
            50.396751
          ],
          [
            5.937161,
            50.396919
          ],
          [
            5.937983,
            50.397129
          ],
          [
            5.938105,
            50.397157
          ],
          [
            5.938318,
            50.397214
          ],
          [
            5.939012,
            50.397385
          ],
          [
            5.939268,
            50.397451
          ],
          [
            5.939513,
            50.397515
          ],
          [
            5.939635,
            50.397548
          ],
          [
            5.940143,
            50.397696
          ],
          [
            5.941338,
            50.398071
          ],
          [
            5.941711,
            50.398186
          ],
          [
            5.941879,
            50.398236
          ],
          [
            5.942076,
            50.398298
          ],
          [
            5.942962,
            50.398571
          ],
          [
            5.943143,
            50.398639
          ],
          [
            5.943291,
            50.398718
          ],
          [
            5.94346,
            50.398802
          ],
          [
            5.943649,
            50.39893
          ],
          [
            5.943838,
            50.399079
          ],
          [
            5.944178,
            50.399423
          ],
          [
            5.944876,
            50.400132
          ],
          [
            5.945369,
            50.400655
          ],
          [
            5.945661,
            50.400942
          ],
          [
            5.945755,
            50.401035
          ],
          [
            5.945918,
            50.401195
          ],
          [
            5.945955,
            50.401232
          ],
          [
            5.946007,
            50.401285
          ],
          [
            5.946827,
            50.402126
          ],
          [
            5.947163,
            50.402466
          ],
          [
            5.947231,
            50.402528
          ],
          [
            5.947361,
            50.402634
          ],
          [
            5.947494,
            50.40273
          ],
          [
            5.947593,
            50.40279
          ],
          [
            5.947655,
            50.402821
          ],
          [
            5.94772,
            50.402847
          ],
          [
            5.947773,
            50.402866
          ],
          [
            5.947829,
            50.402881
          ],
          [
            5.947916,
            50.402888
          ],
          [
            5.947997,
            50.402892
          ],
          [
            5.948077,
            50.402894
          ],
          [
            5.948165,
            50.402894
          ],
          [
            5.94826,
            50.402899
          ],
          [
            5.948445,
            50.402918
          ],
          [
            5.948614,
            50.402947
          ],
          [
            5.948725,
            50.402974
          ],
          [
            5.948855,
            50.403023
          ],
          [
            5.948877,
            50.403031
          ],
          [
            5.949033,
            50.403112
          ],
          [
            5.949674,
            50.403566
          ],
          [
            5.949921,
            50.403716
          ],
          [
            5.950142,
            50.403817
          ],
          [
            5.950343,
            50.403907
          ],
          [
            5.950567,
            50.403968
          ],
          [
            5.950847,
            50.404029
          ],
          [
            5.951109,
            50.40406
          ],
          [
            5.951526,
            50.404085
          ],
          [
            5.952242,
            50.4041
          ],
          [
            5.952369,
            50.404106
          ],
          [
            5.952515,
            50.404109
          ],
          [
            5.952621,
            50.40411
          ],
          [
            5.954074,
            50.404116
          ],
          [
            5.954199,
            50.404383
          ],
          [
            5.954294,
            50.404675
          ],
          [
            5.954433,
            50.405061
          ],
          [
            5.95454,
            50.405217
          ],
          [
            5.955191,
            50.406033
          ],
          [
            5.955741,
            50.406754
          ],
          [
            5.956215,
            50.407433
          ],
          [
            5.956632,
            50.407996
          ],
          [
            5.956777,
            50.408096
          ],
          [
            5.956788,
            50.408262
          ],
          [
            5.956875,
            50.408506
          ],
          [
            5.956902,
            50.408611
          ],
          [
            5.956954,
            50.40877
          ],
          [
            5.957002,
            50.408959
          ],
          [
            5.957011,
            50.40914
          ],
          [
            5.956983,
            50.40936
          ],
          [
            5.95691,
            50.409703
          ],
          [
            5.956895,
            50.409834
          ],
          [
            5.956945,
            50.409961
          ],
          [
            5.957034,
            50.41004
          ],
          [
            5.957249,
            50.410164
          ],
          [
            5.957662,
            50.410409
          ],
          [
            5.958941,
            50.411051
          ],
          [
            5.959086,
            50.411153
          ],
          [
            5.959215,
            50.411253
          ],
          [
            5.959334,
            50.411381
          ],
          [
            5.960879,
            50.413433
          ],
          [
            5.961744,
            50.414585
          ],
          [
            5.963151,
            50.416537
          ],
          [
            5.963897,
            50.417429
          ],
          [
            5.964406,
            50.417923
          ],
          [
            5.964732,
            50.418211
          ],
          [
            5.964999,
            50.418485
          ],
          [
            5.965154,
            50.418579
          ],
          [
            5.965452,
            50.418536
          ],
          [
            5.965594,
            50.418512
          ],
          [
            5.965692,
            50.41849
          ],
          [
            5.965953,
            50.418533
          ],
          [
            5.966261,
            50.418552
          ],
          [
            5.9664,
            50.418578
          ],
          [
            5.966507,
            50.418633
          ],
          [
            5.96656,
            50.418718
          ],
          [
            5.966556,
            50.418795
          ],
          [
            5.966519,
            50.418883
          ],
          [
            5.966322,
            50.419409
          ],
          [
            5.966193,
            50.419732
          ],
          [
            5.966146,
            50.419986
          ],
          [
            5.966099,
            50.420394
          ],
          [
            5.966112,
            50.420561
          ],
          [
            5.966208,
            50.420749
          ],
          [
            5.966449,
            50.421138
          ],
          [
            5.966468,
            50.421213
          ],
          [
            5.966455,
            50.421322
          ],
          [
            5.966311,
            50.421537
          ],
          [
            5.966241,
            50.421676
          ],
          [
            5.966205,
            50.421768
          ],
          [
            5.966171,
            50.421928
          ],
          [
            5.966098,
            50.422116
          ],
          [
            5.965847,
            50.42253
          ],
          [
            5.966066,
            50.422619
          ],
          [
            5.966269,
            50.422682
          ],
          [
            5.966539,
            50.422751
          ],
          [
            5.96673,
            50.422857
          ],
          [
            5.966783,
            50.422967
          ],
          [
            5.966956,
            50.423441
          ],
          [
            5.967066,
            50.423723
          ],
          [
            5.967135,
            50.423868
          ],
          [
            5.967226,
            50.423956
          ],
          [
            5.967324,
            50.424021
          ],
          [
            5.967469,
            50.424093
          ],
          [
            5.967626,
            50.424176
          ],
          [
            5.967835,
            50.424277
          ],
          [
            5.96798,
            50.424343
          ],
          [
            5.968094,
            50.424402
          ],
          [
            5.968208,
            50.424493
          ],
          [
            5.968595,
            50.424854
          ],
          [
            5.9694,
            50.425622
          ],
          [
            5.969602,
            50.42583
          ],
          [
            5.969715,
            50.425906
          ],
          [
            5.969941,
            50.426043
          ],
          [
            5.970392,
            50.426275
          ],
          [
            5.970777,
            50.426465
          ],
          [
            5.971136,
            50.426626
          ],
          [
            5.971352,
            50.426712
          ],
          [
            5.971601,
            50.426805
          ],
          [
            5.971778,
            50.426867
          ],
          [
            5.972098,
            50.42697
          ],
          [
            5.972168,
            50.426993
          ],
          [
            5.973097,
            50.427298
          ],
          [
            5.973499,
            50.427442
          ],
          [
            5.973774,
            50.427542
          ],
          [
            5.974038,
            50.427633
          ],
          [
            5.974405,
            50.427756
          ],
          [
            5.974451,
            50.427771
          ],
          [
            5.974828,
            50.427891
          ],
          [
            5.975085,
            50.427968
          ],
          [
            5.976152,
            50.428299
          ],
          [
            5.976477,
            50.4284
          ],
          [
            5.976652,
            50.428461
          ],
          [
            5.976746,
            50.428504
          ],
          [
            5.976878,
            50.428572
          ],
          [
            5.977096,
            50.428696
          ],
          [
            5.977259,
            50.42881
          ],
          [
            5.977406,
            50.428907
          ],
          [
            5.977601,
            50.429024
          ],
          [
            5.977541,
            50.429127
          ],
          [
            5.977516,
            50.429186
          ],
          [
            5.97749,
            50.429259
          ],
          [
            5.977466,
            50.42935
          ]
        ]
      },
      "properties": {
        "id": "spa-route-stavelot",
        "name": "Ставло → трасса",
        "distanceM": 5654,
        "routeType": "arrival",
        "travelMode": "car",
        "featureType": "route",
        "reviewStatus": "candidate",
        "durationMinutes": 8
      }
    },
    {
      "type": "Feature",
      "geometry": {
        "type": "LineString",
        "coordinates": [
          [
            5.977466,
            50.42935
          ],
          [
            5.97749,
            50.429259
          ],
          [
            5.977516,
            50.429186
          ],
          [
            5.977541,
            50.429127
          ],
          [
            5.977601,
            50.429024
          ],
          [
            5.977406,
            50.428907
          ],
          [
            5.977259,
            50.42881
          ],
          [
            5.977096,
            50.428696
          ],
          [
            5.976878,
            50.428572
          ],
          [
            5.976746,
            50.428504
          ],
          [
            5.976652,
            50.428461
          ],
          [
            5.976477,
            50.4284
          ],
          [
            5.976152,
            50.428299
          ],
          [
            5.975085,
            50.427968
          ],
          [
            5.974828,
            50.427891
          ],
          [
            5.974451,
            50.427771
          ],
          [
            5.974405,
            50.427756
          ],
          [
            5.974038,
            50.427633
          ],
          [
            5.973774,
            50.427542
          ],
          [
            5.973499,
            50.427442
          ],
          [
            5.973097,
            50.427298
          ],
          [
            5.972168,
            50.426993
          ],
          [
            5.972098,
            50.42697
          ],
          [
            5.971778,
            50.426867
          ],
          [
            5.971601,
            50.426805
          ],
          [
            5.971352,
            50.426712
          ],
          [
            5.971136,
            50.426626
          ],
          [
            5.970777,
            50.426465
          ],
          [
            5.970392,
            50.426275
          ],
          [
            5.969941,
            50.426043
          ],
          [
            5.969715,
            50.425906
          ],
          [
            5.969602,
            50.42583
          ],
          [
            5.9694,
            50.425622
          ],
          [
            5.968595,
            50.424854
          ],
          [
            5.968208,
            50.424493
          ],
          [
            5.968094,
            50.424402
          ],
          [
            5.96798,
            50.424343
          ],
          [
            5.967835,
            50.424277
          ],
          [
            5.967626,
            50.424176
          ],
          [
            5.967469,
            50.424093
          ],
          [
            5.967324,
            50.424021
          ],
          [
            5.967226,
            50.423956
          ],
          [
            5.967135,
            50.423868
          ],
          [
            5.967066,
            50.423723
          ],
          [
            5.966956,
            50.423441
          ],
          [
            5.966783,
            50.422967
          ],
          [
            5.96673,
            50.422857
          ],
          [
            5.966539,
            50.422751
          ],
          [
            5.966269,
            50.422682
          ],
          [
            5.966066,
            50.422619
          ],
          [
            5.965847,
            50.42253
          ],
          [
            5.966098,
            50.422116
          ],
          [
            5.966171,
            50.421928
          ],
          [
            5.966205,
            50.421768
          ],
          [
            5.966241,
            50.421676
          ],
          [
            5.966311,
            50.421537
          ],
          [
            5.966455,
            50.421322
          ],
          [
            5.966468,
            50.421213
          ],
          [
            5.966449,
            50.421138
          ],
          [
            5.966208,
            50.420749
          ],
          [
            5.966112,
            50.420561
          ],
          [
            5.966099,
            50.420394
          ],
          [
            5.966146,
            50.419986
          ],
          [
            5.966193,
            50.419732
          ],
          [
            5.966322,
            50.419409
          ],
          [
            5.966519,
            50.418883
          ],
          [
            5.966556,
            50.418795
          ],
          [
            5.96656,
            50.418718
          ],
          [
            5.966507,
            50.418633
          ],
          [
            5.9664,
            50.418578
          ],
          [
            5.966261,
            50.418552
          ],
          [
            5.965953,
            50.418533
          ],
          [
            5.965692,
            50.41849
          ],
          [
            5.965594,
            50.418512
          ],
          [
            5.965452,
            50.418536
          ],
          [
            5.965154,
            50.418579
          ],
          [
            5.964999,
            50.418485
          ],
          [
            5.964732,
            50.418211
          ],
          [
            5.964406,
            50.417923
          ],
          [
            5.963897,
            50.417429
          ],
          [
            5.963151,
            50.416537
          ],
          [
            5.961744,
            50.414585
          ],
          [
            5.960879,
            50.413433
          ],
          [
            5.959334,
            50.411381
          ],
          [
            5.959215,
            50.411253
          ],
          [
            5.959086,
            50.411153
          ],
          [
            5.958941,
            50.411051
          ],
          [
            5.957662,
            50.410409
          ],
          [
            5.957249,
            50.410164
          ],
          [
            5.957034,
            50.41004
          ],
          [
            5.956945,
            50.409961
          ],
          [
            5.956895,
            50.409834
          ],
          [
            5.95691,
            50.409703
          ],
          [
            5.956983,
            50.40936
          ],
          [
            5.957011,
            50.40914
          ],
          [
            5.957002,
            50.408959
          ],
          [
            5.956954,
            50.40877
          ],
          [
            5.956902,
            50.408611
          ],
          [
            5.956875,
            50.408506
          ],
          [
            5.956788,
            50.408262
          ],
          [
            5.956777,
            50.408096
          ],
          [
            5.956632,
            50.407996
          ],
          [
            5.956215,
            50.407433
          ],
          [
            5.955741,
            50.406754
          ],
          [
            5.955191,
            50.406033
          ],
          [
            5.95454,
            50.405217
          ],
          [
            5.954433,
            50.405061
          ],
          [
            5.954294,
            50.404675
          ],
          [
            5.954199,
            50.404383
          ],
          [
            5.954074,
            50.404116
          ],
          [
            5.952621,
            50.40411
          ],
          [
            5.952515,
            50.404109
          ],
          [
            5.952369,
            50.404106
          ],
          [
            5.952242,
            50.4041
          ],
          [
            5.951526,
            50.404085
          ],
          [
            5.951109,
            50.40406
          ],
          [
            5.950847,
            50.404029
          ],
          [
            5.950567,
            50.403968
          ],
          [
            5.950343,
            50.403907
          ],
          [
            5.950142,
            50.403817
          ],
          [
            5.949921,
            50.403716
          ],
          [
            5.949674,
            50.403566
          ],
          [
            5.949033,
            50.403112
          ],
          [
            5.948877,
            50.403031
          ],
          [
            5.948855,
            50.403023
          ],
          [
            5.948725,
            50.402974
          ],
          [
            5.948614,
            50.402947
          ],
          [
            5.948445,
            50.402918
          ],
          [
            5.94826,
            50.402899
          ],
          [
            5.948165,
            50.402894
          ],
          [
            5.948077,
            50.402894
          ],
          [
            5.947997,
            50.402892
          ],
          [
            5.947916,
            50.402888
          ],
          [
            5.947829,
            50.402881
          ],
          [
            5.947773,
            50.402866
          ],
          [
            5.94772,
            50.402847
          ],
          [
            5.947655,
            50.402821
          ],
          [
            5.947593,
            50.40279
          ],
          [
            5.947494,
            50.40273
          ],
          [
            5.947361,
            50.402634
          ],
          [
            5.947231,
            50.402528
          ],
          [
            5.947163,
            50.402466
          ],
          [
            5.946827,
            50.402126
          ],
          [
            5.946007,
            50.401285
          ],
          [
            5.945955,
            50.401232
          ],
          [
            5.945918,
            50.401195
          ],
          [
            5.945755,
            50.401035
          ],
          [
            5.945661,
            50.400942
          ],
          [
            5.945369,
            50.400655
          ],
          [
            5.944876,
            50.400132
          ],
          [
            5.944178,
            50.399423
          ],
          [
            5.943838,
            50.399079
          ],
          [
            5.943649,
            50.39893
          ],
          [
            5.94346,
            50.398802
          ],
          [
            5.943291,
            50.398718
          ],
          [
            5.943143,
            50.398639
          ],
          [
            5.942962,
            50.398571
          ],
          [
            5.942076,
            50.398298
          ],
          [
            5.941879,
            50.398236
          ],
          [
            5.941711,
            50.398186
          ],
          [
            5.941338,
            50.398071
          ],
          [
            5.940143,
            50.397696
          ],
          [
            5.939635,
            50.397548
          ],
          [
            5.939513,
            50.397515
          ],
          [
            5.939268,
            50.397451
          ],
          [
            5.939012,
            50.397385
          ],
          [
            5.938318,
            50.397214
          ],
          [
            5.938105,
            50.397157
          ],
          [
            5.937983,
            50.397129
          ],
          [
            5.937161,
            50.396919
          ],
          [
            5.936514,
            50.396751
          ],
          [
            5.936082,
            50.396637
          ],
          [
            5.935749,
            50.396555
          ],
          [
            5.935286,
            50.396459
          ],
          [
            5.934914,
            50.396402
          ],
          [
            5.934831,
            50.396401
          ],
          [
            5.934755,
            50.3964
          ],
          [
            5.934688,
            50.396402
          ],
          [
            5.934645,
            50.39643
          ],
          [
            5.934589,
            50.396449
          ],
          [
            5.934527,
            50.396455
          ],
          [
            5.934466,
            50.396449
          ],
          [
            5.93441,
            50.396431
          ],
          [
            5.934366,
            50.396403
          ],
          [
            5.934338,
            50.396367
          ],
          [
            5.934329,
            50.396328
          ],
          [
            5.934339,
            50.396288
          ],
          [
            5.934362,
            50.396259
          ],
          [
            5.934395,
            50.396235
          ],
          [
            5.934392,
            50.396189
          ],
          [
            5.934392,
            50.396157
          ],
          [
            5.934378,
            50.396112
          ],
          [
            5.934321,
            50.396076
          ],
          [
            5.934229,
            50.396033
          ],
          [
            5.934039,
            50.395951
          ],
          [
            5.933361,
            50.395664
          ],
          [
            5.932669,
            50.395307
          ],
          [
            5.932614,
            50.395279
          ],
          [
            5.932196,
            50.395043
          ],
          [
            5.931984,
            50.394955
          ],
          [
            5.931869,
            50.394919
          ],
          [
            5.931833,
            50.394869
          ],
          [
            5.93178,
            50.394825
          ],
          [
            5.931653,
            50.394718
          ],
          [
            5.931798,
            50.394507
          ],
          [
            5.931492,
            50.394353
          ],
          [
            5.93132,
            50.394298
          ],
          [
            5.931193,
            50.394258
          ],
          [
            5.931137,
            50.394241
          ],
          [
            5.930922,
            50.394174
          ],
          [
            5.931137,
            50.394241
          ],
          [
            5.93132,
            50.394298
          ],
          [
            5.931492,
            50.394353
          ],
          [
            5.931798,
            50.394507
          ],
          [
            5.931653,
            50.394718
          ],
          [
            5.931839,
            50.394781
          ],
          [
            5.931945,
            50.39485
          ],
          [
            5.931984,
            50.394955
          ],
          [
            5.931727,
            50.395006
          ],
          [
            5.931563,
            50.395058
          ],
          [
            5.931526,
            50.395209
          ],
          [
            5.931489,
            50.395313
          ],
          [
            5.931505,
            50.395397
          ],
          [
            5.931522,
            50.395723
          ],
          [
            5.930924,
            50.395719
          ],
          [
            5.930777,
            50.395849
          ],
          [
            5.930651,
            50.395899
          ],
          [
            5.930251,
            50.395993
          ],
          [
            5.930085,
            50.396019
          ],
          [
            5.929901,
            50.396003
          ],
          [
            5.929812,
            50.395971
          ],
          [
            5.929776,
            50.395936
          ],
          [
            5.929579,
            50.395693
          ],
          [
            5.929477,
            50.395618
          ],
          [
            5.929322,
            50.39553
          ],
          [
            5.928886,
            50.395296
          ],
          [
            5.928609,
            50.395204
          ],
          [
            5.928488,
            50.39513
          ],
          [
            5.92837,
            50.395049
          ],
          [
            5.9281,
            50.395021
          ],
          [
            5.927881,
            50.395057
          ],
          [
            5.927831,
            50.395024
          ],
          [
            5.927483,
            50.39478
          ],
          [
            5.927247,
            50.394578
          ],
          [
            5.927043,
            50.394377
          ],
          [
            5.926986,
            50.39432
          ],
          [
            5.926954,
            50.394289
          ],
          [
            5.92631,
            50.393648
          ],
          [
            5.925891,
            50.39322
          ],
          [
            5.925594,
            50.39292
          ],
          [
            5.92537,
            50.392688
          ],
          [
            5.925324,
            50.392638
          ],
          [
            5.925279,
            50.392561
          ],
          [
            5.92525,
            50.392485
          ],
          [
            5.925235,
            50.39221
          ],
          [
            5.925234,
            50.392202
          ],
          [
            5.925234,
            50.392181
          ],
          [
            5.925178,
            50.392117
          ],
          [
            5.925161,
            50.392078
          ],
          [
            5.925121,
            50.39206
          ],
          [
            5.925091,
            50.392035
          ],
          [
            5.925074,
            50.392006
          ],
          [
            5.925073,
            50.391974
          ],
          [
            5.925087,
            50.391944
          ],
          [
            5.925115,
            50.391919
          ],
          [
            5.925128,
            50.391863
          ],
          [
            5.925146,
            50.391757
          ],
          [
            5.925109,
            50.39167
          ],
          [
            5.925038,
            50.391554
          ],
          [
            5.924669,
            50.391159
          ],
          [
            5.924569,
            50.391062
          ],
          [
            5.924323,
            50.390826
          ],
          [
            5.924073,
            50.390588
          ],
          [
            5.924038,
            50.390555
          ],
          [
            5.924018,
            50.390537
          ],
          [
            5.92394,
            50.390462
          ],
          [
            5.923801,
            50.39028
          ],
          [
            5.923632,
            50.390055
          ],
          [
            5.923468,
            50.389801
          ],
          [
            5.923416,
            50.389706
          ],
          [
            5.923323,
            50.389538
          ],
          [
            5.923247,
            50.389358
          ],
          [
            5.923205,
            50.389174
          ],
          [
            5.923136,
            50.388897
          ],
          [
            5.923063,
            50.388663
          ],
          [
            5.923009,
            50.388586
          ],
          [
            5.922996,
            50.388566
          ],
          [
            5.922868,
            50.388391
          ],
          [
            5.922839,
            50.388359
          ],
          [
            5.922772,
            50.388284
          ],
          [
            5.922618,
            50.388171
          ],
          [
            5.922401,
            50.38802
          ],
          [
            5.922325,
            50.387967
          ],
          [
            5.92195,
            50.387749
          ],
          [
            5.921103,
            50.387279
          ],
          [
            5.920907,
            50.387169
          ],
          [
            5.920832,
            50.387127
          ],
          [
            5.919601,
            50.386442
          ],
          [
            5.919374,
            50.386316
          ],
          [
            5.917739,
            50.385383
          ],
          [
            5.91766,
            50.385345
          ],
          [
            5.916728,
            50.38482
          ],
          [
            5.916287,
            50.38455
          ],
          [
            5.916068,
            50.384456
          ],
          [
            5.91583,
            50.384369
          ],
          [
            5.915627,
            50.384334
          ],
          [
            5.915419,
            50.384309
          ],
          [
            5.915092,
            50.384305
          ],
          [
            5.91476,
            50.384317
          ],
          [
            5.913994,
            50.384351
          ],
          [
            5.913532,
            50.384373
          ],
          [
            5.91309,
            50.384395
          ],
          [
            5.910645,
            50.384513
          ],
          [
            5.91012,
            50.384539
          ],
          [
            5.907818,
            50.384651
          ],
          [
            5.90315,
            50.384852
          ],
          [
            5.902789,
            50.384835
          ],
          [
            5.902533,
            50.384806
          ],
          [
            5.901942,
            50.384626
          ],
          [
            5.901583,
            50.384496
          ],
          [
            5.90103,
            50.384281
          ],
          [
            5.900465,
            50.384056
          ],
          [
            5.900328,
            50.383988
          ],
          [
            5.9002,
            50.383904
          ],
          [
            5.899768,
            50.383399
          ],
          [
            5.898937,
            50.382066
          ],
          [
            5.898819,
            50.381787
          ],
          [
            5.898461,
            50.381067
          ],
          [
            5.898352,
            50.380834
          ],
          [
            5.897902,
            50.379784
          ],
          [
            5.897761,
            50.379568
          ],
          [
            5.897603,
            50.379368
          ],
          [
            5.897423,
            50.379188
          ],
          [
            5.897204,
            50.379017
          ],
          [
            5.896947,
            50.378851
          ],
          [
            5.896681,
            50.378723
          ],
          [
            5.89642,
            50.37861
          ],
          [
            5.896159,
            50.378522
          ],
          [
            5.895927,
            50.378453
          ],
          [
            5.895701,
            50.378405
          ],
          [
            5.895469,
            50.37838
          ],
          [
            5.895239,
            50.378369
          ],
          [
            5.893414,
            50.378354
          ],
          [
            5.892824,
            50.378358
          ],
          [
            5.890117,
            50.378354
          ],
          [
            5.886993,
            50.378342
          ],
          [
            5.886192,
            50.378348
          ],
          [
            5.885727,
            50.378338
          ],
          [
            5.885343,
            50.378326
          ],
          [
            5.884894,
            50.378289
          ],
          [
            5.88466,
            50.378253
          ],
          [
            5.884417,
            50.378199
          ],
          [
            5.884164,
            50.378141
          ],
          [
            5.88393,
            50.37806
          ],
          [
            5.883438,
            50.377883
          ],
          [
            5.882289,
            50.377384
          ],
          [
            5.881997,
            50.377268
          ],
          [
            5.881694,
            50.377163
          ],
          [
            5.881095,
            50.376979
          ],
          [
            5.879409,
            50.376471
          ],
          [
            5.878976,
            50.376347
          ],
          [
            5.878714,
            50.376282
          ],
          [
            5.878449,
            50.376241
          ],
          [
            5.87809,
            50.376209
          ],
          [
            5.877592,
            50.376173
          ],
          [
            5.876902,
            50.376138
          ],
          [
            5.876666,
            50.376124
          ],
          [
            5.876536,
            50.376123
          ],
          [
            5.876453,
            50.376132
          ],
          [
            5.876384,
            50.376142
          ],
          [
            5.876282,
            50.376171
          ],
          [
            5.876165,
            50.37623
          ],
          [
            5.876091,
            50.376283
          ],
          [
            5.87603,
            50.376348
          ],
          [
            5.875833,
            50.37657
          ],
          [
            5.875792,
            50.376614
          ],
          [
            5.875727,
            50.376673
          ],
          [
            5.875676,
            50.376708
          ],
          [
            5.875609,
            50.376744
          ],
          [
            5.875317,
            50.376857
          ],
          [
            5.87521,
            50.376895
          ],
          [
            5.875168,
            50.376906
          ],
          [
            5.875124,
            50.37691
          ],
          [
            5.875134,
            50.376961
          ],
          [
            5.875173,
            50.377028
          ],
          [
            5.875226,
            50.37709
          ],
          [
            5.875434,
            50.377299
          ],
          [
            5.875556,
            50.377415
          ],
          [
            5.875716,
            50.377578
          ],
          [
            5.875999,
            50.377892
          ],
          [
            5.876323,
            50.378283
          ],
          [
            5.876628,
            50.378671
          ],
          [
            5.876903,
            50.379027
          ],
          [
            5.877029,
            50.379187
          ],
          [
            5.877168,
            50.379363
          ],
          [
            5.877247,
            50.379463
          ],
          [
            5.877326,
            50.379567
          ],
          [
            5.877413,
            50.379663
          ],
          [
            5.877776,
            50.380045
          ],
          [
            5.87823,
            50.380524
          ],
          [
            5.878613,
            50.380927
          ],
          [
            5.878871,
            50.381196
          ],
          [
            5.878889,
            50.381214
          ],
          [
            5.878913,
            50.381231
          ],
          [
            5.878933,
            50.381242
          ],
          [
            5.878954,
            50.381252
          ],
          [
            5.878992,
            50.381267
          ],
          [
            5.87907,
            50.381291
          ],
          [
            5.879194,
            50.381322
          ],
          [
            5.879263,
            50.381337
          ],
          [
            5.879298,
            50.381346
          ],
          [
            5.879333,
            50.38136
          ],
          [
            5.879356,
            50.381377
          ],
          [
            5.879377,
            50.381394
          ],
          [
            5.879415,
            50.381434
          ],
          [
            5.879442,
            50.381477
          ],
          [
            5.879466,
            50.381522
          ],
          [
            5.87955,
            50.381717
          ],
          [
            5.879659,
            50.38198
          ],
          [
            5.879698,
            50.382075
          ],
          [
            5.879743,
            50.382164
          ],
          [
            5.879779,
            50.382226
          ],
          [
            5.87982,
            50.382288
          ],
          [
            5.879897,
            50.382402
          ],
          [
            5.879972,
            50.382517
          ],
          [
            5.880041,
            50.382623
          ],
          [
            5.880087,
            50.382711
          ],
          [
            5.880147,
            50.382842
          ],
          [
            5.880187,
            50.382956
          ],
          [
            5.880216,
            50.383063
          ],
          [
            5.880256,
            50.383283
          ],
          [
            5.880285,
            50.383489
          ],
          [
            5.880314,
            50.383719
          ],
          [
            5.88036,
            50.384075
          ],
          [
            5.880392,
            50.384288
          ],
          [
            5.880457,
            50.384667
          ],
          [
            5.880616,
            50.385406
          ],
          [
            5.880667,
            50.385637
          ],
          [
            5.880801,
            50.386265
          ],
          [
            5.880895,
            50.386673
          ],
          [
            5.880997,
            50.387091
          ],
          [
            5.881098,
            50.387527
          ],
          [
            5.88117,
            50.387865
          ],
          [
            5.881238,
            50.388144
          ],
          [
            5.881304,
            50.388424
          ],
          [
            5.881358,
            50.388651
          ],
          [
            5.881433,
            50.388969
          ],
          [
            5.881489,
            50.389203
          ],
          [
            5.881533,
            50.389405
          ],
          [
            5.881562,
            50.38952
          ],
          [
            5.881586,
            50.389626
          ],
          [
            5.881593,
            50.389683
          ],
          [
            5.881606,
            50.389777
          ],
          [
            5.881606,
            50.389884
          ],
          [
            5.881594,
            50.390004
          ],
          [
            5.881568,
            50.390132
          ],
          [
            5.881493,
            50.390378
          ],
          [
            5.881251,
            50.3911
          ],
          [
            5.88122,
            50.391186
          ],
          [
            5.881178,
            50.391279
          ],
          [
            5.881117,
            50.391398
          ],
          [
            5.88108,
            50.391464
          ],
          [
            5.881048,
            50.391514
          ],
          [
            5.880998,
            50.391574
          ],
          [
            5.880935,
            50.391634
          ],
          [
            5.880882,
            50.391677
          ],
          [
            5.880821,
            50.391721
          ],
          [
            5.880742,
            50.391773
          ],
          [
            5.880658,
            50.391829
          ],
          [
            5.880586,
            50.391877
          ],
          [
            5.88054,
            50.391919
          ],
          [
            5.880489,
            50.391979
          ],
          [
            5.880441,
            50.392044
          ],
          [
            5.880395,
            50.392109
          ],
          [
            5.880353,
            50.39217
          ],
          [
            5.880306,
            50.392234
          ],
          [
            5.880255,
            50.392295
          ],
          [
            5.88015,
            50.392399
          ],
          [
            5.88003,
            50.392503
          ],
          [
            5.879878,
            50.392631
          ],
          [
            5.879716,
            50.392759
          ],
          [
            5.879586,
            50.392853
          ],
          [
            5.879486,
            50.392916
          ],
          [
            5.879354,
            50.39299
          ],
          [
            5.879134,
            50.393096
          ],
          [
            5.878812,
            50.393249
          ],
          [
            5.878479,
            50.393407
          ],
          [
            5.87833,
            50.393476
          ],
          [
            5.878227,
            50.393524
          ],
          [
            5.878192,
            50.393542
          ],
          [
            5.878163,
            50.39356
          ],
          [
            5.878113,
            50.393599
          ],
          [
            5.878093,
            50.393618
          ],
          [
            5.878078,
            50.393638
          ],
          [
            5.878057,
            50.393672
          ],
          [
            5.878045,
            50.39371
          ],
          [
            5.878043,
            50.393732
          ],
          [
            5.878042,
            50.393753
          ],
          [
            5.878045,
            50.393774
          ],
          [
            5.878054,
            50.393818
          ],
          [
            5.87797,
            50.393813
          ],
          [
            5.877849,
            50.393793
          ],
          [
            5.877722,
            50.393762
          ],
          [
            5.877572,
            50.393709
          ],
          [
            5.877404,
            50.393662
          ],
          [
            5.877325,
            50.393637
          ],
          [
            5.877215,
            50.3936
          ],
          [
            5.877197,
            50.393584
          ],
          [
            5.876746,
            50.393432
          ],
          [
            5.876616,
            50.393382
          ],
          [
            5.876549,
            50.393357
          ],
          [
            5.876489,
            50.393382
          ],
          [
            5.876424,
            50.39339
          ],
          [
            5.876275,
            50.393362
          ],
          [
            5.876109,
            50.393347
          ],
          [
            5.875816,
            50.393328
          ],
          [
            5.875699,
            50.39332
          ],
          [
            5.875472,
            50.39329
          ],
          [
            5.87485,
            50.393267
          ],
          [
            5.87465,
            50.393236
          ],
          [
            5.874571,
            50.393193
          ],
          [
            5.874796,
            50.393196
          ],
          [
            5.875412,
            50.393235
          ],
          [
            5.875725,
            50.393254
          ],
          [
            5.875918,
            50.393274
          ],
          [
            5.876212,
            50.393293
          ],
          [
            5.876549,
            50.393357
          ],
          [
            5.876616,
            50.393382
          ],
          [
            5.876746,
            50.393432
          ],
          [
            5.876765,
            50.393438
          ],
          [
            5.877197,
            50.393584
          ],
          [
            5.877215,
            50.3936
          ],
          [
            5.877325,
            50.393637
          ],
          [
            5.877404,
            50.393662
          ],
          [
            5.877572,
            50.393709
          ],
          [
            5.877784,
            50.393714
          ],
          [
            5.877875,
            50.393708
          ],
          [
            5.877968,
            50.393701
          ],
          [
            5.878045,
            50.39371
          ],
          [
            5.878057,
            50.393672
          ],
          [
            5.878078,
            50.393638
          ],
          [
            5.878093,
            50.393618
          ],
          [
            5.878113,
            50.393599
          ],
          [
            5.878163,
            50.39356
          ],
          [
            5.878192,
            50.393542
          ],
          [
            5.878227,
            50.393524
          ],
          [
            5.87833,
            50.393476
          ],
          [
            5.878479,
            50.393407
          ],
          [
            5.878812,
            50.393249
          ],
          [
            5.879134,
            50.393096
          ],
          [
            5.879354,
            50.39299
          ],
          [
            5.879486,
            50.392916
          ],
          [
            5.879586,
            50.392853
          ],
          [
            5.879716,
            50.392759
          ],
          [
            5.879878,
            50.392631
          ],
          [
            5.88003,
            50.392503
          ],
          [
            5.88015,
            50.392399
          ],
          [
            5.880255,
            50.392295
          ],
          [
            5.880306,
            50.392234
          ],
          [
            5.880353,
            50.39217
          ],
          [
            5.880395,
            50.392109
          ],
          [
            5.880441,
            50.392044
          ],
          [
            5.880489,
            50.391979
          ],
          [
            5.88054,
            50.391919
          ],
          [
            5.880586,
            50.391877
          ],
          [
            5.880658,
            50.391829
          ],
          [
            5.880742,
            50.391773
          ],
          [
            5.880821,
            50.391721
          ],
          [
            5.880882,
            50.391677
          ],
          [
            5.880935,
            50.391634
          ],
          [
            5.880998,
            50.391574
          ],
          [
            5.881048,
            50.391514
          ],
          [
            5.88108,
            50.391464
          ],
          [
            5.881117,
            50.391398
          ],
          [
            5.881178,
            50.391279
          ],
          [
            5.88122,
            50.391186
          ],
          [
            5.881251,
            50.3911
          ],
          [
            5.881493,
            50.390378
          ],
          [
            5.881568,
            50.390132
          ],
          [
            5.881594,
            50.390004
          ],
          [
            5.881606,
            50.389884
          ],
          [
            5.881606,
            50.389777
          ],
          [
            5.881593,
            50.389683
          ],
          [
            5.881586,
            50.389626
          ],
          [
            5.881562,
            50.38952
          ],
          [
            5.881533,
            50.389405
          ],
          [
            5.881489,
            50.389203
          ],
          [
            5.881433,
            50.388969
          ],
          [
            5.881358,
            50.388651
          ],
          [
            5.881304,
            50.388424
          ],
          [
            5.881238,
            50.388144
          ],
          [
            5.88117,
            50.387865
          ],
          [
            5.881098,
            50.387527
          ],
          [
            5.880997,
            50.387091
          ],
          [
            5.880895,
            50.386673
          ],
          [
            5.880801,
            50.386265
          ],
          [
            5.880667,
            50.385637
          ],
          [
            5.880616,
            50.385406
          ],
          [
            5.880457,
            50.384667
          ],
          [
            5.880392,
            50.384288
          ],
          [
            5.88036,
            50.384075
          ],
          [
            5.880314,
            50.383719
          ],
          [
            5.880285,
            50.383489
          ],
          [
            5.880256,
            50.383283
          ],
          [
            5.880216,
            50.383063
          ],
          [
            5.880187,
            50.382956
          ],
          [
            5.880147,
            50.382842
          ],
          [
            5.880087,
            50.382711
          ],
          [
            5.880041,
            50.382623
          ],
          [
            5.879972,
            50.382517
          ],
          [
            5.879897,
            50.382402
          ],
          [
            5.87982,
            50.382288
          ],
          [
            5.879779,
            50.382226
          ],
          [
            5.879743,
            50.382164
          ],
          [
            5.879698,
            50.382075
          ],
          [
            5.879659,
            50.38198
          ],
          [
            5.87955,
            50.381717
          ],
          [
            5.879466,
            50.381522
          ],
          [
            5.879442,
            50.381477
          ],
          [
            5.879415,
            50.381434
          ],
          [
            5.879377,
            50.381394
          ],
          [
            5.879356,
            50.381377
          ],
          [
            5.879333,
            50.38136
          ],
          [
            5.879298,
            50.381346
          ],
          [
            5.879263,
            50.381337
          ],
          [
            5.879194,
            50.381322
          ],
          [
            5.87907,
            50.381291
          ],
          [
            5.878992,
            50.381267
          ],
          [
            5.878954,
            50.381252
          ],
          [
            5.878933,
            50.381242
          ],
          [
            5.878913,
            50.381231
          ],
          [
            5.878889,
            50.381214
          ],
          [
            5.878871,
            50.381196
          ],
          [
            5.878613,
            50.380927
          ],
          [
            5.87823,
            50.380524
          ],
          [
            5.877776,
            50.380045
          ],
          [
            5.877413,
            50.379663
          ],
          [
            5.877326,
            50.379567
          ],
          [
            5.877247,
            50.379463
          ],
          [
            5.877168,
            50.379363
          ],
          [
            5.877029,
            50.379187
          ],
          [
            5.876903,
            50.379027
          ],
          [
            5.876628,
            50.378671
          ],
          [
            5.876323,
            50.378283
          ],
          [
            5.875999,
            50.377892
          ],
          [
            5.875716,
            50.377578
          ],
          [
            5.875556,
            50.377415
          ],
          [
            5.875434,
            50.377299
          ],
          [
            5.875226,
            50.37709
          ],
          [
            5.875173,
            50.377028
          ],
          [
            5.875134,
            50.376961
          ],
          [
            5.875124,
            50.37691
          ],
          [
            5.875168,
            50.376906
          ],
          [
            5.87521,
            50.376895
          ],
          [
            5.875317,
            50.376857
          ],
          [
            5.875609,
            50.376744
          ],
          [
            5.875676,
            50.376708
          ],
          [
            5.875727,
            50.376673
          ],
          [
            5.875792,
            50.376614
          ],
          [
            5.875833,
            50.37657
          ],
          [
            5.87603,
            50.376348
          ],
          [
            5.876091,
            50.376283
          ],
          [
            5.876165,
            50.37623
          ],
          [
            5.876282,
            50.376171
          ],
          [
            5.876384,
            50.376142
          ],
          [
            5.876453,
            50.376132
          ],
          [
            5.876536,
            50.376123
          ],
          [
            5.876666,
            50.376124
          ],
          [
            5.876902,
            50.376138
          ],
          [
            5.877592,
            50.376173
          ],
          [
            5.87809,
            50.376209
          ],
          [
            5.878449,
            50.376241
          ],
          [
            5.878714,
            50.376282
          ],
          [
            5.878976,
            50.376347
          ],
          [
            5.879409,
            50.376471
          ],
          [
            5.881095,
            50.376979
          ],
          [
            5.881694,
            50.377163
          ],
          [
            5.881997,
            50.377268
          ],
          [
            5.882289,
            50.377384
          ],
          [
            5.883438,
            50.377883
          ],
          [
            5.88393,
            50.37806
          ],
          [
            5.884164,
            50.378141
          ],
          [
            5.884417,
            50.378199
          ],
          [
            5.88466,
            50.378253
          ],
          [
            5.884894,
            50.378289
          ],
          [
            5.885343,
            50.378326
          ],
          [
            5.885727,
            50.378338
          ],
          [
            5.886192,
            50.378348
          ],
          [
            5.886993,
            50.378342
          ],
          [
            5.890117,
            50.378354
          ],
          [
            5.892824,
            50.378358
          ],
          [
            5.893414,
            50.378354
          ],
          [
            5.895239,
            50.378369
          ],
          [
            5.895469,
            50.37838
          ],
          [
            5.895701,
            50.378405
          ],
          [
            5.895927,
            50.378453
          ],
          [
            5.896159,
            50.378522
          ],
          [
            5.89642,
            50.37861
          ],
          [
            5.896681,
            50.378723
          ],
          [
            5.896947,
            50.378851
          ],
          [
            5.897204,
            50.379017
          ],
          [
            5.897423,
            50.379188
          ],
          [
            5.897603,
            50.379368
          ],
          [
            5.897761,
            50.379568
          ],
          [
            5.897902,
            50.379784
          ],
          [
            5.898352,
            50.380834
          ],
          [
            5.898461,
            50.381067
          ],
          [
            5.898819,
            50.381787
          ],
          [
            5.898937,
            50.382066
          ],
          [
            5.899768,
            50.383399
          ],
          [
            5.9002,
            50.383904
          ],
          [
            5.900328,
            50.383988
          ],
          [
            5.900465,
            50.384056
          ],
          [
            5.90103,
            50.384281
          ],
          [
            5.901583,
            50.384496
          ],
          [
            5.901942,
            50.384626
          ],
          [
            5.902533,
            50.384806
          ],
          [
            5.902789,
            50.384835
          ],
          [
            5.90315,
            50.384852
          ],
          [
            5.907818,
            50.384651
          ],
          [
            5.91012,
            50.384539
          ],
          [
            5.910645,
            50.384513
          ],
          [
            5.91309,
            50.384395
          ],
          [
            5.913532,
            50.384373
          ],
          [
            5.913994,
            50.384351
          ],
          [
            5.91476,
            50.384317
          ],
          [
            5.915092,
            50.384305
          ],
          [
            5.915419,
            50.384309
          ],
          [
            5.915627,
            50.384334
          ],
          [
            5.91583,
            50.384369
          ],
          [
            5.916068,
            50.384456
          ],
          [
            5.916287,
            50.38455
          ],
          [
            5.916728,
            50.38482
          ],
          [
            5.91766,
            50.385345
          ],
          [
            5.917739,
            50.385383
          ],
          [
            5.919374,
            50.386316
          ],
          [
            5.919601,
            50.386442
          ],
          [
            5.920832,
            50.387127
          ],
          [
            5.920907,
            50.387169
          ],
          [
            5.921103,
            50.387279
          ],
          [
            5.92195,
            50.387749
          ],
          [
            5.922325,
            50.387967
          ],
          [
            5.922401,
            50.38802
          ],
          [
            5.922618,
            50.388171
          ],
          [
            5.922772,
            50.388284
          ],
          [
            5.922839,
            50.388359
          ],
          [
            5.922868,
            50.388391
          ],
          [
            5.922996,
            50.388566
          ],
          [
            5.923009,
            50.388586
          ],
          [
            5.923063,
            50.388663
          ],
          [
            5.923136,
            50.388897
          ],
          [
            5.923205,
            50.389174
          ],
          [
            5.923247,
            50.389358
          ],
          [
            5.923323,
            50.389538
          ],
          [
            5.923416,
            50.389706
          ],
          [
            5.923468,
            50.389801
          ],
          [
            5.923632,
            50.390055
          ],
          [
            5.923801,
            50.39028
          ],
          [
            5.92394,
            50.390462
          ],
          [
            5.924018,
            50.390537
          ],
          [
            5.924038,
            50.390555
          ],
          [
            5.924073,
            50.390588
          ],
          [
            5.924323,
            50.390826
          ],
          [
            5.924569,
            50.391062
          ],
          [
            5.924669,
            50.391159
          ],
          [
            5.925038,
            50.391554
          ],
          [
            5.925109,
            50.39167
          ],
          [
            5.925146,
            50.391757
          ],
          [
            5.925241,
            50.391854
          ],
          [
            5.92526,
            50.391889
          ],
          [
            5.925315,
            50.391904
          ],
          [
            5.925358,
            50.39193
          ],
          [
            5.925383,
            50.391964
          ],
          [
            5.925387,
            50.391997
          ],
          [
            5.925374,
            50.392028
          ],
          [
            5.925346,
            50.392055
          ],
          [
            5.925307,
            50.392075
          ],
          [
            5.925289,
            50.392115
          ],
          [
            5.925234,
            50.392181
          ],
          [
            5.925234,
            50.392202
          ],
          [
            5.925235,
            50.39221
          ],
          [
            5.92525,
            50.392485
          ],
          [
            5.925279,
            50.392561
          ],
          [
            5.925324,
            50.392638
          ],
          [
            5.92537,
            50.392688
          ],
          [
            5.925594,
            50.39292
          ],
          [
            5.925891,
            50.39322
          ],
          [
            5.92631,
            50.393648
          ],
          [
            5.926954,
            50.394289
          ],
          [
            5.926986,
            50.39432
          ],
          [
            5.927043,
            50.394377
          ],
          [
            5.927247,
            50.394578
          ],
          [
            5.927483,
            50.39478
          ],
          [
            5.927831,
            50.395024
          ],
          [
            5.927881,
            50.395057
          ],
          [
            5.928602,
            50.395569
          ],
          [
            5.928647,
            50.395598
          ],
          [
            5.928804,
            50.395704
          ],
          [
            5.929058,
            50.395888
          ],
          [
            5.929333,
            50.396048
          ],
          [
            5.929519,
            50.396114
          ],
          [
            5.92976,
            50.396171
          ],
          [
            5.930035,
            50.396202
          ],
          [
            5.930364,
            50.396234
          ],
          [
            5.930954,
            50.396287
          ],
          [
            5.931392,
            50.396328
          ],
          [
            5.931579,
            50.396345
          ],
          [
            5.931809,
            50.39637
          ],
          [
            5.932062,
            50.396389
          ],
          [
            5.932203,
            50.396401
          ],
          [
            5.932334,
            50.396409
          ],
          [
            5.932533,
            50.396418
          ],
          [
            5.932672,
            50.39642
          ],
          [
            5.932743,
            50.396421
          ],
          [
            5.932985,
            50.396419
          ],
          [
            5.933677,
            50.396384
          ],
          [
            5.934028,
            50.396358
          ],
          [
            5.934157,
            50.396337
          ],
          [
            5.934251,
            50.39632
          ],
          [
            5.934339,
            50.396288
          ],
          [
            5.934362,
            50.396259
          ],
          [
            5.934395,
            50.396235
          ],
          [
            5.934439,
            50.396216
          ],
          [
            5.934491,
            50.396205
          ],
          [
            5.934544,
            50.396203
          ],
          [
            5.934598,
            50.396211
          ],
          [
            5.934646,
            50.396229
          ],
          [
            5.934685,
            50.396253
          ],
          [
            5.934722,
            50.396308
          ],
          [
            5.93476,
            50.396324
          ],
          [
            5.934814,
            50.396354
          ],
          [
            5.934862,
            50.396372
          ],
          [
            5.934914,
            50.396402
          ],
          [
            5.935286,
            50.396459
          ],
          [
            5.935749,
            50.396555
          ],
          [
            5.936082,
            50.396637
          ],
          [
            5.936514,
            50.396751
          ],
          [
            5.937161,
            50.396919
          ],
          [
            5.937983,
            50.397129
          ],
          [
            5.938105,
            50.397157
          ],
          [
            5.938318,
            50.397214
          ],
          [
            5.939012,
            50.397385
          ],
          [
            5.939268,
            50.397451
          ],
          [
            5.939513,
            50.397515
          ],
          [
            5.939635,
            50.397548
          ],
          [
            5.940143,
            50.397696
          ],
          [
            5.941338,
            50.398071
          ],
          [
            5.941711,
            50.398186
          ],
          [
            5.941879,
            50.398236
          ],
          [
            5.942076,
            50.398298
          ],
          [
            5.942962,
            50.398571
          ],
          [
            5.943143,
            50.398639
          ],
          [
            5.943291,
            50.398718
          ],
          [
            5.94346,
            50.398802
          ],
          [
            5.943649,
            50.39893
          ],
          [
            5.943838,
            50.399079
          ],
          [
            5.944178,
            50.399423
          ],
          [
            5.944876,
            50.400132
          ],
          [
            5.945369,
            50.400655
          ],
          [
            5.945661,
            50.400942
          ],
          [
            5.945755,
            50.401035
          ],
          [
            5.945918,
            50.401195
          ],
          [
            5.945955,
            50.401232
          ],
          [
            5.946007,
            50.401285
          ],
          [
            5.946827,
            50.402126
          ],
          [
            5.947163,
            50.402466
          ],
          [
            5.947231,
            50.402528
          ],
          [
            5.947361,
            50.402634
          ],
          [
            5.947494,
            50.40273
          ],
          [
            5.947593,
            50.40279
          ],
          [
            5.947655,
            50.402821
          ],
          [
            5.94772,
            50.402847
          ],
          [
            5.947773,
            50.402866
          ],
          [
            5.947829,
            50.402881
          ],
          [
            5.947916,
            50.402888
          ],
          [
            5.947997,
            50.402892
          ],
          [
            5.948077,
            50.402894
          ],
          [
            5.948165,
            50.402894
          ],
          [
            5.94826,
            50.402899
          ],
          [
            5.948445,
            50.402918
          ],
          [
            5.948614,
            50.402947
          ],
          [
            5.948725,
            50.402974
          ],
          [
            5.948855,
            50.403023
          ],
          [
            5.948877,
            50.403031
          ],
          [
            5.949033,
            50.403112
          ],
          [
            5.949674,
            50.403566
          ],
          [
            5.949921,
            50.403716
          ],
          [
            5.950142,
            50.403817
          ],
          [
            5.950343,
            50.403907
          ],
          [
            5.950567,
            50.403968
          ],
          [
            5.950847,
            50.404029
          ],
          [
            5.951109,
            50.40406
          ],
          [
            5.951526,
            50.404085
          ],
          [
            5.952242,
            50.4041
          ],
          [
            5.952369,
            50.404106
          ],
          [
            5.952515,
            50.404109
          ],
          [
            5.952621,
            50.40411
          ],
          [
            5.954074,
            50.404116
          ],
          [
            5.954199,
            50.404383
          ],
          [
            5.954294,
            50.404675
          ],
          [
            5.954433,
            50.405061
          ],
          [
            5.95454,
            50.405217
          ],
          [
            5.955191,
            50.406033
          ],
          [
            5.955741,
            50.406754
          ],
          [
            5.956215,
            50.407433
          ],
          [
            5.956632,
            50.407996
          ],
          [
            5.956777,
            50.408096
          ],
          [
            5.956788,
            50.408262
          ],
          [
            5.956875,
            50.408506
          ],
          [
            5.956902,
            50.408611
          ],
          [
            5.956954,
            50.40877
          ],
          [
            5.957002,
            50.408959
          ],
          [
            5.957011,
            50.40914
          ],
          [
            5.956983,
            50.40936
          ],
          [
            5.95691,
            50.409703
          ],
          [
            5.956895,
            50.409834
          ],
          [
            5.956945,
            50.409961
          ],
          [
            5.957034,
            50.41004
          ],
          [
            5.957249,
            50.410164
          ],
          [
            5.957662,
            50.410409
          ],
          [
            5.958941,
            50.411051
          ],
          [
            5.959086,
            50.411153
          ],
          [
            5.959215,
            50.411253
          ],
          [
            5.959334,
            50.411381
          ],
          [
            5.960879,
            50.413433
          ],
          [
            5.961744,
            50.414585
          ],
          [
            5.963151,
            50.416537
          ],
          [
            5.963897,
            50.417429
          ],
          [
            5.964406,
            50.417923
          ],
          [
            5.964732,
            50.418211
          ],
          [
            5.964999,
            50.418485
          ],
          [
            5.965154,
            50.418579
          ],
          [
            5.965452,
            50.418536
          ],
          [
            5.965594,
            50.418512
          ],
          [
            5.965692,
            50.41849
          ],
          [
            5.965953,
            50.418533
          ],
          [
            5.966261,
            50.418552
          ],
          [
            5.9664,
            50.418578
          ],
          [
            5.966507,
            50.418633
          ],
          [
            5.96656,
            50.418718
          ],
          [
            5.966556,
            50.418795
          ],
          [
            5.966519,
            50.418883
          ],
          [
            5.966322,
            50.419409
          ],
          [
            5.966193,
            50.419732
          ],
          [
            5.966146,
            50.419986
          ],
          [
            5.966099,
            50.420394
          ],
          [
            5.966112,
            50.420561
          ],
          [
            5.966208,
            50.420749
          ],
          [
            5.966449,
            50.421138
          ],
          [
            5.966468,
            50.421213
          ],
          [
            5.966455,
            50.421322
          ],
          [
            5.966311,
            50.421537
          ],
          [
            5.966241,
            50.421676
          ],
          [
            5.966205,
            50.421768
          ],
          [
            5.966171,
            50.421928
          ],
          [
            5.966098,
            50.422116
          ],
          [
            5.965847,
            50.42253
          ],
          [
            5.966066,
            50.422619
          ],
          [
            5.966269,
            50.422682
          ],
          [
            5.966539,
            50.422751
          ],
          [
            5.96673,
            50.422857
          ],
          [
            5.966783,
            50.422967
          ],
          [
            5.966956,
            50.423441
          ],
          [
            5.967066,
            50.423723
          ],
          [
            5.967135,
            50.423868
          ],
          [
            5.967226,
            50.423956
          ],
          [
            5.967324,
            50.424021
          ],
          [
            5.967469,
            50.424093
          ],
          [
            5.967626,
            50.424176
          ],
          [
            5.967835,
            50.424277
          ],
          [
            5.96798,
            50.424343
          ],
          [
            5.968094,
            50.424402
          ],
          [
            5.968208,
            50.424493
          ],
          [
            5.968595,
            50.424854
          ],
          [
            5.9694,
            50.425622
          ],
          [
            5.969602,
            50.42583
          ],
          [
            5.969715,
            50.425906
          ],
          [
            5.969941,
            50.426043
          ],
          [
            5.970392,
            50.426275
          ],
          [
            5.970777,
            50.426465
          ],
          [
            5.971136,
            50.426626
          ],
          [
            5.971352,
            50.426712
          ],
          [
            5.971601,
            50.426805
          ],
          [
            5.971778,
            50.426867
          ],
          [
            5.972098,
            50.42697
          ],
          [
            5.972168,
            50.426993
          ],
          [
            5.973097,
            50.427298
          ],
          [
            5.973499,
            50.427442
          ],
          [
            5.973774,
            50.427542
          ],
          [
            5.974038,
            50.427633
          ],
          [
            5.974405,
            50.427756
          ],
          [
            5.974451,
            50.427771
          ],
          [
            5.974828,
            50.427891
          ],
          [
            5.975085,
            50.427968
          ],
          [
            5.976152,
            50.428299
          ],
          [
            5.976477,
            50.4284
          ],
          [
            5.976652,
            50.428461
          ],
          [
            5.976746,
            50.428504
          ],
          [
            5.976878,
            50.428572
          ],
          [
            5.977096,
            50.428696
          ],
          [
            5.977259,
            50.42881
          ],
          [
            5.977406,
            50.428907
          ],
          [
            5.977601,
            50.429024
          ],
          [
            5.977541,
            50.429127
          ],
          [
            5.977516,
            50.429186
          ],
          [
            5.97749,
            50.429259
          ],
          [
            5.977466,
            50.42935
          ]
        ]
      },
      "properties": {
        "id": "spa-route-coo-half-day",
        "name": "Ставло и водопад Коо",
        "distanceM": 26647,
        "routeType": "tourist_half_day",
        "travelMode": "car",
        "featureType": "route",
        "reviewStatus": "candidate",
        "durationMinutes": 36
      }
    }
  ]
}
